n,sample_idx,D_m,R_star_m,q,off_m,covered,n_vertices,status
2,0,127.569287,63.784643,1.000000,0.000000,1,4,ok
2,1,118.292235,59.146118,1.000000,0.000000,1,4,ok
2,2,17.479312,8.739656,1.000000,0.000000,1,3,ok
2,3,47.670341,23.835170,1.000000,0.000000,1,4,ok
2,4,1006.507799,503.264813,1.000022,0.235391,0,6,ok
2,5,43.171257,21.585628,1.000000,0.000000,1,4,ok
2,6,135.919397,67.959699,1.000000,0.000000,1,4,ok
2,7,102.982727,51.491363,1.000000,0.000000,1,3,ok
2,8,30.887716,15.443858,1.000000,0.000000,1,4,ok
2,9,426.346374,213.173187,1.000000,-0.000000,1,4,ok
2,10,88.675101,44.337550,1.000000,0.000000,1,4,ok
2,11,356.646854,178.323427,1.000000,0.000000,1,4,ok
2,12,38.651535,19.325768,1.000000,0.000000,1,4,ok
2,13,15.421047,7.710523,1.000000,0.000000,1,4,ok
2,14,67.400720,33.700360,1.000000,0.000000,1,4,ok
2,15,60.038775,30.019387,1.000000,0.000000,1,4,ok
2,16,296.847430,148.423715,1.000000,0.000000,1,5,ok
2,17,55.122689,27.561345,1.000000,0.000000,1,4,ok
2,18,242.088629,121.045883,1.000013,0.092410,0,4,ok
2,19,64.797116,32.398558,1.000000,0.000000,1,4,ok
2,20,42.726429,21.363214,1.000000,0.000000,1,4,ok
2,21,77.117874,38.558937,1.000000,0.000000,1,5,ok
2,22,216.287459,108.143729,1.000000,0.000000,1,4,ok
2,23,31.058070,15.529035,1.000000,0.000000,1,4,ok
2,24,45.671928,22.835964,1.000000,0.000000,1,4,ok
2,25,337.668266,168.834133,1.000000,0.000000,1,4,ok
2,26,73.741748,36.870874,1.000000,0.000000,1,4,ok
2,27,75.059967,37.529983,1.000000,0.000000,1,4,ok
2,28,67.124581,33.562290,1.000000,0.000000,1,4,ok
2,29,76.182278,38.091139,1.000000,0.000000,1,4,ok
2,30,37.339148,18.669574,1.000000,0.000000,1,4,ok
2,31,82.180130,41.090065,1.000000,0.000000,1,6,ok
2,32,66.311779,33.155889,1.000000,0.000000,1,5,ok
2,33,91.657051,45.828526,1.000000,0.000000,1,4,ok
2,34,450.729707,225.364853,1.000000,0.000000,1,4,ok
2,35,41.540900,20.770450,1.000000,0.000000,1,4,ok
2,36,269.691114,134.845557,1.000000,0.000000,1,4,ok
2,37,59.736755,29.868378,1.000000,0.000000,1,4,ok
2,38,116.685375,58.342687,1.000000,0.000000,1,4,ok
2,39,58.913017,29.456509,1.000000,0.000000,1,4,ok
2,40,35.357235,17.678618,1.000000,0.000000,1,3,ok
2,41,30.171439,15.085720,1.000000,0.000000,1,4,ok
2,42,26.607299,13.303649,1.000000,0.000000,1,4,ok
2,43,59.532650,29.766325,1.000000,0.000000,1,4,ok
2,44,53.260837,26.630418,1.000000,0.000000,1,4,ok
2,45,205.478327,102.739163,1.000000,0.000000,1,4,ok
2,46,132.609892,66.304946,1.000000,-0.000000,1,4,ok
2,47,97.768198,48.884099,1.000000,0.000000,1,4,ok
2,48,87.809001,43.904501,1.000000,0.000000,1,4,ok
2,49,61.627752,30.813876,1.000000,0.000000,1,4,ok
2,50,86.900256,43.450128,1.000000,0.000000,1,4,ok
2,51,293.474636,146.737318,1.000000,0.000000,1,4,ok
2,52,25.946588,12.973294,1.000000,0.000000,1,3,ok
2,53,565.663341,282.831671,1.000000,0.000000,1,4,ok
2,54,98.175449,49.089062,1.000027,0.203924,0,3,ok
2,55,50.411653,25.205827,1.000000,0.000000,1,4,ok
2,56,47.495902,23.747951,1.000000,-0.000000,1,4,ok
2,57,118.938142,59.469071,1.000000,0.000000,1,4,ok
2,58,20.313713,10.156856,1.000000,0.000000,1,4,ok
2,59,92.958614,46.479307,1.000000,0.000000,1,4,ok
2,60,24.334518,12.167259,1.000000,0.000000,1,4,ok
2,61,49.898951,24.949476,1.000000,0.000000,1,4,ok
2,62,999.455632,499.732236,1.000009,0.073563,0,5,ok
2,63,96.036605,48.018303,1.000000,-0.000000,1,5,ok
2,64,596.446388,298.223194,1.000000,0.000000,1,4,ok
2,65,50.242570,25.121285,1.000000,0.000000,1,4,ok
2,66,178.690653,89.345326,1.000000,0.000000,1,4,ok
2,67,47.268124,23.634062,1.000000,0.000000,1,4,ok
2,68,45.559177,22.779588,1.000000,0.000000,1,4,ok
2,69,77.029493,38.517620,1.000075,0.390826,0,4,ok
2,70,27.549421,13.774711,1.000000,0.000000,1,4,ok
2,71,148.436725,74.218363,1.000000,0.000000,1,4,ok
2,72,51.626556,25.813278,1.000000,0.000000,1,4,ok
2,73,15.143732,7.571866,1.000000,0.000000,1,4,ok
2,74,188.411206,94.205603,1.000000,0.000000,1,4,ok
2,75,66.061329,33.030664,1.000000,0.000000,1,4,ok
2,76,69.748588,34.874294,1.000000,0.000000,1,4,ok
2,77,144.168609,72.084304,1.000000,-0.000000,1,4,ok
2,78,64.806007,32.403003,1.000000,0.000000,1,4,ok
2,79,537.394048,268.697024,1.000000,0.000000,1,4,ok
2,80,43.263630,21.631815,1.000000,0.000000,1,4,ok
2,81,51.738888,25.869444,1.000000,0.000000,1,4,ok
2,82,60.959789,30.479895,1.000000,-0.000000,1,4,ok
2,83,28.403540,14.201770,1.000000,0.000000,1,4,ok
2,84,252.363887,126.181944,1.000000,0.000000,1,4,ok
2,85,148.473647,74.236824,1.000000,0.000000,1,4,ok
2,86,91.559000,45.779500,1.000000,0.000000,1,4,ok
2,87,38.987774,19.493887,1.000000,0.000000,1,4,ok
2,88,74.643098,37.321549,1.000000,0.000000,1,4,ok
2,89,136.293911,68.146955,1.000000,0.000000,1,5,ok
2,90,173.836084,86.918042,1.000000,0.000000,1,4,ok
2,91,10.901154,5.450577,1.000000,0.000000,1,4,ok
2,92,91.160528,45.580264,1.000000,0.000000,1,4,ok
2,93,50.147423,25.073712,1.000000,0.000000,1,4,ok
2,94,57.027195,28.513597,1.000000,0.000000,1,4,ok
2,95,58.616590,29.308295,1.000000,0.000000,1,4,ok
2,96,43.322084,21.661042,1.000000,0.000000,1,4,ok
2,97,96.028815,48.014408,1.000000,0.000000,1,4,ok
2,98,20.942138,10.471069,1.000000,0.000000,1,4,ok
2,99,277.296477,138.648238,1.000000,0.000000,1,4,ok
2,100,196.562028,98.281014,1.000000,0.000000,1,4,ok
2,101,50.527156,25.263578,1.000000,0.000000,1,4,ok
2,102,24.738317,12.369159,1.000000,0.000000,1,4,ok
2,103,258.705842,129.352921,1.000000,-0.000000,1,4,ok
2,104,668.397737,334.198869,1.000000,0.000000,1,5,ok
2,105,140.530872,70.265436,1.000000,0.000000,1,4,ok
2,106,11.263942,5.631971,1.000000,0.000000,1,4,ok
2,107,43.001520,21.500760,1.000000,0.000000,1,4,ok
2,108,61.197004,30.598502,1.000000,0.000000,1,4,ok
2,109,55.147726,27.573863,1.000000,0.000000,1,4,ok
2,110,23.461098,11.730549,1.000000,0.000000,1,4,ok
2,111,703.879365,351.939683,1.000000,0.000000,1,5,ok
2,112,393.724256,196.862128,1.000000,0.000000,1,4,ok
2,113,375.372482,187.686241,1.000000,0.000000,1,4,ok
2,114,34.257454,17.128727,1.000000,0.000000,1,5,ok
2,115,101.957122,50.978561,1.000000,0.000000,1,4,ok
2,116,25.483200,12.741600,1.000000,0.000000,1,4,ok
2,117,32.095673,16.047837,1.000000,0.000000,1,4,ok
2,118,388.094875,194.047438,1.000000,0.000000,1,6,ok
2,119,235.951010,117.975505,1.000000,0.000000,1,5,ok
2,120,142.904440,71.452220,1.000000,0.000000,1,4,ok
2,121,174.530462,87.265231,1.000000,0.000000,1,4,ok
2,122,16.889303,8.444651,1.000000,0.000000,1,4,ok
2,123,13.219197,6.609598,1.000000,0.000000,1,4,ok
2,124,166.601890,83.300945,1.000000,0.000000,1,4,ok
2,125,46.887278,23.443639,1.000000,0.000000,1,4,ok
2,126,52.371894,26.188342,1.000091,0.316835,0,4,ok
2,127,32.536028,16.268014,1.000000,0.000000,1,4,ok
2,128,54.148100,27.074050,1.000000,0.000000,1,4,ok
2,129,134.379341,67.189670,1.000000,0.000000,1,4,ok
2,130,41.079307,20.539654,1.000000,0.000000,1,4,ok
2,131,80.716524,40.358262,1.000000,0.000000,1,4,ok
2,132,146.907918,73.453959,1.000000,0.000000,1,4,ok
2,133,631.565953,315.782977,1.000000,0.000000,1,3,ok
2,134,65.366884,32.683442,1.000000,0.000000,1,4,ok
2,135,30.950896,15.475448,1.000000,0.000000,1,4,ok
2,136,17.542812,8.771406,1.000000,0.000000,1,4,ok
2,137,129.486941,64.743470,1.000000,0.000000,1,4,ok
2,138,41.724849,20.862424,1.000000,0.000000,1,4,ok
2,139,325.886470,162.943235,1.000000,0.000000,1,4,ok
2,140,51.348999,25.674499,1.000000,0.000000,1,4,ok
2,141,28.062036,14.031018,1.000000,0.000000,1,4,ok
2,142,199.201955,99.600978,1.000000,0.000000,1,4,ok
2,143,248.189729,124.094864,1.000000,0.000000,1,5,ok
2,144,170.370226,85.185113,1.000000,0.000000,1,5,ok
2,145,50.570723,25.285362,1.000000,0.000000,1,4,ok
2,146,186.502050,93.251025,1.000000,0.000000,1,6,ok
2,147,68.510606,34.255303,1.000000,0.000000,1,4,ok
2,148,5.731142,2.865571,1.000000,0.000000,1,4,ok
2,149,61.943675,30.971838,1.000000,0.000000,1,4,ok
2,150,16.516860,8.258430,1.000000,0.000000,1,3,ok
2,151,46.974626,23.487313,1.000000,0.000000,1,4,ok
2,152,257.209022,128.604511,1.000000,0.000000,1,4,ok
2,153,140.921189,70.460595,1.000000,0.000000,1,4,ok
2,154,59.897944,30.286291,1.011263,4.830180,0,6,ok
2,155,130.223715,65.111858,1.000000,0.000000,1,4,ok
2,156,70.242394,35.121197,1.000000,0.000000,1,4,ok
2,157,51.238503,25.619251,1.000000,0.000000,1,4,ok
2,158,161.493122,80.746561,1.000000,0.000000,1,4,ok
2,159,46.317756,23.158878,1.000000,0.000000,1,4,ok
2,160,56.612659,28.306330,1.000000,0.000000,1,4,ok
2,161,38.809522,19.404761,1.000000,0.000000,1,4,ok
2,162,184.511218,92.255609,1.000000,0.000000,1,4,ok
2,163,132.341509,66.170754,1.000000,0.000000,1,4,ok
2,164,105.144874,52.572437,1.000000,0.000000,1,4,ok
2,165,115.551608,57.775804,1.000000,0.000000,1,4,ok
2,166,25.462181,12.731090,1.000000,0.000000,1,4,ok
2,167,45.902702,22.951351,1.000000,0.000000,1,4,ok
2,168,78.411121,39.209255,1.000094,0.500684,0,4,ok
2,169,109.068146,54.534073,1.000000,0.000000,1,5,ok
2,170,45.040932,22.520466,1.000000,0.000000,1,4,ok
2,171,32.296405,16.148202,1.000000,0.000000,1,4,ok
2,172,72.899769,36.449884,1.000000,0.000000,1,4,ok
2,173,65.170283,32.585142,1.000000,0.000000,1,4,ok
2,174,99.759622,49.879811,1.000000,0.000000,1,4,ok
2,175,17.864925,8.932463,1.000000,0.000000,1,4,ok
2,176,93.063875,46.531938,1.000000,0.000000,1,4,ok
2,177,674.843831,337.421915,1.000000,0.000000,1,5,ok
2,178,173.588217,86.794109,1.000000,0.000000,1,4,ok
2,179,377.181534,188.590767,1.000000,0.000000,1,4,ok
2,180,38.531923,19.265962,1.000000,0.000000,1,4,ok
2,181,36.193145,18.096573,1.000000,0.000000,1,4,ok
2,182,73.462255,36.731128,1.000000,0.000000,1,4,ok
2,183,76.144907,38.072454,1.000000,0.000000,1,5,ok
2,184,21.151431,10.575716,1.000000,0.000000,1,4,ok
2,185,201.069036,100.534518,1.000000,-0.000000,1,4,ok
2,186,3.409247,1.725241,1.012095,0.277390,0,3,ok
2,187,11.736988,5.868494,1.000000,0.000000,1,4,ok
2,188,371.722160,185.861080,1.000000,-0.000000,1,4,ok
2,189,38.134835,19.067417,1.000000,0.000000,1,4,ok
2,190,34.117740,17.058870,1.000000,0.000000,1,4,ok
2,191,67.665738,33.832869,1.000000,0.000000,1,4,ok
2,192,65.020847,32.510423,1.000000,0.000000,1,4,ok
2,193,66.866323,33.433162,1.000000,0.000000,1,4,ok
2,194,156.754490,78.377245,1.000000,-0.000000,1,4,ok
2,195,199.270733,99.635367,1.000000,0.000000,1,3,ok
2,196,174.085429,87.042715,1.000000,0.000000,1,5,ok
2,197,78.293918,39.146959,1.000000,0.000000,1,4,ok
2,198,38.913436,19.456718,1.000000,0.000000,1,4,ok
2,199,38.747784,19.373892,1.000000,0.000000,1,4,ok
2,200,94.136087,47.068044,1.000000,0.000000,1,4,ok
2,201,31.955189,15.977594,1.000000,-0.000000,1,4,ok
2,202,30.274066,15.137033,1.000000,0.000000,1,4,ok
2,203,1.818917,0.909459,1.000000,0.000000,1,4,ok
2,204,43.044516,21.522258,1.000000,0.000000,1,3,ok
2,205,15.009718,7.504859,1.000000,0.000000,1,4,ok
2,206,137.626522,68.813261,1.000000,0.000000,1,4,ok
2,207,43.317023,21.658512,1.000000,0.000000,1,4,ok
2,208,13.670262,6.835131,1.000000,-0.000000,1,4,ok
2,209,37.050824,18.525412,1.000000,0.000000,1,4,ok
2,210,6.104767,3.052384,1.000000,0.000000,1,4,ok
2,211,365.073904,182.536952,1.000000,0.000000,1,6,ok
2,212,1448.188570,724.094285,1.000000,0.000000,1,4,ok
2,213,75.311503,37.655752,1.000000,0.000000,1,4,ok
2,214,9.264120,4.632060,1.000000,0.000000,1,4,ok
2,215,428.453823,214.226911,1.000000,0.000000,1,4,ok
2,216,61.809245,30.904622,1.000000,0.000000,1,4,ok
2,217,234.477426,117.238713,1.000000,0.000000,1,4,ok
2,218,53.753879,26.876939,1.000000,0.000000,1,4,ok
2,219,35.865831,17.932916,1.000000,0.000000,1,4,ok
2,220,52.861392,26.430696,1.000000,0.000000,1,4,ok
2,221,31.060938,15.530469,1.000000,0.000000,1,4,ok
2,222,55.159680,27.579840,1.000000,0.000000,1,4,ok
2,223,107.458328,53.729164,1.000000,0.000000,1,4,ok
2,224,71.995073,35.997536,1.000000,0.000000,1,4,ok
2,225,51.409814,25.704907,1.000000,0.000000,1,4,ok
2,226,66.138802,33.069401,1.000000,0.000000,1,4,ok
2,227,25.579737,12.789868,1.000000,0.000000,1,4,ok
2,228,50.762572,25.381286,1.000000,0.000000,1,3,ok
2,229,57.586668,28.793334,1.000000,0.000000,1,4,ok
2,230,522.140992,261.070496,1.000000,-0.000000,1,3,ok
2,231,32.193176,16.096588,1.000000,0.000000,1,4,ok
2,232,1110.006084,555.003042,1.000000,0.000000,1,4,ok
2,233,15.246556,7.623278,1.000000,0.000000,1,4,ok
2,234,38.084017,19.042009,1.000000,0.000000,1,5,ok
2,235,58.944537,29.472269,1.000000,0.000000,1,4,ok
2,236,64.806556,32.403278,1.000000,0.000000,1,4,ok
2,237,68.308849,34.154425,1.000000,0.000000,1,4,ok
2,238,17.086543,8.543271,1.000000,0.000000,1,4,ok
2,239,59.843890,29.921945,1.000000,0.000000,1,4,ok
2,240,76.518824,38.259412,1.000000,0.000000,1,4,ok
2,241,9.677716,4.838858,1.000000,0.000000,1,4,ok
2,242,12.494684,6.247342,1.000000,0.000000,1,4,ok
2,243,21.633527,10.816764,1.000000,0.000000,1,4,ok
2,244,25.063593,12.531796,1.000000,0.000000,1,4,ok
2,245,327.907776,163.953888,1.000000,0.000000,1,5,ok
2,246,116.788014,58.394007,1.000000,0.000000,1,4,ok
2,247,152.956724,76.478362,1.000000,0.000000,1,4,ok
2,248,195.970165,97.985082,1.000000,0.000000,1,4,ok
2,249,39.723482,19.861741,1.000000,0.000000,1,4,ok
2,250,85.023984,42.511992,1.000000,0.000000,1,4,ok
2,251,58.675662,29.337831,1.000000,0.000000,1,4,ok
2,252,54.170201,27.085101,1.000000,0.000000,1,4,ok
2,253,123.718964,61.859482,1.000000,0.000000,1,4,ok
2,254,19.477196,9.738598,1.000000,0.000000,1,4,ok
2,255,120.457730,60.228865,1.000000,0.000000,1,4,ok
2,256,65.946016,32.973008,1.000000,0.000000,1,4,ok
2,257,80.286358,40.143179,1.000000,0.000000,1,4,ok
2,258,72.338972,36.169486,1.000000,0.000000,1,4,ok
2,259,457.992017,228.996009,1.000000,0.000000,1,5,ok
2,260,83.205354,41.602677,1.000000,0.000000,1,4,ok
2,261,93.346029,46.673015,1.000000,0.000000,1,4,ok
2,262,24.624385,12.312193,1.000000,0.000000,1,4,ok
2,263,257.924055,128.962027,1.000000,0.000000,1,4,ok
2,264,1206.789120,603.394560,1.000000,0.000000,1,4,ok
2,265,45.972643,22.986321,1.000000,0.000000,1,4,ok
2,266,31.156592,15.578296,1.000000,0.000000,1,4,ok
2,267,47.039670,23.519835,1.000000,0.000000,1,4,ok
2,268,676.183961,338.091980,1.000000,0.000000,1,5,ok
2,269,47.526669,23.763334,1.000000,0.000000,1,4,ok
2,270,151.783350,75.891675,1.000000,0.000000,1,4,ok
2,271,48.235348,24.117674,1.000000,0.000000,1,4,ok
2,272,50.874556,25.437278,1.000000,0.000000,1,4,ok
2,273,9.001974,4.500987,1.000000,0.000000,1,4,ok
2,274,122.385499,61.192750,1.000000,0.000000,1,4,ok
2,275,74.465824,37.232912,1.000000,0.000000,1,4,ok
2,276,76.475906,38.237953,1.000000,0.000000,1,4,ok
2,277,39.590471,19.795236,1.000000,0.000000,1,4,ok
2,278,396.281176,198.140588,1.000000,0.000000,1,3,ok
2,279,287.858891,143.929446,1.000000,0.000000,1,4,ok
2,280,834.243498,417.121749,1.000000,0.000000,1,4,ok
2,281,37.113434,18.556717,1.000000,0.000000,1,4,ok
2,282,79.731384,39.865692,1.000000,0.000000,1,4,ok
2,283,71.652115,35.826057,1.000000,0.000000,1,4,ok
2,284,96.787627,48.393814,1.000000,0.000000,1,4,ok
2,285,4.837189,2.418595,1.000000,0.000000,1,4,ok
2,286,109.742165,54.871083,1.000000,0.000000,1,4,ok
2,287,31.239706,15.619853,1.000000,0.000000,1,4,ok
2,288,66.763287,33.381643,1.000000,0.000000,1,4,ok
2,289,17.759867,8.879933,1.000000,0.000000,1,4,ok
2,290,255.031210,127.515605,1.000000,0.000000,1,4,ok
2,291,72.321525,36.160762,1.000000,0.000000,1,4,ok
2,292,36.539194,18.269597,1.000000,0.000000,1,4,ok
2,293,27.203803,13.601901,1.000000,0.000000,1,3,ok
2,294,182.755302,91.377651,1.000000,0.000000,1,4,ok
2,295,56.050338,28.025169,1.000000,0.000000,1,4,ok
2,296,39.714759,19.857380,1.000000,0.000000,1,4,ok
2,297,109.535969,54.767984,1.000000,0.000000,1,5,ok
2,298,41.824969,20.912485,1.000000,0.000000,1,4,ok
2,299,38.933838,19.466919,1.000000,0.000000,1,4,ok
2,300,56.350606,28.175303,1.000000,0.000000,1,4,ok
2,301,44.606459,22.303229,1.000000,0.000000,1,4,ok
2,302,227.566188,113.783399,1.000003,0.042594,0,4,ok
2,303,39.309496,19.654748,1.000000,0.000000,1,4,ok
2,304,44.368921,22.184461,1.000000,0.000000,1,4,ok
2,305,139.435577,69.717788,1.000000,0.000000,1,4,ok
2,306,85.047931,42.523965,1.000000,0.000000,1,4,ok
2,307,81.139015,40.569508,1.000000,0.000000,1,4,ok
2,308,22.803844,11.401922,1.000000,0.000000,1,4,ok
2,309,446.121560,223.060780,1.000000,-0.000000,1,5,ok
2,310,445.658731,222.829365,1.000000,-0.000000,1,5,ok
2,311,80.229552,40.114776,1.000000,0.000000,1,4,ok
2,312,145.540456,72.770228,1.000000,0.000000,1,4,ok
2,313,47.761545,23.880772,1.000000,0.000000,1,4,ok
2,314,116.094023,58.047011,1.000000,0.000000,1,4,ok
2,315,226.324462,113.162231,1.000000,0.000000,1,4,ok
2,316,10.645462,5.322731,1.000000,0.000000,1,4,ok
2,317,260.721653,130.364636,1.000029,0.153196,0,5,ok
2,318,25.951898,12.975949,1.000000,0.000000,1,4,ok
2,319,79.122590,39.561295,1.000000,0.000000,1,4,ok
2,320,89.316738,44.658369,1.000000,0.000000,1,4,ok
2,321,42.130702,21.065351,1.000000,0.000000,1,4,ok
2,322,82.676211,41.338106,1.000000,0.000000,1,6,ok
2,323,57.388672,28.694336,1.000000,0.000000,1,4,ok
2,324,21.662693,10.831347,1.000000,0.000000,1,4,ok
2,325,82.042740,41.021370,1.000000,0.000000,1,4,ok
2,326,21.993562,10.996781,1.000000,0.000000,1,4,ok
2,327,32.830117,16.415058,1.000000,0.000000,1,3,ok
2,328,202.725534,101.362767,1.000000,0.000000,1,3,ok
2,329,88.289110,44.144555,1.000000,0.000000,1,4,ok
2,330,96.465575,48.232788,1.000000,0.000000,1,4,ok
2,331,50.346744,25.173372,1.000000,0.000000,1,4,ok
2,332,47.679995,23.839998,1.000000,0.000000,1,4,ok
2,333,87.893124,43.946562,1.000000,0.000000,1,4,ok
2,334,5.805953,2.902976,1.000000,0.000000,1,4,ok
2,335,46.036059,23.018029,1.000000,0.000000,1,4,ok
2,336,189.766814,94.883407,1.000000,0.000000,1,4,ok
2,337,49.937867,24.968933,1.000000,0.000000,1,4,ok
2,338,27.196085,13.598043,1.000000,0.000000,1,4,ok
2,339,101.789577,50.894788,1.000000,0.000000,1,3,ok
2,340,117.253020,58.626510,1.000000,0.000000,1,4,ok
2,341,41.908167,20.954084,1.000000,0.000000,1,3,ok
2,342,52.229004,26.114502,1.000000,0.000000,1,4,ok
2,343,70.547542,35.273771,1.000000,0.000000,1,4,ok
2,344,58.602333,29.301167,1.000000,0.000000,1,4,ok
2,345,57.139533,28.569766,1.000000,-0.000000,1,4,ok
2,346,180.216890,90.108445,1.000000,0.000000,1,6,ok
2,347,266.304369,133.152185,1.000000,0.000000,1,4,ok
2,348,50.809172,25.404586,1.000000,-0.000000,1,4,ok
2,349,93.001864,46.500932,1.000000,0.000000,1,4,ok
2,350,32.010015,16.005008,1.000000,0.000000,1,3,ok
2,351,22.040571,11.020285,1.000000,0.000000,1,4,ok
2,352,40.434409,20.217205,1.000000,0.000000,1,4,ok
2,353,54.452978,27.226489,1.000000,0.000000,1,4,ok
2,354,67.804308,33.902154,1.000000,0.000000,1,4,ok
2,355,56.836885,28.418443,1.000000,0.000000,1,4,ok
2,356,34.182556,17.351486,1.015225,2.034039,0,4,ok
2,357,105.649784,52.824892,1.000000,0.000000,1,4,ok
2,358,61.369440,30.684720,1.000000,0.000000,1,4,ok
2,359,212.305739,106.152869,1.000000,0.000000,1,4,ok
2,360,99.163749,49.581875,1.000000,0.000000,1,4,ok
2,361,88.672039,44.336020,1.000000,-0.000000,1,4,ok
2,362,35.446459,17.723230,1.000000,0.000000,1,4,ok
2,363,30.284476,15.142238,1.000000,0.000000,1,4,ok
2,364,28.933550,14.466775,1.000000,0.000000,1,4,ok
2,365,1315.093428,657.546714,1.000000,0.000000,1,3,ok
2,366,50.441000,25.220500,1.000000,0.000000,1,4,ok
2,367,59.971107,29.985554,1.000000,0.000000,1,4,ok
2,368,109.131234,54.565617,1.000000,0.000000,1,4,ok
2,369,28.775004,14.387502,1.000000,0.000000,1,4,ok
2,370,60.043953,30.021977,1.000000,0.000000,1,4,ok
2,371,443.086465,221.543232,1.000000,0.000000,1,5,ok
2,372,71.200862,35.600431,1.000000,0.000000,1,4,ok
2,373,66.009447,33.004723,1.000000,0.000000,1,4,ok
2,374,72.282686,36.141343,1.000000,0.000000,1,4,ok
2,375,35.625202,17.812601,1.000000,0.000000,1,4,ok
2,376,181.114773,90.557386,1.000000,0.000000,1,4,ok
2,377,167.654150,83.827075,1.000000,0.000000,1,4,ok
2,378,100.401626,50.200813,1.000000,0.000000,1,4,ok
2,379,89.472920,44.736460,1.000000,0.000000,1,4,ok
2,380,64.272276,32.136138,1.000000,0.000000,1,4,ok
2,381,16.621720,8.310860,1.000000,0.000000,1,4,ok
2,382,29.634991,14.817496,1.000000,0.000000,1,4,ok
2,383,21.065919,10.532960,1.000000,0.000000,1,4,ok
2,384,195.999825,97.999912,1.000000,0.000000,1,4,ok
2,385,77.900350,38.950175,1.000000,0.000000,1,4,ok
2,386,61.037076,30.518538,1.000000,0.000000,1,4,ok
2,387,65.656269,32.828135,1.000000,0.000000,1,4,ok
2,388,108.453886,54.226943,1.000000,0.000000,1,4,ok
2,389,70.289007,35.144504,1.000000,0.000000,1,4,ok
2,390,82.818891,41.409445,1.000000,0.000000,1,4,ok
2,391,43.196236,21.598137,1.000001,0.017701,0,4,ok
2,392,553.428635,276.714317,1.000000,0.000000,1,4,ok
2,393,95.737561,47.868781,1.000000,0.000000,1,4,ok
2,394,37.584239,18.792119,1.000000,-0.000000,1,4,ok
2,395,6.778899,3.389450,1.000000,0.000000,1,4,ok
2,396,49.520666,24.760333,1.000000,0.000000,1,4,ok
2,397,40.219887,20.109943,1.000000,0.000000,1,4,ok
2,398,154.478406,77.239203,1.000000,0.000000,1,4,ok
2,399,164.023104,82.011552,1.000000,0.000000,1,5,ok
2,400,38.061337,19.030668,1.000000,0.000000,1,4,ok
2,401,37.095795,18.547897,1.000000,0.000000,1,4,ok
2,402,14.679011,7.339505,1.000000,0.000000,1,3,ok
2,403,35.583424,17.791712,1.000000,0.000000,1,4,ok
2,404,38.845015,19.422508,1.000000,0.000000,1,3,ok
2,405,29.560014,14.780007,1.000000,0.000000,1,4,ok
2,406,77.349860,38.674930,1.000000,0.000000,1,4,ok
2,407,97.367889,48.683945,1.000000,0.000000,1,3,ok
2,408,60.788930,30.394465,1.000000,0.000000,1,3,ok
2,409,291.502900,145.751450,1.000000,0.000000,1,4,ok
2,410,32.084347,16.042174,1.000000,0.000000,1,4,ok
2,411,148.936254,74.468127,1.000000,0.000000,1,4,ok
2,412,806.597202,403.298601,1.000000,-0.000000,1,3,ok
2,413,1261.079237,630.539618,1.000000,0.000000,1,4,ok
2,414,143.836969,71.918484,1.000000,0.000000,1,4,ok
2,415,57.223815,28.611908,1.000000,0.000000,1,4,ok
2,416,168.766674,84.383337,1.000000,0.000000,1,4,ok
2,417,41.674428,20.837214,1.000000,0.000000,1,3,ok
2,418,57.752464,28.876232,1.000000,0.000000,1,4,ok
2,419,159.248614,79.624307,1.000000,0.000000,1,4,ok
2,420,37.403805,18.701902,1.000000,-0.000000,1,4,ok
2,421,36.594928,18.297464,1.000000,-0.000000,1,4,ok
2,422,58.486243,29.243122,1.000000,0.000000,1,4,ok
2,423,120.072154,60.036077,1.000000,0.000000,1,4,ok
2,424,122.667221,61.333611,1.000000,0.000000,1,4,ok
2,425,55.496880,27.748440,1.000000,-0.000000,1,4,ok
2,426,50.000632,25.000316,1.000000,0.000000,1,4,ok
2,427,45.164466,22.582233,1.000000,0.000000,1,4,ok
2,428,180.901674,90.450837,1.000000,0.000000,1,4,ok
2,429,109.029661,54.514831,1.000000,0.000000,1,4,ok
2,430,29.333928,14.883277,1.014748,2.360234,0,3,ok
2,431,87.825929,43.912964,1.000000,0.000000,1,4,ok
2,432,31.100274,15.550137,1.000000,0.000000,1,3,ok
2,433,93.398023,46.699012,1.000000,0.000000,1,4,ok
2,434,40.464608,20.232304,1.000000,0.000000,1,4,ok
2,435,130.638917,65.319458,1.000000,0.000000,1,4,ok
2,436,24.131115,12.065557,1.000000,0.000000,1,4,ok
2,437,59.883601,29.941801,1.000000,-0.000000,1,4,ok
2,438,30.244613,15.122306,1.000000,0.000000,1,4,ok
2,439,46.480231,23.240115,1.000000,0.000000,1,4,ok
2,440,124.571906,62.285953,1.000000,0.000000,1,4,ok
2,441,44.120117,22.060059,1.000000,0.000000,1,4,ok
2,442,340.434921,170.217461,1.000000,0.000000,1,4,ok
2,443,392.299391,196.149696,1.000000,0.000000,1,4,ok
2,444,62.094863,31.047432,1.000000,0.000000,1,4,ok
2,445,55.540300,27.770150,1.000000,0.000000,1,4,ok
2,446,19.901135,9.950568,1.000000,0.000000,1,3,ok
2,447,254.092740,127.046370,1.000000,0.000000,1,4,ok
2,448,539.269809,269.634904,1.000000,0.000000,1,4,ok
2,449,60.648189,30.324094,1.000000,0.000000,1,4,ok
2,450,19.905133,9.952566,1.000000,0.000000,1,4,ok
2,451,25.612044,12.806022,1.000000,0.000000,1,4,ok
2,452,34.366574,17.183287,1.000000,0.000000,1,4,ok
2,453,43.287809,21.643904,1.000000,0.000000,1,4,ok
2,454,43.235305,21.617652,1.000000,0.000000,1,4,ok
2,455,118.455286,59.227643,1.000000,0.000000,1,4,ok
2,456,110.904124,55.452062,1.000000,0.000000,1,4,ok
2,457,35.320408,17.660204,1.000000,0.000000,1,4,ok
2,458,53.719140,26.859570,1.000000,0.000000,1,4,ok
2,459,139.688887,69.844443,1.000000,0.000000,1,3,ok
2,460,91.754075,45.877038,1.000000,0.000000,1,4,ok
2,461,23.667466,11.833733,1.000000,0.000000,1,4,ok
2,462,165.219837,82.609919,1.000000,0.000000,1,4,ok
2,463,8.344057,4.172028,1.000000,0.000000,1,4,ok
2,464,115.461268,57.730634,1.000000,0.000000,1,4,ok
2,465,17.110054,8.555027,1.000000,0.000000,1,4,ok
2,466,40.593896,20.296948,1.000000,0.000000,1,4,ok
2,467,363.640786,181.820393,1.000000,0.000000,1,4,ok
2,468,45.045278,22.522639,1.000000,0.000000,1,4,ok
2,469,82.623032,41.311516,1.000000,0.000000,1,4,ok
2,470,17.096495,8.548248,1.000000,0.000000,1,4,ok
2,471,97.945654,48.972827,1.000000,0.000000,1,4,ok
2,472,59.880205,29.940102,1.000000,0.000000,1,4,ok
2,473,56.869579,28.434789,1.000000,-0.000000,1,4,ok
2,474,65.365459,32.682729,1.000000,0.000000,1,4,ok
2,475,57.539246,28.769623,1.000000,0.000000,1,4,ok
2,476,57.759438,28.879719,1.000000,0.000000,1,4,ok
2,477,52.774443,26.387221,1.000000,0.000000,1,5,ok
2,478,166.603883,83.301942,1.000000,0.000000,1,5,ok
2,479,52.482031,26.241015,1.000000,0.000000,1,4,ok
2,480,50.870202,25.435101,1.000000,0.000000,1,4,ok
2,481,73.883538,36.941769,1.000000,0.000000,1,4,ok
2,482,32.242912,16.121456,1.000000,0.000000,1,4,ok
2,483,68.985791,34.492895,1.000000,0.000000,1,4,ok
2,484,153.636349,76.818175,1.000000,0.000000,1,6,ok
2,485,35.816062,17.908031,1.000000,0.000000,1,4,ok
2,486,120.702961,60.351480,1.000000,0.000000,1,4,ok
2,487,17.134782,8.567391,1.000000,0.000000,1,4,ok
2,488,25.297445,12.648723,1.000000,-0.000000,1,4,ok
2,489,55.814375,27.907187,1.000000,0.000000,1,4,ok
2,490,30.375126,15.187563,1.000000,0.000000,1,4,ok
2,491,9.295184,4.647592,1.000000,0.000000,1,4,ok
2,492,56.701277,28.350639,1.000000,0.000000,1,4,ok
2,493,6.847177,3.423588,1.000000,0.000000,1,4,ok
2,494,57.878286,28.939143,1.000000,0.000000,1,4,ok
2,495,49.149231,24.574616,1.000000,0.000000,1,4,ok
2,496,27.063503,13.531752,1.000000,0.000000,1,4,ok
2,497,130.910239,65.455120,1.000000,0.000000,1,4,ok
2,498,68.322880,34.161440,1.000000,0.000000,1,4,ok
2,499,38.604428,19.302214,1.000000,0.000000,1,4,ok
3,0,37.028857,18.516557,1.000115,0.043167,0,4,ok
3,1,24.610909,12.421525,1.009432,1.326686,0,5,ok
3,2,73.717659,36.858830,1.000000,0.000000,1,5,ok
3,3,23.433902,11.716951,1.000000,0.000000,1,4,ok
3,4,54.381324,27.221804,1.001145,0.951337,0,4,ok
3,5,59.344902,29.672451,1.000000,0.000000,1,5,ok
3,6,180.023334,90.011667,1.000000,0.000000,1,5,ok
3,7,126.681514,63.340757,1.000000,0.000000,1,4,ok
3,8,58.910578,29.455289,1.000000,0.000000,1,5,ok
3,9,3.134118,1.567059,1.000000,0.000000,1,5,ok
3,10,24.590538,12.295269,1.000000,0.000000,1,4,ok
3,11,5.663082,2.831541,1.000000,0.000000,1,4,ok
3,12,61.984876,30.992438,1.000000,0.000000,1,4,ok
3,13,16.911269,8.455635,1.000000,0.000000,1,3,ok
3,14,48.818984,24.409492,1.000000,0.000000,1,5,ok
3,15,45.009532,22.504766,1.000000,0.000000,1,4,ok
3,16,17.988358,8.994179,1.000000,0.000000,1,4,ok
3,17,61.717350,30.858675,1.000000,0.000000,1,4,ok
3,18,27.811005,13.905503,1.000000,0.000000,1,4,ok
3,19,27.410913,13.705456,1.000000,0.000000,1,4,ok
3,20,66.172811,33.086406,1.000000,0.000000,1,4,ok
3,21,19.511665,9.755832,1.000000,0.000000,1,4,ok
3,22,9.261426,4.630713,1.000000,0.000000,1,4,ok
3,23,31.426782,15.713391,1.000000,0.000000,1,4,ok
3,24,74.536265,37.268132,1.000000,0.000000,1,4,ok
3,25,24.107413,12.053706,1.000000,0.000000,1,4,ok
3,26,56.844111,28.449310,1.000959,1.083431,0,5,ok
3,27,23.450329,11.912226,1.015954,2.161618,0,4,ok
3,28,12.074620,6.037310,1.000000,0.000000,1,4,ok
3,29,26.643130,13.321565,1.000000,0.000000,1,4,ok
3,30,10.280316,5.140158,1.000000,0.000000,1,5,ok
3,31,35.308434,17.654217,1.000000,0.000000,1,4,ok
3,32,69.800769,34.900385,1.000000,0.000000,1,4,ok
3,33,75.124421,37.562210,1.000000,0.000000,1,5,ok
3,34,46.866066,23.433033,1.000000,0.000000,1,4,ok
3,35,4.984272,2.492315,1.000072,0.019197,0,3,ok
3,36,9.986746,4.993373,1.000000,0.000000,1,4,ok
3,37,15.245533,7.832806,1.027554,1.987508,0,4,ok
3,38,36.066640,18.033320,1.000000,0.000000,1,5,ok
3,39,48.752495,24.376248,1.000000,0.000000,1,4,ok
3,40,34.181516,17.090758,1.000000,0.000000,1,4,ok
3,41,40.921105,20.460552,1.000000,0.000000,1,5,ok
3,42,27.889095,13.944547,1.000000,0.000000,1,4,ok
3,43,37.097694,18.548847,1.000000,0.000000,1,4,ok
3,44,22.306141,11.153071,1.000000,0.000000,1,4,ok
3,45,65.005292,32.502646,1.000000,0.000000,1,6,ok
3,46,22.530082,11.265041,1.000000,0.000000,1,4,ok
3,47,24.931413,12.465707,1.000000,0.000000,1,6,ok
3,48,65.847181,32.923591,1.000000,0.000000,1,5,ok
3,49,38.256871,19.128435,1.000000,0.000000,1,5,ok
3,50,142.652871,71.326436,1.000000,0.000000,1,5,ok
3,51,56.582618,28.291309,1.000000,0.000000,1,4,ok
3,52,8.623330,4.311665,1.000000,0.000000,1,4,ok
3,53,21.929117,10.964559,1.000000,0.000000,1,4,ok
3,54,47.547917,23.773958,1.000000,0.000000,1,4,ok
3,55,54.546797,27.273399,1.000000,0.000000,1,6,ok
3,56,18.711560,9.487513,1.014080,1.592522,0,4,ok
3,57,26.789434,13.394717,1.000000,0.000000,1,4,ok
3,58,31.400053,15.700026,1.000000,0.000000,1,6,ok
3,59,12.430193,6.215097,1.000000,0.000000,1,4,ok
3,60,22.161359,11.080679,1.000000,0.000000,1,4,ok
3,61,11.997573,6.044576,1.007633,0.702160,0,4,ok
3,62,54.779512,27.389756,1.000000,0.000000,1,6,ok
3,63,32.279404,16.139702,1.000000,0.000000,1,5,ok
3,64,45.159674,22.579837,1.000000,0.000000,1,6,ok
3,65,11.017150,5.678847,1.030910,1.372749,0,4,ok
3,66,24.257676,12.128838,1.000000,0.000000,1,4,ok
3,67,30.849241,15.541581,1.007583,1.115626,0,5,ok
3,68,19.495359,9.747679,1.000000,0.000000,1,4,ok
3,69,111.301393,55.650696,1.000000,0.000000,1,5,ok
3,70,54.750783,27.375392,1.000000,0.000000,1,4,ok
3,71,39.537907,19.768954,1.000000,0.000000,1,4,ok
3,72,57.201555,28.600777,1.000000,0.000000,1,4,ok
3,73,41.471218,20.735609,1.000000,0.000000,1,4,ok
3,74,9.394426,4.697213,1.000000,0.000000,1,4,ok
3,75,33.796644,16.898322,1.000000,0.000000,1,4,ok
3,76,74.412135,37.206068,1.000000,0.000000,1,4,ok
3,77,14.520432,7.260216,1.000000,0.000000,1,3,ok
3,78,15.532155,7.766077,1.000000,0.000000,1,4,ok
3,79,1.701637,0.850819,1.000000,0.000000,1,4,ok
3,80,30.416255,15.208127,1.000000,0.000000,1,4,ok
3,81,23.258278,11.693202,1.005509,1.282699,0,4,ok
3,82,21.015297,10.507648,1.000000,0.000000,1,5,ok
3,83,45.210670,22.605335,1.000000,0.000000,1,5,ok
3,84,35.043497,17.534449,1.000725,0.674201,0,4,ok
3,85,62.061309,31.030654,1.000000,0.000000,1,4,ok
3,86,87.765595,43.882797,1.000000,0.000000,1,4,ok
3,87,59.266729,29.633365,1.000000,0.000000,1,4,ok
3,88,38.405634,19.202920,1.000005,0.026842,0,4,ok
3,89,51.556153,25.778077,1.000000,0.000000,1,4,ok
3,90,52.869872,26.434936,1.000000,0.000000,1,4,ok
3,91,74.969042,37.484521,1.000000,0.000000,1,4,ok
3,92,50.588374,25.294187,1.000000,0.000000,1,5,ok
3,93,22.801622,11.400811,1.000000,0.000000,1,4,ok
3,94,45.283909,22.641955,1.000000,-0.000000,1,4,ok
3,95,29.897184,14.948592,1.000000,0.000000,1,5,ok
3,96,36.055789,18.027894,1.000000,0.000000,1,4,ok
3,97,3.933469,2.118197,1.077013,0.898262,0,4,ok
3,98,7.582258,3.791129,1.000000,0.000000,1,4,ok
3,99,24.822427,12.411214,1.000000,0.000000,1,4,ok
3,100,26.151709,13.075854,1.000000,0.000000,1,4,ok
3,101,9.968676,4.993179,1.001774,0.198954,0,4,ok
3,102,10.074782,5.037391,1.000000,0.000000,1,5,ok
3,103,23.005132,11.505466,1.000252,0.253961,0,4,ok
3,104,32.786768,16.393384,1.000000,0.000000,1,5,ok
3,105,28.847449,14.423724,1.000000,0.000000,1,5,ok
3,106,106.023043,53.011521,1.000000,0.000000,1,6,ok
3,107,69.979129,34.989565,1.000000,0.000000,1,4,ok
3,108,12.690461,6.476843,1.020742,1.184933,0,5,ok
3,109,49.297263,24.648632,1.000000,0.000000,1,5,ok
3,110,50.558875,25.279437,1.000000,0.000000,1,5,ok
3,111,214.380885,107.190443,1.000000,0.000000,1,6,ok
3,112,32.627081,16.324169,1.000651,0.313635,0,5,ok
3,113,19.470284,10.832400,1.112711,5.847663,0,3,ok
3,114,24.677803,12.502831,1.013286,2.177012,0,4,ok
3,115,30.111635,15.055818,1.000000,0.000000,1,5,ok
3,116,37.012258,18.506129,1.000000,0.000000,1,4,ok
3,117,29.860343,14.930437,1.000018,0.052468,0,5,ok
3,118,7.839513,3.919756,1.000000,0.000000,1,4,ok
3,119,27.954367,14.261384,1.020333,3.029056,0,5,ok
3,120,50.683750,25.341875,1.000000,0.000000,1,4,ok
3,121,27.297876,13.648938,1.000000,0.000000,1,4,ok
3,122,32.555112,16.277556,1.000000,0.000000,1,5,ok
3,123,41.859993,20.929996,1.000000,0.000000,1,4,ok
3,124,44.874632,22.437316,1.000000,0.000000,1,4,ok
3,125,58.754537,29.377269,1.000000,0.000000,1,5,ok
3,126,7.562445,3.781222,1.000000,0.000000,1,4,ok
3,127,33.256711,16.628355,1.000000,0.000000,1,4,ok
3,128,41.534595,20.767297,1.000000,0.000000,1,5,ok
3,129,23.017410,11.508705,1.000000,0.000000,1,4,ok
3,130,70.254714,35.127357,1.000000,0.000000,1,4,ok
3,131,31.916893,15.958446,1.000000,0.000000,1,5,ok
3,132,27.280993,13.640497,1.000000,0.000000,1,4,ok
3,133,6.608929,3.306580,1.000640,0.036828,0,4,ok
3,134,44.000608,22.000304,1.000000,0.000000,1,4,ok
3,135,37.069376,18.534688,1.000000,0.000000,1,4,ok
3,136,79.313066,39.656533,1.000000,0.000000,1,5,ok
3,137,30.112924,15.056462,1.000000,0.000000,1,6,ok
3,138,24.323654,12.161827,1.000000,0.000000,1,4,ok
3,139,28.100923,14.050461,1.000000,0.000000,1,3,ok
3,140,12.991500,6.495797,1.000007,0.020092,0,5,ok
3,141,100.727529,50.363765,1.000000,0.000000,1,5,ok
3,142,99.638187,49.819093,1.000000,0.000000,1,4,ok
3,143,19.682816,9.841408,1.000000,0.000000,1,5,ok
3,144,60.981368,30.490684,1.000000,0.000000,1,5,ok
3,145,18.162278,9.081139,1.000000,0.000000,1,4,ok
3,146,58.009827,29.008472,1.000123,0.432869,0,5,ok
3,147,28.167260,14.083630,1.000000,0.000000,1,4,ok
3,148,67.901938,33.950969,1.000000,0.000000,1,5,ok
3,149,23.762533,11.881266,1.000000,0.000000,1,4,ok
3,150,8.243323,4.121661,1.000000,0.000000,1,4,ok
3,151,42.652887,21.326444,1.000000,0.000000,1,4,ok
3,152,28.213529,14.106764,1.000000,0.000000,1,4,ok
3,153,27.620710,13.810355,1.000000,0.000000,1,4,ok
3,154,8.352962,4.176481,1.000000,0.000000,1,4,ok
3,155,46.230038,23.115019,1.000000,0.000000,1,4,ok
3,156,36.417163,18.209516,1.000051,0.122993,0,4,ok
3,157,25.890248,12.945124,1.000000,0.000000,1,4,ok
3,158,104.569801,52.284901,1.000000,0.000000,1,6,ok
3,159,41.331805,20.665903,1.000000,0.000000,1,4,ok
3,160,26.439831,13.241876,1.001661,0.396536,0,5,ok
3,161,15.117441,7.558721,1.000000,0.000000,1,4,ok
3,162,17.775778,8.887889,1.000000,0.000000,1,4,ok
3,163,55.183898,27.591949,1.000000,0.000000,1,4,ok
3,164,22.557916,11.285526,1.000582,0.186577,0,4,ok
3,165,51.988049,25.994024,1.000000,0.000000,1,4,ok
3,166,2.592360,1.296180,1.000000,0.000000,1,4,ok
3,167,38.135421,19.067711,1.000000,0.000000,1,4,ok
3,168,75.226736,37.613368,1.000000,0.000000,1,4,ok
3,169,75.379612,37.689806,1.000000,0.000000,1,5,ok
3,170,85.140905,42.570453,1.000000,0.000000,1,4,ok
3,171,325.804763,162.902381,1.000000,0.000000,1,5,ok
3,172,45.545637,22.772818,1.000000,0.000000,1,5,ok
3,173,29.968113,14.984056,1.000000,0.000000,1,6,ok
3,174,42.956975,21.487208,1.000406,0.397588,0,4,ok
3,175,65.030076,32.515038,1.000000,0.000000,1,4,ok
3,176,33.108909,16.554454,1.000000,0.000000,1,4,ok
3,177,12.037957,6.018979,1.000000,0.000000,1,4,ok
3,178,75.909827,37.954914,1.000000,0.000000,1,5,ok
3,179,17.685116,8.842558,1.000000,0.000000,1,3,ok
3,180,16.554876,8.277438,1.000000,0.000000,1,4,ok
3,181,24.306927,12.153463,1.000000,0.000000,1,4,ok
3,182,59.014208,29.507104,1.000000,0.000000,1,4,ok
3,183,76.538435,38.269217,1.000000,0.000000,1,5,ok
3,184,38.571792,19.285896,1.000000,0.000000,1,4,ok
3,185,49.829038,24.914519,1.000000,0.000000,1,6,ok
3,186,18.351658,9.175829,1.000000,0.000000,1,4,ok
3,187,37.471433,18.735717,1.000000,0.000000,1,4,ok
3,188,35.304962,17.652481,1.000000,0.000000,1,4,ok
3,189,30.532659,15.266329,1.000000,0.000000,1,4,ok
3,190,36.479494,18.243676,1.000215,0.378963,0,6,ok
3,191,31.662174,15.831087,1.000000,0.000000,1,5,ok
3,192,23.388208,11.694104,1.000000,-0.000000,1,4,ok
3,193,43.911196,21.955598,1.000000,0.000000,1,4,ok
3,194,38.007226,19.154357,1.007932,1.957922,0,5,ok
3,195,36.321874,18.160937,1.000000,0.000000,1,6,ok
3,196,23.918002,11.989978,1.002590,0.769551,0,5,ok
3,197,47.988944,23.994472,1.000000,0.000000,1,4,ok
3,198,28.393143,14.196571,1.000000,0.000000,1,4,ok
3,199,52.318461,26.159230,1.000000,0.000000,1,4,ok
3,200,59.587438,29.793719,1.000000,0.000000,1,4,ok
3,201,16.069901,8.034950,1.000000,0.000000,1,4,ok
3,202,14.047037,7.023518,1.000000,0.000000,1,4,ok
3,203,60.698426,30.349213,1.000000,0.000000,1,4,ok
3,204,18.446762,9.223381,1.000000,0.000000,1,4,ok
3,205,89.210990,44.605495,1.000000,0.000000,1,5,ok
3,206,31.570588,15.785294,1.000000,0.000000,1,4,ok
3,207,16.237474,8.118737,1.000000,0.000000,1,4,ok
3,208,19.185856,9.592928,1.000000,0.000000,1,4,ok
3,209,41.100566,20.550283,1.000000,0.000000,1,6,ok
3,210,54.213418,27.106709,1.000000,0.000000,1,5,ok
3,211,34.500177,17.250088,1.000000,0.000000,1,4,ok
3,212,38.467309,19.233655,1.000000,0.000000,1,5,ok
3,213,43.870013,21.935007,1.000000,0.000000,1,4,ok
3,214,14.330383,7.201988,1.005135,0.472529,0,5,ok
3,215,22.866694,11.433347,1.000000,0.000000,1,4,ok
3,216,23.738578,11.869289,1.000000,0.000000,1,4,ok
3,217,52.437127,26.218563,1.000000,0.000000,1,4,ok
3,218,22.593896,11.296948,1.000000,-0.000000,1,4,ok
3,219,18.168714,9.084357,1.000000,0.000000,1,4,ok
3,220,40.384737,20.192369,1.000000,0.000000,1,5,ok
3,221,83.159587,41.622894,1.001037,0.346900,0,5,ok
3,222,15.496598,7.748299,1.000000,0.000000,1,4,ok
3,223,33.248174,16.688603,1.003881,1.101902,0,5,ok
3,224,36.493587,18.246793,1.000000,0.000000,1,4,ok
3,225,29.719170,14.859585,1.000000,0.000000,1,4,ok
3,226,21.404100,10.702050,1.000000,0.000000,1,5,ok
3,227,7.736663,3.904633,1.009384,0.439401,0,4,ok
3,228,59.457116,29.728558,1.000000,0.000000,1,4,ok
3,229,18.369302,9.184651,1.000000,0.000000,1,4,ok
3,230,10.032030,5.016015,1.000000,-0.000000,1,4,ok
3,231,19.627810,9.813905,1.000000,0.000000,1,3,ok
3,232,21.355691,10.677845,1.000000,0.000000,1,4,ok
3,233,4.409063,2.204531,1.000000,0.000000,1,4,ok
3,234,67.174617,33.589612,1.000069,0.342129,0,5,ok
3,235,10.328145,5.164073,1.000000,0.000000,1,4,ok
3,236,23.497064,11.748532,1.000000,0.000000,1,4,ok
3,237,45.114300,22.560179,1.000134,0.272454,0,4,ok
3,238,11.005158,5.504429,1.000336,0.099135,0,4,ok
3,239,18.511881,9.255941,1.000000,0.000000,1,5,ok
3,240,21.309729,10.654865,1.000000,0.000000,1,5,ok
3,241,70.661761,35.330880,1.000000,0.000000,1,5,ok
3,242,60.610807,30.305404,1.000000,0.000000,1,4,ok
3,243,27.940792,13.970396,1.000000,0.000000,1,4,ok
3,244,28.859138,14.429569,1.000000,0.000000,1,4,ok
3,245,33.016321,16.508160,1.000000,0.000000,1,4,ok
3,246,122.049536,61.024768,1.000000,0.000000,1,5,ok
3,247,63.746740,31.873370,1.000000,0.000000,1,4,ok
3,248,16.286499,8.143249,1.000000,0.000000,1,5,ok
3,249,21.227787,10.613893,1.000000,0.000000,1,4,ok
3,250,49.762966,24.881483,1.000000,0.000000,1,5,ok
3,251,16.588576,8.294288,1.000000,0.000000,1,5,ok
3,252,11.791013,5.895507,1.000000,0.000000,1,4,ok
3,253,36.946496,18.473248,1.000000,0.000000,1,5,ok
3,254,12.733333,6.366666,1.000000,0.000000,1,4,ok
3,255,50.659995,25.329998,1.000000,0.000000,1,4,ok
3,256,42.315614,21.157807,1.000000,0.000000,1,6,ok
3,257,50.190031,25.095016,1.000000,0.000000,1,5,ok
3,258,26.903153,13.451576,1.000000,0.000000,1,4,ok
3,259,31.644855,15.822427,1.000000,0.000000,1,4,ok
3,260,46.822970,23.411485,1.000000,0.000000,1,4,ok
3,261,51.264366,25.632183,1.000000,0.000000,1,4,ok
3,262,58.814430,29.407215,1.000000,0.000000,1,4,ok
3,263,30.423576,15.211788,1.000000,0.000000,1,4,ok
3,264,33.635352,16.817676,1.000000,0.000000,1,4,ok
3,265,28.749454,14.374727,1.000000,0.000000,1,4,ok
3,266,216.601405,108.300702,1.000000,0.000000,1,5,ok
3,267,50.230948,25.115474,1.000000,0.000000,1,4,ok
3,268,16.432090,8.216045,1.000000,0.000000,1,4,ok
3,269,47.120051,23.560025,1.000000,0.000000,1,5,ok
3,270,23.475152,11.737576,1.000000,0.000000,1,5,ok
3,271,99.825454,49.912727,1.000000,0.000000,1,5,ok
3,272,74.022551,37.011275,1.000000,0.000000,1,4,ok
3,273,42.382367,21.191183,1.000000,0.000000,1,4,ok
3,274,56.051095,28.037436,1.000424,0.776635,0,5,ok
3,275,14.931049,7.465525,1.000000,0.000000,1,4,ok
3,276,28.566634,14.283317,1.000000,0.000000,1,5,ok
3,277,92.186048,46.093024,1.000000,0.000000,1,5,ok
3,278,61.078894,30.539447,1.000000,0.000000,1,4,ok
3,279,30.121983,15.060991,1.000000,0.000000,1,4,ok
3,280,43.332687,21.666343,1.000000,0.000000,1,5,ok
3,281,57.851550,28.925775,1.000000,0.000000,1,4,ok
3,282,41.721650,20.860825,1.000000,0.000000,1,4,ok
3,283,29.637941,14.818970,1.000000,0.000000,1,5,ok
3,284,40.002005,20.001003,1.000000,0.000000,1,4,ok
3,285,35.075915,17.537958,1.000000,0.000000,1,5,ok
3,286,28.093749,14.046875,1.000000,0.000000,1,4,ok
3,287,15.379403,7.689701,1.000000,0.000000,1,4,ok
3,288,40.527209,20.263604,1.000000,0.000000,1,4,ok
3,289,147.060944,73.530472,1.000000,0.000000,1,4,ok
3,290,58.712350,29.356175,1.000000,0.000000,1,4,ok
3,291,19.167289,9.598087,1.001507,0.524279,0,4,ok
3,292,30.306520,15.153260,1.000000,0.000000,1,4,ok
3,293,69.877723,34.938861,1.000000,0.000000,1,5,ok
3,294,27.318087,13.659043,1.000000,0.000000,1,4,ok
3,295,81.572001,40.786000,1.000000,0.000000,1,4,ok
3,296,9.846319,4.923159,1.000000,0.000000,1,5,ok
3,297,36.006365,18.003182,1.000000,0.000000,1,4,ok
3,298,25.394574,12.697287,1.000000,0.000000,1,5,ok
3,299,41.117749,20.558875,1.000000,0.000000,1,4,ok
3,300,14.962411,7.880432,1.053364,2.660370,0,4,ok
3,301,7.636864,3.818432,1.000000,0.000000,1,4,ok
3,302,33.151184,16.575592,1.000000,0.000000,1,5,ok
3,303,54.714450,27.357225,1.000000,0.000000,1,4,ok
3,304,17.499054,8.749527,1.000000,0.000000,1,4,ok
3,305,87.082500,43.541250,1.000000,0.000000,1,6,ok
3,306,31.875907,15.937953,1.000000,0.000000,1,4,ok
3,307,14.124831,7.062415,1.000000,0.000000,1,4,ok
3,308,22.084222,11.042111,1.000000,0.000000,1,4,ok
3,309,56.741201,28.370601,1.000000,0.000000,1,6,ok
3,310,23.424230,11.712115,1.000000,0.000000,1,4,ok
3,311,31.551762,15.775881,1.000000,0.000000,1,4,ok
3,312,32.894406,16.447203,1.000000,0.000000,1,6,ok
3,313,76.101901,38.050951,1.000000,0.000000,1,4,ok
3,314,40.032795,20.016397,1.000000,0.000000,1,4,ok
3,315,26.143118,13.071559,1.000000,0.000000,1,4,ok
3,316,8.550046,4.275023,1.000000,0.000000,1,4,ok
3,317,11.872755,5.936870,1.000083,0.024670,0,4,ok
3,318,48.249585,24.124793,1.000000,0.000000,1,4,ok
3,319,66.314291,33.157145,1.000000,0.000000,1,5,ok
3,320,34.862458,17.431269,1.000002,0.034434,0,5,ok
3,321,31.003187,15.501593,1.000000,0.000000,1,4,ok
3,322,59.387663,29.693831,1.000000,0.000000,1,5,ok
3,323,69.718001,34.859000,1.000000,0.000000,1,4,ok
3,324,63.764568,31.882284,1.000000,0.000000,1,5,ok
3,325,9.766451,4.883226,1.000000,0.000000,1,4,ok
3,326,51.838483,25.919241,1.000000,0.000000,1,4,ok
3,327,112.710744,56.355372,1.000000,0.000000,1,4,ok
3,328,39.202123,19.601061,1.000000,0.000000,1,6,ok
3,329,32.126638,16.063319,1.000000,0.000000,1,4,ok
3,330,44.295078,22.147539,1.000000,0.000000,1,6,ok
3,331,23.997602,11.998801,1.000000,0.000000,1,4,ok
3,332,35.823393,17.911696,1.000000,0.000000,1,5,ok
3,333,6.344265,3.172132,1.000000,0.000000,1,5,ok
3,334,86.693400,43.346700,1.000000,0.000000,1,4,ok
3,335,35.065789,17.532894,1.000000,0.000000,1,3,ok
3,336,17.648459,9.117363,1.033219,2.210031,0,4,ok
3,337,26.570216,13.285108,1.000000,0.000000,1,4,ok
3,338,35.007567,17.503784,1.000000,0.000000,1,6,ok
3,339,6.222371,3.111185,1.000000,0.000000,1,4,ok
3,340,37.499474,18.749737,1.000000,0.000000,1,4,ok
3,341,109.092539,54.546269,1.000000,0.000000,1,4,ok
3,342,44.713086,22.356543,1.000000,0.000000,1,4,ok
3,343,17.513034,8.756517,1.000000,0.000000,1,4,ok
3,344,9.194248,4.597124,1.000000,0.000000,1,5,ok
3,345,20.118229,10.173856,1.011407,1.510949,0,5,ok
3,346,21.740747,10.870373,1.000000,0.000000,1,5,ok
3,347,30.681799,15.340900,1.000000,0.000000,1,4,ok
3,348,51.961291,25.980646,1.000000,0.000000,1,5,ok
3,349,79.495678,39.747839,1.000000,0.000000,1,5,ok
3,350,17.069054,8.534527,1.000000,0.000000,1,4,ok
3,351,9.354015,4.677008,1.000000,0.000000,1,4,ok
3,352,32.398027,16.199014,1.000000,0.000000,1,4,ok
3,353,53.410935,26.800554,1.003561,2.194162,0,5,ok
3,354,83.976168,41.988084,1.000000,0.000000,1,5,ok
3,355,71.815077,35.907539,1.000000,0.000000,1,5,ok
3,356,13.913802,6.956901,1.000000,0.000000,1,4,ok
3,357,36.585833,18.292917,1.000000,0.000000,1,5,ok
3,358,15.618800,7.809400,1.000000,0.000000,1,3,ok
3,359,95.777226,47.888613,1.000000,0.000000,1,4,ok
3,360,43.876754,21.938377,1.000000,0.000000,1,4,ok
3,361,62.996032,31.498016,1.000000,0.000000,1,5,ok
3,362,26.835172,13.417586,1.000000,0.000000,1,4,ok
3,363,82.608300,41.304150,1.000000,0.000000,1,5,ok
3,364,57.112611,28.556305,1.000000,0.000000,1,4,ok
3,365,90.500412,45.250206,1.000000,0.000000,1,5,ok
3,366,13.691677,6.852010,1.000901,0.271320,0,3,ok
3,367,59.269408,29.634704,1.000000,0.000000,1,5,ok
3,368,15.633943,7.816972,1.000000,0.000000,1,4,ok
3,369,112.019969,56.009985,1.000000,0.000000,1,4,ok
3,370,50.677487,25.338743,1.000000,-0.000000,1,6,ok
3,371,116.674694,58.337347,1.000000,0.000000,1,4,ok
3,372,50.438804,25.293617,1.002943,1.511957,0,6,ok
3,373,14.447228,7.896409,1.093138,3.785020,0,3,ok
3,374,15.081495,7.540747,1.000000,0.000000,1,4,ok
3,375,59.846682,29.923341,1.000000,0.000000,1,6,ok
3,376,9.627027,4.813514,1.000000,0.000000,1,4,ok
3,377,33.217368,16.608684,1.000000,0.000000,1,6,ok
3,378,39.185338,19.592669,1.000000,0.000000,1,4,ok
3,379,204.413300,102.206650,1.000000,0.000000,1,5,ok
3,380,8.661173,4.330587,1.000000,0.000000,1,4,ok
3,381,37.676490,18.838245,1.000000,0.000000,1,4,ok
3,382,55.138798,27.569399,1.000000,0.000000,1,5,ok
3,383,31.752130,15.876065,1.000000,0.000000,1,4,ok
3,384,14.959445,7.479723,1.000000,0.000000,1,4,ok
3,385,25.732069,12.866034,1.000000,0.000000,1,4,ok
3,386,34.031086,17.015543,1.000000,0.000000,1,4,ok
3,387,43.761843,21.880922,1.000000,0.000000,1,5,ok
3,388,53.603571,26.918462,1.004353,2.253000,0,4,ok
3,389,111.763274,55.881637,1.000000,0.000000,1,4,ok
3,390,38.631088,19.315544,1.000000,0.000000,1,6,ok
3,391,78.541546,39.270773,1.000000,0.000000,1,4,ok
3,392,33.900485,16.950242,1.000000,0.000000,1,5,ok
3,393,70.954528,35.477264,1.000000,0.000000,1,4,ok
3,394,39.842438,19.921219,1.000000,0.000000,1,4,ok
3,395,14.433926,7.216963,1.000000,0.000000,1,5,ok
3,396,61.217086,30.608543,1.000000,0.000000,1,4,ok
3,397,29.524033,14.762016,1.000000,0.000000,1,4,ok
3,398,302.003316,151.001658,1.000000,0.000000,1,5,ok
3,399,35.916905,17.958452,1.000000,0.000000,1,5,ok
3,400,49.187114,24.593557,1.000000,0.000000,1,4,ok
3,401,26.769648,13.384824,1.000000,0.000000,1,5,ok
3,402,6.187898,3.153607,1.019282,0.669999,0,4,ok
3,403,27.915036,13.957764,1.000018,0.035893,0,4,ok
3,404,28.400064,14.200032,1.000000,0.000000,1,4,ok
3,405,62.963919,31.481959,1.000000,0.000000,1,4,ok
3,406,18.420247,9.210123,1.000000,0.000000,1,4,ok
3,407,41.682298,20.841149,1.000000,0.000000,1,3,ok
3,408,68.210179,34.105089,1.000000,0.000000,1,4,ok
3,409,73.244146,36.622073,1.000000,0.000000,1,5,ok
3,410,28.998590,14.499295,1.000000,0.000000,1,4,ok
3,411,18.409961,9.204980,1.000000,0.000000,1,4,ok
3,412,9.372938,4.686469,1.000000,0.000000,1,4,ok
3,413,25.927282,12.963641,1.000000,0.000000,1,4,ok
3,414,50.481367,25.240684,1.000000,0.000000,1,6,ok
3,415,51.496244,25.748122,1.000000,0.000000,1,5,ok
3,416,31.008485,15.504242,1.000000,0.000000,1,4,ok
3,417,73.126115,36.563057,1.000000,0.000000,1,4,ok
3,418,42.758463,21.379231,1.000000,0.000000,1,5,ok
3,419,21.271789,10.635894,1.000000,0.000000,1,4,ok
3,420,12.211385,6.105692,1.000000,0.000000,1,4,ok
3,421,33.739068,16.869534,1.000000,0.000000,1,5,ok
3,422,15.789856,7.894928,1.000000,0.000000,1,4,ok
3,423,90.765345,45.382672,1.000000,0.000000,1,5,ok
3,424,38.832657,19.416328,1.000000,0.000000,1,5,ok
3,425,10.973901,5.486951,1.000000,0.000000,1,4,ok
3,426,47.458946,23.729473,1.000000,0.000000,1,5,ok
3,427,12.773042,6.386521,1.000000,0.000000,1,4,ok
3,428,23.293208,11.646604,1.000000,0.000000,1,4,ok
3,429,9.288336,4.644168,1.000000,0.000000,1,5,ok
3,430,43.964450,21.984325,1.000096,0.305948,0,5,ok
3,431,28.097365,14.048683,1.000000,0.000000,1,4,ok
3,432,40.454023,20.227012,1.000000,0.000000,1,5,ok
3,433,25.916223,12.958112,1.000000,0.000000,1,3,ok
3,434,28.057700,14.028850,1.000000,0.000000,1,5,ok
3,435,26.708328,13.354164,1.000000,0.000000,1,4,ok
3,436,26.524102,13.262051,1.000000,0.000000,1,4,ok
3,437,46.574473,23.287237,1.000000,0.000000,1,4,ok
3,438,56.110590,28.055295,1.000000,0.000000,1,5,ok
3,439,133.708226,66.854113,1.000000,0.000000,1,4,ok
3,440,51.853870,25.926935,1.000000,0.000000,1,4,ok
3,441,30.693831,15.346915,1.000000,0.000000,1,4,ok
3,442,33.642283,16.821141,1.000000,0.000000,1,4,ok
3,443,84.107876,42.053938,1.000000,0.000000,1,6,ok
3,444,56.978837,28.489418,1.000000,0.000000,1,5,ok
3,445,51.962284,25.981142,1.000000,0.000000,1,5,ok
3,446,115.260338,57.630169,1.000000,0.000000,1,6,ok
3,447,45.122853,22.561426,1.000000,0.000000,1,4,ok
3,448,11.212143,5.606071,1.000000,0.000000,1,5,ok
3,449,9.695210,4.847605,1.000000,0.000000,1,4,ok
3,450,48.946161,24.473081,1.000000,0.000000,1,5,ok
3,451,19.166801,9.583401,1.000000,0.000000,1,4,ok
3,452,53.949777,26.974889,1.000000,0.000000,1,4,ok
3,453,61.782623,30.891312,1.000000,0.000000,1,4,ok
3,454,78.348699,39.174349,1.000000,0.000000,1,5,ok
3,455,68.500666,34.250333,1.000000,0.000000,1,5,ok
3,456,52.805869,26.402935,1.000000,0.000000,1,6,ok
3,457,35.289483,17.644741,1.000000,0.000000,1,5,ok
3,458,39.469116,19.734558,1.000000,0.000000,1,5,ok
3,459,26.589047,13.294524,1.000000,0.000000,1,4,ok
3,460,46.369250,23.184625,1.000000,0.000000,1,4,ok
3,461,53.134219,26.567110,1.000000,0.000000,1,6,ok
3,462,16.463690,8.231845,1.000000,0.000000,1,5,ok
3,463,20.026744,10.013372,1.000000,0.000000,1,4,ok
3,464,50.805046,25.402523,1.000000,0.000000,1,4,ok
3,465,20.600045,10.390853,1.008818,1.452796,0,4,ok
3,466,33.634133,16.817066,1.000000,0.000000,1,4,ok
3,467,61.653757,30.826879,1.000000,0.000000,1,6,ok
3,468,316.064886,158.032443,1.000000,0.000000,1,5,ok
3,469,50.732944,25.366472,1.000000,0.000000,1,4,ok
3,470,74.344586,37.172293,1.000000,0.000000,1,4,ok
3,471,5.088832,2.544416,1.000000,0.000000,1,4,ok
3,472,84.310891,42.155446,1.000000,0.000000,1,5,ok
3,473,14.643277,7.321639,1.000000,0.000000,1,4,ok
3,474,12.527865,6.263933,1.000000,0.000000,1,4,ok
3,475,56.824068,28.412034,1.000000,0.000000,1,4,ok
3,476,39.179326,19.593037,1.000172,0.282532,0,4,ok
3,477,144.866915,72.433457,1.000000,0.000000,1,4,ok
3,478,21.164909,10.582454,1.000000,0.000000,1,4,ok
3,479,34.233660,17.124083,1.000424,0.499958,0,3,ok
3,480,3.377860,1.688930,1.000000,0.000000,1,4,ok
3,481,12.738250,6.369125,1.000000,0.000000,1,5,ok
3,482,46.872403,23.436201,1.000000,0.000000,1,4,ok
3,483,12.107575,6.053787,1.000000,0.000000,1,4,ok
3,484,39.333107,19.666553,1.000000,0.000000,1,4,ok
3,485,7.272387,3.636194,1.000000,0.000000,1,4,ok
3,486,43.715459,21.857729,1.000000,0.000000,1,5,ok
3,487,13.024317,6.512159,1.000000,0.000000,1,4,ok
3,488,53.929531,26.964765,1.000000,0.000000,1,5,ok
3,489,62.282488,31.141244,1.000000,0.000000,1,5,ok
3,490,42.063480,21.031740,1.000000,0.000000,1,4,ok
3,491,54.928390,27.464195,1.000000,0.000000,1,5,ok
3,492,13.667266,6.833633,1.000000,0.000000,1,4,ok
3,493,13.005036,6.502518,1.000000,0.000000,1,4,ok
3,494,15.180542,7.590271,1.000000,0.000000,1,5,ok
3,495,23.087466,11.543733,1.000000,0.000000,1,3,ok
3,496,5.312296,2.656148,1.000000,0.000000,1,4,ok
3,497,52.941503,26.470752,1.000000,0.000000,1,4,ok
3,498,191.996077,95.998039,1.000000,0.000000,1,4,ok
3,499,39.248613,19.624306,1.000000,0.000000,1,5,ok
4,0,9.443454,4.721727,1.000000,0.000000,1,3,ok
4,1,11.422391,5.862249,1.026449,1.374326,0,4,ok
4,2,41.443018,20.721509,1.000000,0.000000,1,5,ok
4,3,19.491076,9.745538,1.000000,0.000000,1,4,ok
4,4,9.722475,4.861237,1.000000,0.000000,1,7,ok
4,5,41.441288,20.720644,1.000000,0.000000,1,6,ok
4,6,19.078697,9.539349,1.000000,0.000000,1,4,ok
4,7,7.568270,3.784135,1.000000,0.000000,1,4,ok
4,8,38.535543,19.267771,1.000000,0.000000,1,4,ok
4,9,7.651186,3.825593,1.000000,0.000000,1,4,ok
4,10,12.370160,6.185080,1.000000,0.000000,1,3,ok
4,11,11.693296,5.846648,1.000000,0.000000,1,4,ok
4,12,55.200435,27.600218,1.000000,0.000000,1,4,ok
4,13,14.338758,7.171488,1.000294,0.070737,0,5,ok
4,14,13.097136,6.548568,1.000000,0.000000,1,4,ok
4,15,42.221386,21.110693,1.000000,0.000000,1,5,ok
4,16,11.138563,5.569281,1.000000,0.000000,1,5,ok
4,17,27.023243,13.511622,1.000000,0.000000,1,4,ok
4,18,6.454456,3.227228,1.000000,0.000000,1,4,ok
4,19,32.396226,16.198113,1.000000,0.000000,1,4,ok
4,20,45.360898,22.779361,1.004361,1.773895,0,6,ok
4,21,105.372125,52.686062,1.000000,0.000000,1,3,ok
4,22,23.226193,11.613097,1.000000,0.000000,1,5,ok
4,23,25.587500,12.793750,1.000000,0.000000,1,4,ok
4,24,73.236154,36.618077,1.000000,0.000000,1,6,ok
4,25,4.065187,2.260368,1.112061,1.209117,0,3,ok
4,26,31.576156,15.788078,1.000000,0.000000,1,5,ok
4,27,14.519505,7.259753,1.000000,-0.000000,1,4,ok
4,28,6.585289,3.292645,1.000000,0.000000,1,4,ok
4,29,8.345746,4.172873,1.000000,0.000000,1,4,ok
4,30,31.726731,15.863365,1.000000,0.000000,1,6,ok
4,31,12.197674,6.151825,1.008688,0.844652,0,4,ok
4,32,6.931372,3.465686,1.000000,0.000000,1,4,ok
4,33,20.907829,10.461372,1.000713,0.328845,0,5,ok
4,34,24.922651,12.461326,1.000000,0.000000,1,4,ok
4,35,27.399194,13.717239,1.001288,0.170645,0,4,ok
4,36,16.253711,8.127280,1.000052,0.064542,0,5,ok
4,37,12.490578,6.245594,1.000049,0.058313,0,4,ok
4,38,25.839003,12.919502,1.000000,0.000000,1,4,ok
4,39,37.155003,18.577502,1.000000,0.000000,1,4,ok
4,40,18.042212,9.021106,1.000000,0.000000,1,4,ok
4,41,15.754603,7.877301,1.000000,0.000000,1,4,ok
4,42,36.069613,18.034807,1.000000,0.000000,1,5,ok
4,43,7.618906,3.809453,1.000000,0.000000,1,4,ok
4,44,3.162627,1.581313,1.000000,-0.000000,1,4,ok
4,45,26.468672,13.234336,1.000000,0.000000,1,4,ok
4,46,26.840527,13.806443,1.028776,3.613029,0,4,ok
4,47,18.068281,9.240766,1.022872,1.504902,0,4,ok
4,48,28.735424,14.367712,1.000000,0.000000,1,4,ok
4,49,65.081546,32.540773,1.000000,0.000000,1,5,ok
4,50,28.824959,14.412480,1.000000,0.000000,1,5,ok
4,51,13.534492,6.767246,1.000000,0.000000,1,6,ok
4,52,37.690629,18.845315,1.000000,0.000000,1,5,ok
4,53,30.822247,15.411123,1.000000,0.000000,1,5,ok
4,54,15.445777,7.826757,1.013449,1.331662,0,5,ok
4,55,23.743030,11.871515,1.000000,-0.000000,1,4,ok
4,56,4.902011,2.451005,1.000000,0.000000,1,3,ok
4,57,25.625565,12.812782,1.000000,0.000000,1,4,ok
4,58,33.860170,16.930085,1.000000,0.000000,1,5,ok
4,59,23.108546,11.562179,1.000684,0.129795,0,5,ok
4,60,76.590401,38.295201,1.000000,0.000000,1,5,ok
4,61,5.573833,2.786917,1.000000,0.000000,1,4,ok
4,62,9.296656,4.648328,1.000000,0.000000,1,4,ok
4,63,24.339056,12.169528,1.000000,0.000000,1,4,ok
4,64,30.053714,15.026857,1.000000,0.000000,1,6,ok
4,65,3.670478,1.835239,1.000000,0.000000,1,4,ok
4,66,26.196167,13.098084,1.000000,0.000000,1,4,ok
4,67,26.548196,13.274098,1.000000,0.000000,1,4,ok
4,68,4.391583,2.195791,1.000000,0.000000,1,4,ok
4,69,26.773404,13.386702,1.000000,0.000000,1,4,ok
4,70,27.544374,13.772187,1.000000,0.000000,1,6,ok
4,71,23.008160,11.504080,1.000000,0.000000,1,4,ok
4,72,46.829604,23.414802,1.000000,0.000000,1,4,ok
4,73,11.484067,5.742033,1.000000,0.000000,1,4,ok
4,74,10.565525,5.282763,1.000000,0.000000,1,4,ok
4,75,51.206086,25.603043,1.000000,0.000000,1,4,ok
4,76,9.333833,4.880328,1.045729,1.582958,0,3,ok
4,77,24.962034,12.481017,1.000000,0.000000,1,4,ok
4,78,11.499026,5.749513,1.000000,0.000000,1,5,ok
4,79,9.801563,4.951171,1.010282,0.714353,0,5,ok
4,80,4.348093,2.174047,1.000000,0.000000,1,4,ok
4,81,14.797355,7.398677,1.000000,0.000000,1,4,ok
4,82,11.834063,5.917031,1.000000,0.000000,1,5,ok
4,83,18.877982,9.438991,1.000000,0.000000,1,4,ok
4,84,26.684064,13.342032,1.000000,0.000000,1,4,ok
4,85,13.150433,6.575216,1.000000,0.000000,1,4,ok
4,86,38.682543,19.341271,1.000000,0.000000,1,6,ok
4,87,54.503390,27.251695,1.000000,0.000000,1,5,ok
4,88,26.541135,13.318443,1.003608,1.158050,0,4,ok
4,89,23.851476,12.197215,1.022764,2.109954,0,5,ok
4,90,36.779743,18.389872,1.000000,-0.000000,1,5,ok
4,91,16.239729,8.119865,1.000000,0.000000,1,5,ok
4,92,19.888846,9.944423,1.000000,0.000000,1,4,ok
4,93,53.026434,26.513217,1.000000,0.000000,1,6,ok
4,94,18.303741,9.151870,1.000000,0.000000,1,5,ok
4,95,24.024627,12.012314,1.000000,0.000000,1,4,ok
4,96,8.377671,4.188835,1.000000,0.000000,1,4,ok
4,97,21.040190,10.520095,1.000000,0.000000,1,4,ok
4,98,25.078564,12.539282,1.000000,0.000000,1,4,ok
4,99,32.765963,16.382982,1.000000,0.000000,1,4,ok
4,100,9.205534,4.723840,1.026304,0.874740,0,5,ok
4,101,19.861841,9.976813,1.004621,0.806056,0,5,ok
4,102,23.391059,11.695529,1.000000,-0.000000,1,4,ok
4,103,3.805690,1.903357,1.000269,0.033735,0,4,ok
4,104,14.157710,7.120840,1.005931,0.595142,0,5,ok
4,105,29.322445,14.661223,1.000000,0.000000,1,6,ok
4,106,14.149611,7.074805,1.000000,0.000000,1,3,ok
4,107,38.143060,19.071530,1.000000,0.000000,1,5,ok
4,108,20.757226,10.378613,1.000000,0.000000,1,3,ok
4,109,14.415125,7.207563,1.000000,0.000000,1,4,ok
4,110,15.430929,7.715464,1.000000,0.000000,1,4,ok
4,111,16.781553,8.390777,1.000000,0.000000,1,5,ok
4,112,25.037644,12.518822,1.000000,0.000000,1,4,ok
4,113,24.173296,12.086648,1.000000,0.000000,1,4,ok
4,114,9.602806,4.801403,1.000000,0.000000,1,4,ok
4,115,25.051323,12.525661,1.000000,0.000000,1,5,ok
4,116,22.679625,11.339812,1.000000,0.000000,1,4,ok
4,117,12.181269,6.143854,1.008738,0.683347,0,6,ok
4,118,26.917985,13.458992,1.000000,0.000000,1,4,ok
4,119,10.840945,5.420473,1.000000,0.000000,1,5,ok
4,120,26.218306,13.109153,1.000000,0.000000,1,4,ok
4,121,39.896794,20.093690,1.007283,1.548805,0,5,ok
4,122,1.338724,0.669362,1.000000,0.000000,1,4,ok
4,123,5.823284,2.911642,1.000000,0.000000,1,4,ok
4,124,41.625071,20.812536,1.000000,0.000000,1,4,ok
4,125,19.376652,9.688326,1.000000,0.000000,1,3,ok
4,126,17.087108,8.543554,1.000000,0.000000,1,5,ok
4,127,4.812978,2.422737,1.006752,0.226579,0,5,ok
4,128,35.179516,17.589758,1.000000,0.000000,1,5,ok
4,129,24.339820,12.169910,1.000000,0.000000,1,4,ok
4,130,7.173769,3.586917,1.000009,0.007270,0,4,ok
4,131,4.746644,2.373322,1.000000,0.000000,1,4,ok
4,132,9.758651,4.879326,1.000000,0.000000,1,3,ok
4,133,23.244644,11.622322,1.000000,0.000000,1,4,ok
4,134,15.642775,7.835693,1.001829,0.486141,0,4,ok
4,135,52.835681,26.417841,1.000000,0.000000,1,6,ok
4,136,17.391027,8.695514,1.000000,0.000000,1,5,ok
4,137,11.014066,5.536028,1.005265,0.483868,0,4,ok
4,138,33.148949,16.574474,1.000000,0.000000,1,5,ok
4,139,24.975932,12.495630,1.000614,0.444817,0,4,ok
4,140,4.267772,2.133886,1.000000,0.000000,1,3,ok
4,141,110.887525,55.443762,1.000000,0.000000,1,5,ok
4,142,12.297748,6.148874,1.000000,0.000000,1,4,ok
4,143,19.410438,9.705219,1.000000,0.000000,1,4,ok
4,144,32.639493,16.319747,1.000000,0.000000,1,4,ok
4,145,51.828653,25.914326,1.000000,0.000000,1,5,ok
4,146,8.405414,4.202707,1.000000,0.000000,1,4,ok
4,147,24.862801,12.431401,1.000000,0.000000,1,4,ok
4,148,13.601207,6.800604,1.000000,0.000000,1,4,ok
4,149,3.471014,1.737049,1.000889,0.021544,0,4,ok
4,150,47.061080,23.530540,1.000000,-0.000000,1,4,ok
4,151,8.223670,4.111835,1.000000,0.000000,1,4,ok
4,152,17.104488,8.552244,1.000000,0.000000,1,4,ok
4,153,25.402859,12.701429,1.000000,0.000000,1,3,ok
4,154,25.062455,12.537205,1.000477,0.378572,0,4,ok
4,155,15.522978,7.801338,1.005134,0.753211,0,4,ok
4,156,23.883448,11.941724,1.000000,0.000000,1,5,ok
4,157,92.952278,46.476139,1.000000,0.000000,1,4,ok
4,158,12.387832,6.193916,1.000000,0.000000,1,4,ok
4,159,25.349416,12.674708,1.000000,0.000000,1,4,ok
4,160,44.242436,22.121218,1.000000,0.000000,1,5,ok
4,161,3.877829,1.938914,1.000000,0.000000,1,4,ok
4,162,48.146645,24.073322,1.000000,0.000000,1,5,ok
4,163,30.948563,15.474281,1.000000,0.000000,1,6,ok
4,164,16.054454,8.027227,1.000000,0.000000,1,4,ok
4,165,24.327833,12.502435,1.027830,2.779383,0,4,ok
4,166,8.952203,4.476101,1.000000,0.000000,1,5,ok
4,167,7.390260,3.738488,1.011734,0.472370,0,4,ok
4,168,5.266994,2.633497,1.000000,0.000000,1,5,ok
4,169,15.099531,7.549766,1.000000,-0.000000,1,4,ok
4,170,11.690612,5.845306,1.000000,0.000000,1,5,ok
4,171,8.098138,4.049069,1.000000,0.000000,1,5,ok
4,172,15.597277,7.798638,1.000000,0.000000,1,4,ok
4,173,22.209767,11.104883,1.000000,0.000000,1,6,ok
4,174,36.553330,18.276665,1.000000,0.000000,1,4,ok
4,175,62.079531,31.039765,1.000000,0.000000,1,5,ok
4,176,15.776309,7.888154,1.000000,0.000000,1,4,ok
4,177,36.668172,18.334086,1.000000,0.000000,1,4,ok
4,178,28.466433,14.233216,1.000000,0.000000,1,4,ok
4,179,26.034885,13.017442,1.000000,0.000000,1,4,ok
4,180,39.074290,20.137251,1.030716,4.161412,0,5,ok
4,181,12.936434,6.468217,1.000000,0.000000,1,4,ok
4,182,9.570629,4.785314,1.000000,0.000000,1,4,ok
4,183,21.681303,10.840651,1.000000,0.000000,1,4,ok
4,184,14.859924,7.450545,1.002770,0.508687,0,5,ok
4,185,3.598094,1.799047,1.000000,0.000000,1,4,ok
4,186,53.310074,26.655037,1.000000,0.000000,1,4,ok
4,187,86.929039,43.464519,1.000000,0.000000,1,5,ok
4,188,16.279026,8.423934,1.034943,2.439597,0,3,ok
4,189,28.818079,14.409040,1.000000,0.000000,1,4,ok
4,190,24.435244,12.217622,1.000000,0.000000,1,4,ok
4,191,18.728902,9.364451,1.000000,0.000000,1,4,ok
4,192,25.439870,12.719935,1.000000,0.000000,1,7,ok
4,193,25.894781,12.947390,1.000000,0.000000,1,6,ok
4,194,41.170068,20.585034,1.000000,0.000000,1,4,ok
4,195,13.061368,6.530684,1.000000,0.000000,1,5,ok
4,196,9.804491,4.902245,1.000000,0.000000,1,4,ok
4,197,28.260425,14.130212,1.000000,0.000000,1,4,ok
4,198,9.926735,4.963367,1.000000,0.000000,1,5,ok
4,199,52.088480,26.046909,1.000102,0.249644,0,6,ok
4,200,21.560995,11.098704,1.029517,2.495654,0,5,ok
4,201,12.533210,6.266605,1.000000,0.000000,1,4,ok
4,202,34.032716,17.016358,1.000000,0.000000,1,4,ok
4,203,58.331361,29.165681,1.000000,0.000000,1,4,ok
4,204,32.937885,16.468942,1.000000,0.000000,1,5,ok
4,205,16.606304,8.303152,1.000000,0.000000,1,4,ok
4,206,32.853099,16.426549,1.000000,0.000000,1,4,ok
4,207,32.830338,16.415169,1.000000,0.000000,1,4,ok
4,208,38.027154,19.013577,1.000000,0.000000,1,4,ok
4,209,36.426350,18.213175,1.000000,0.000000,1,5,ok
4,210,23.715819,11.857909,1.000000,0.000000,1,4,ok
4,211,9.891758,4.968244,1.004522,0.485836,0,4,ok
4,212,52.862638,26.431319,1.000000,0.000000,1,7,ok
4,213,6.768861,3.418453,1.010053,0.500394,0,4,ok
4,214,5.791596,2.895798,1.000000,0.000000,1,4,ok
4,215,26.446468,13.223234,1.000000,0.000000,1,5,ok
4,216,9.379792,4.689896,1.000000,0.000000,1,4,ok
4,217,38.375183,19.187591,1.000000,0.000000,1,4,ok
4,218,8.272386,4.137558,1.000330,0.081555,0,3,ok
4,219,22.313750,11.156875,1.000000,0.000000,1,4,ok
4,220,74.357016,37.178508,1.000000,0.000000,1,6,ok
4,221,22.014704,11.007352,1.000000,0.000000,1,5,ok
4,222,16.814925,8.407463,1.000000,0.000000,1,4,ok
4,223,30.762719,15.476447,1.006182,1.783183,0,4,ok
4,224,6.495758,3.262888,1.004621,0.219491,0,4,ok
4,225,47.606184,23.803092,1.000000,0.000000,1,5,ok
4,226,21.149015,10.574507,1.000000,0.000000,1,5,ok
4,227,41.909897,20.954948,1.000000,0.000000,1,5,ok
4,228,16.044644,8.022322,1.000000,0.000000,1,6,ok
4,229,42.233993,21.624021,1.024010,5.147699,0,4,ok
4,230,45.935756,22.967878,1.000000,0.000000,1,4,ok
4,231,15.128954,7.564477,1.000000,0.000000,1,5,ok
4,232,44.443077,22.221538,1.000000,0.000000,1,4,ok
4,233,8.653799,4.345650,1.004334,0.419743,0,5,ok
4,234,8.733060,4.366530,1.000000,0.000000,1,4,ok
4,235,53.661937,26.830969,1.000000,0.000000,1,4,ok
4,236,21.565969,10.787785,1.000445,0.173479,0,5,ok
4,237,44.337077,22.168539,1.000000,0.000000,1,4,ok
4,238,4.552563,2.276282,1.000000,0.000000,1,4,ok
4,239,7.073719,3.536860,1.000000,0.000000,1,4,ok
4,240,21.158329,10.679494,1.009484,1.538633,0,4,ok
4,241,4.432582,2.216291,1.000000,0.000000,1,5,ok
4,242,11.630497,5.815689,1.000076,0.023097,0,4,ok
4,243,17.427378,8.713689,1.000000,0.000000,1,5,ok
4,244,32.508895,16.254448,1.000000,0.000000,1,5,ok
4,245,21.883550,10.941775,1.000000,0.000000,1,4,ok
4,246,27.911309,13.955654,1.000000,0.000000,1,5,ok
4,247,11.917313,5.958657,1.000000,0.000000,1,4,ok
4,248,28.019689,14.009845,1.000000,0.000000,1,5,ok
4,249,33.983552,16.991776,1.000000,0.000000,1,6,ok
4,250,24.934555,12.481288,1.001124,0.255731,0,5,ok
4,251,14.601997,7.300999,1.000000,0.000000,1,4,ok
4,252,10.586856,5.293428,1.000000,0.000000,1,5,ok
4,253,46.563526,23.281763,1.000000,0.000000,1,4,ok
4,254,4.242531,2.121266,1.000000,0.000000,1,4,ok
4,255,42.080804,21.040402,1.000000,0.000000,1,4,ok
4,256,27.743776,13.871888,1.000000,0.000000,1,5,ok
4,257,6.156062,3.244713,1.054152,1.136951,0,4,ok
4,258,22.457724,11.228862,1.000000,-0.000000,1,5,ok
4,259,64.191238,32.095619,1.000000,0.000000,1,4,ok
4,260,28.078909,14.039455,1.000000,0.000000,1,4,ok
4,261,0.357423,0.187734,1.050486,0.064534,0,3,ok
4,262,12.674862,6.337431,1.000000,0.000000,1,5,ok
4,263,71.143010,35.571505,1.000000,0.000000,1,5,ok
4,264,54.644386,27.322193,1.000000,0.000000,1,4,ok
4,265,21.694087,11.077140,1.021213,2.173131,0,3,ok
4,266,21.951126,11.012218,1.003340,0.717403,0,6,ok
4,267,48.370652,24.185326,1.000000,0.000000,1,4,ok
4,268,35.596926,17.798463,1.000000,0.000000,1,5,ok
4,269,21.398409,10.699204,1.000000,0.000000,1,4,ok
4,270,8.562185,4.281445,1.000082,0.036709,0,5,ok
4,271,17.759887,8.879944,1.000000,0.000000,1,5,ok
4,272,15.231030,7.615515,1.000000,0.000000,1,4,ok
4,273,31.825402,17.102651,1.074780,7.443776,0,4,ok
4,274,3.497195,1.748598,1.000000,0.000000,1,5,ok
4,275,17.698152,8.849076,1.000000,0.000000,1,5,ok
4,276,7.991375,3.995688,1.000000,0.000000,1,5,ok
4,277,17.956810,8.978405,1.000000,0.000000,1,4,ok
4,278,26.651915,13.325957,1.000000,0.000000,1,5,ok
4,279,17.963019,8.981509,1.000000,0.000000,1,4,ok
4,280,23.002603,11.501302,1.000000,0.000000,1,4,ok
4,281,21.283495,10.641748,1.000000,0.000000,1,4,ok
4,282,8.970319,4.487169,1.000448,0.112574,0,4,ok
4,283,8.309083,4.154542,1.000000,0.000000,1,4,ok
4,284,7.946247,3.973124,1.000000,0.000000,1,4,ok
4,285,11.174361,5.587180,1.000000,0.000000,1,4,ok
4,286,44.101039,22.050520,1.000000,0.000000,1,6,ok
4,287,18.410917,9.205458,1.000000,0.000000,1,4,ok
4,288,14.151950,7.075975,1.000000,0.000000,1,4,ok
4,289,178.621577,89.310788,1.000000,0.000000,1,4,ok
4,290,41.324410,20.662205,1.000000,0.000000,1,5,ok
4,291,17.779269,8.889635,1.000000,0.000000,1,3,ok
4,292,7.425526,3.712763,1.000000,0.000000,1,4,ok
4,293,8.688961,4.344480,1.000000,0.000000,1,4,ok
4,294,9.557200,4.778600,1.000000,0.000000,1,4,ok
4,295,16.417903,8.214084,1.000625,0.240364,0,5,ok
4,296,25.766538,13.051488,1.013057,2.229593,0,3,ok
4,297,9.255454,4.627727,1.000000,0.000000,1,4,ok
4,298,35.211133,17.605567,1.000000,0.000000,1,5,ok
4,299,31.135151,15.567575,1.000000,0.000000,1,4,ok
4,300,26.082883,13.041442,1.000000,0.000000,1,5,ok
4,301,8.426079,4.213039,1.000000,0.000000,1,4,ok
4,302,20.376574,10.188287,1.000000,0.000000,1,4,ok
4,303,87.599848,43.799924,1.000000,0.000000,1,5,ok
4,304,38.712993,19.356497,1.000000,0.000000,1,5,ok
4,305,10.036998,5.361439,1.068335,2.226365,0,3,ok
4,306,29.202373,14.780982,1.012314,2.147810,0,5,ok
4,307,26.289171,13.144586,1.000000,0.000000,1,4,ok
4,308,34.939953,17.469976,1.000000,0.000000,1,4,ok
4,309,18.671327,9.348075,1.001330,0.427747,0,5,ok
4,310,15.968639,7.992363,1.001007,0.261821,0,5,ok
4,311,18.153745,9.076873,1.000000,0.000000,1,4,ok
4,312,3.610767,1.805384,1.000000,0.000000,1,4,ok
4,313,27.004300,13.502150,1.000000,0.000000,1,4,ok
4,314,16.543138,8.271569,1.000000,0.000000,1,4,ok
4,315,17.013793,8.553318,1.005457,0.933665,0,3,ok
4,316,22.518803,11.259401,1.000000,0.000000,1,4,ok
4,317,52.792192,26.396096,1.000000,0.000000,1,6,ok
4,318,30.362531,15.181265,1.000000,0.000000,1,5,ok
4,319,11.422476,5.711238,1.000000,0.000000,1,6,ok
4,320,14.595419,7.297710,1.000000,0.000000,1,4,ok
4,321,26.142723,13.071361,1.000000,0.000000,1,4,ok
4,322,23.072245,11.536123,1.000000,0.000000,1,5,ok
4,323,25.501396,12.750698,1.000000,0.000000,1,4,ok
4,324,24.112049,12.056025,1.000000,0.000000,1,5,ok
4,325,29.090989,14.545495,1.000000,0.000000,1,4,ok
4,326,16.917829,8.593492,1.015910,1.648987,0,5,ok
4,327,14.539932,7.269966,1.000000,0.000000,1,4,ok
4,328,7.184280,3.592140,1.000000,0.000000,1,4,ok
4,329,4.014578,2.007289,1.000000,0.000000,1,4,ok
4,330,9.452699,4.797618,1.015079,0.734949,0,4,ok
4,331,9.710588,4.880894,1.005273,0.269781,0,5,ok
4,332,39.261076,19.630538,1.000000,0.000000,1,6,ok
4,333,45.503310,22.751655,1.000000,0.000000,1,5,ok
4,334,6.544725,3.272362,1.000000,0.000000,1,4,ok
4,335,13.042323,6.521161,1.000000,0.000000,1,4,ok
4,336,30.978621,15.489311,1.000000,0.000000,1,5,ok
4,337,8.786280,4.680899,1.065502,1.901394,0,4,ok
4,338,36.728907,18.364453,1.000000,0.000000,1,4,ok
4,339,22.829231,11.414615,1.000000,0.000000,1,4,ok
4,340,18.831329,9.415665,1.000000,0.000000,1,4,ok
4,341,69.213870,34.606935,1.000000,0.000000,1,5,ok
4,342,18.922630,9.461315,1.000000,0.000000,1,4,ok
4,343,25.297876,12.649103,1.000013,0.004786,0,6,ok
4,344,9.536193,4.768096,1.000000,0.000000,1,3,ok
4,345,24.020764,12.032566,1.001847,0.437429,0,4,ok
4,346,8.069133,4.034567,1.000000,0.000000,1,5,ok
4,347,55.427443,27.713721,1.000000,0.000000,1,5,ok
4,348,24.835856,12.417928,1.000000,0.000000,1,4,ok
4,349,10.615384,5.307692,1.000000,0.000000,1,4,ok
4,350,8.694322,4.347161,1.000000,0.000000,1,4,ok
4,351,47.469202,23.734601,1.000000,0.000000,1,5,ok
4,352,11.177582,5.603575,1.002645,0.349638,0,6,ok
4,353,4.161891,2.083498,1.001227,0.084944,0,4,ok
4,354,9.254698,4.645017,1.003818,0.216046,0,5,ok
4,355,23.661953,11.866211,1.002978,0.670647,0,3,ok
4,356,12.788653,6.394326,1.000000,-0.000000,1,4,ok
4,357,4.137112,2.068556,1.000000,0.000000,1,4,ok
4,358,5.489069,2.744534,1.000000,0.000000,1,4,ok
4,359,3.285129,1.652753,1.006203,0.192640,0,4,ok
4,360,35.907421,17.953711,1.000000,0.000000,1,5,ok
4,361,36.485766,18.242883,1.000000,0.000000,1,5,ok
4,362,54.681092,27.340546,1.000000,0.000000,1,3,ok
4,363,25.179627,12.589813,1.000000,0.000000,1,6,ok
4,364,23.159793,11.579896,1.000000,0.000000,1,4,ok
4,365,9.202305,4.654004,1.011487,0.476913,0,4,ok
4,366,11.536089,5.768044,1.000000,0.000000,1,4,ok
4,367,25.831228,12.915614,1.000000,0.000000,1,4,ok
4,368,35.718270,17.859135,1.000000,0.000000,1,5,ok
4,369,32.841668,16.420834,1.000000,0.000000,1,5,ok
4,370,13.853828,6.926914,1.000000,0.000000,1,5,ok
4,371,22.540641,11.270321,1.000000,0.000000,1,4,ok
4,372,31.062426,15.531221,1.000001,0.009300,0,4,ok
4,373,9.142814,4.571407,1.000000,0.000000,1,4,ok
4,374,20.751514,10.375940,1.000018,0.052313,0,3,ok
4,375,34.070565,17.035283,1.000000,0.000000,1,4,ok
4,376,45.114078,22.557039,1.000000,0.000000,1,5,ok
4,377,44.199502,22.124963,1.001141,0.794795,0,4,ok
4,378,48.701805,24.350902,1.000000,0.000000,1,4,ok
4,379,18.672948,9.336474,1.000000,0.000000,1,4,ok
4,380,19.405928,9.703232,1.000028,0.028909,0,4,ok
4,381,28.116323,14.058162,1.000000,0.000000,1,5,ok
4,382,32.240204,16.120102,1.000000,0.000000,1,4,ok
4,383,6.987027,3.626968,1.038201,1.072457,0,4,ok
4,384,7.247499,3.623749,1.000000,0.000000,1,4,ok
4,385,50.477269,25.238635,1.000000,0.000000,1,5,ok
4,386,14.574107,7.287054,1.000000,0.000000,1,4,ok
4,387,21.592408,10.796204,1.000000,0.000000,1,5,ok
4,388,8.833013,4.416506,1.000000,0.000000,1,4,ok
4,389,30.128314,15.064157,1.000000,0.000000,1,4,ok
4,390,24.751288,12.375644,1.000000,0.000000,1,5,ok
4,391,34.771400,17.385700,1.000000,0.000000,1,4,ok
4,392,24.358594,12.179297,1.000000,0.000000,1,4,ok
4,393,15.719222,7.859611,1.000000,0.000000,1,4,ok
4,394,7.521871,3.760935,1.000000,0.000000,1,4,ok
4,395,26.027597,13.146442,1.010193,1.821180,0,4,ok
4,396,7.798392,3.899196,1.000000,0.000000,1,4,ok
4,397,15.293918,7.671237,1.003175,0.297118,0,4,ok
4,398,13.601670,6.800835,1.000000,0.000000,1,4,ok
4,399,18.099737,9.096064,1.005104,0.599634,0,6,ok
4,400,15.571435,7.785718,1.000000,0.000000,1,4,ok
4,401,19.893573,9.946787,1.000000,0.000000,1,5,ok
4,402,25.912845,12.956423,1.000000,0.000000,1,6,ok
4,403,26.574251,13.287125,1.000000,0.000000,1,5,ok
4,404,20.345953,10.172977,1.000000,0.000000,1,3,ok
4,405,52.093077,26.046539,1.000000,0.000000,1,4,ok
4,406,45.252722,22.626361,1.000000,0.000000,1,6,ok
4,407,2.752808,1.376404,1.000000,0.000000,1,4,ok
4,408,37.468124,19.279946,1.029139,4.159763,0,5,ok
4,409,10.848837,5.424418,1.000000,0.000000,1,4,ok
4,410,14.585071,7.292536,1.000000,0.000000,1,4,ok
4,411,45.173844,22.586922,1.000000,0.000000,1,6,ok
4,412,66.378948,33.189474,1.000000,0.000000,1,6,ok
4,413,6.556769,3.278384,1.000000,0.000000,1,4,ok
4,414,6.700466,3.350233,1.000000,0.000000,1,5,ok
4,415,35.979327,17.989663,1.000000,0.000000,1,4,ok
4,416,34.215386,17.107693,1.000000,0.000000,1,4,ok
4,417,15.130601,7.675543,1.014572,1.233622,0,4,ok
4,418,26.091696,13.045848,1.000000,0.000000,1,5,ok
4,419,18.644896,9.365937,1.004665,0.375521,0,4,ok
4,420,53.903947,26.951974,1.000000,0.000000,1,4,ok
4,421,16.549017,8.274509,1.000000,0.000000,1,5,ok
4,422,11.733462,5.866731,1.000000,0.000000,1,4,ok
4,423,12.751170,6.386498,1.001712,0.239235,0,5,ok
4,424,5.434643,2.717322,1.000000,0.000000,1,4,ok
4,425,24.203922,12.402407,1.024826,2.171633,0,8,ok
4,426,12.267794,6.133897,1.000000,0.000000,1,4,ok
4,427,11.003453,5.501726,1.000000,0.000000,1,4,ok
4,428,53.912429,26.956215,1.000000,0.000000,1,5,ok
4,429,6.153504,3.092859,1.005235,0.261215,0,4,ok
4,430,43.760050,21.880025,1.000000,0.000000,1,7,ok
4,431,63.311429,31.655715,1.000000,0.000000,1,4,ok
4,432,10.069065,5.034533,1.000000,0.000000,1,4,ok
4,433,39.772608,19.886304,1.000000,0.000000,1,4,ok
4,434,9.999531,4.999765,1.000000,0.000000,1,5,ok
4,435,31.105953,15.552976,1.000000,0.000000,1,4,ok
4,436,23.943270,11.971635,1.000000,0.000000,1,4,ok
4,437,40.137441,20.068721,1.000000,-0.000000,1,4,ok
4,438,17.529555,8.764777,1.000000,0.000000,1,4,ok
4,439,30.369140,15.487511,1.019951,3.095428,0,5,ok
4,440,6.832551,3.416275,1.000000,0.000000,1,4,ok
4,441,11.821387,5.910694,1.000000,0.000000,1,4,ok
4,442,5.519261,2.759631,1.000000,0.000000,1,4,ok
4,443,40.480713,20.240357,1.000000,0.000000,1,4,ok
4,444,36.243976,18.121988,1.000000,0.000000,1,4,ok
4,445,14.945318,7.472659,1.000000,0.000000,1,4,ok
4,446,29.760950,14.880475,1.000000,0.000000,1,4,ok
4,447,17.522136,8.761068,1.000000,0.000000,1,4,ok
4,448,7.755957,3.877978,1.000000,0.000000,1,3,ok
4,449,58.978778,29.489389,1.000000,0.000000,1,4,ok
4,450,20.925281,10.462641,1.000000,0.000000,1,4,ok
4,451,46.718357,23.359179,1.000000,0.000000,1,4,ok
4,452,32.538735,16.269368,1.000000,0.000000,1,4,ok
4,453,12.297814,6.149093,1.000030,0.028976,0,4,ok
4,454,7.190429,3.595215,1.000000,0.000000,1,5,ok
4,455,46.584742,23.292371,1.000000,0.000000,1,4,ok
4,456,62.745270,31.372635,1.000000,0.000000,1,6,ok
4,457,18.976218,9.488109,1.000000,0.000000,1,3,ok
4,458,16.702448,8.351224,1.000000,0.000000,1,4,ok
4,459,24.124595,12.062298,1.000000,-0.000000,1,4,ok
4,460,24.466339,12.233169,1.000000,0.000000,1,5,ok
4,461,2.922085,1.461042,1.000000,0.000000,1,4,ok
4,462,11.352250,5.676125,1.000000,0.000000,1,4,ok
4,463,19.358506,9.679253,1.000000,0.000000,1,5,ok
4,464,11.877581,5.938791,1.000000,0.000000,1,4,ok
4,465,25.674326,12.837163,1.000000,0.000000,1,5,ok
4,466,42.663182,21.331591,1.000000,0.000000,1,6,ok
4,467,4.636826,2.378063,1.025729,0.448689,0,5,ok
4,468,6.474642,3.237321,1.000000,0.000000,1,4,ok
4,469,9.676276,4.838138,1.000000,0.000000,1,4,ok
4,470,38.999423,19.499712,1.000000,0.000000,1,4,ok
4,471,36.680967,18.340483,1.000000,0.000000,1,5,ok
4,472,18.086218,9.043109,1.000000,0.000000,1,4,ok
4,473,35.692275,17.846138,1.000000,-0.000000,1,4,ok
4,474,21.001966,10.500983,1.000000,0.000000,1,5,ok
4,475,71.107530,35.553765,1.000000,0.000000,1,6,ok
4,476,12.123438,6.062177,1.000075,0.053878,0,5,ok
4,477,23.648933,11.824467,1.000000,0.000000,1,4,ok
4,478,21.883695,11.047910,1.009693,1.198719,0,4,ok
4,479,31.532250,15.766125,1.000000,0.000000,1,4,ok
4,480,9.846256,4.923128,1.000000,0.000000,1,4,ok
4,481,14.440001,7.220048,1.000007,0.002572,0,5,ok
4,482,12.265535,6.132767,1.000000,0.000000,1,4,ok
4,483,36.789192,18.394596,1.000000,0.000000,1,4,ok
4,484,40.012789,20.006395,1.000000,0.000000,1,4,ok
4,485,14.862357,7.433015,1.000247,0.148358,0,5,ok
4,486,26.874370,13.512488,1.005604,0.761631,0,4,ok
4,487,20.007848,10.003924,1.000000,0.000000,1,4,ok
4,488,51.009088,25.504544,1.000000,0.000000,1,5,ok
4,489,12.737419,6.368709,1.000000,0.000000,1,4,ok
4,490,53.737495,26.868747,1.000000,0.000000,1,5,ok
4,491,48.059500,24.029750,1.000000,0.000000,1,4,ok
4,492,117.285652,58.642826,1.000000,0.000000,1,6,ok
4,493,2.642050,1.321025,1.000000,0.000000,1,5,ok
4,494,25.298767,12.649383,1.000000,0.000000,1,4,ok
4,495,31.384117,15.692059,1.000000,0.000000,1,4,ok
4,496,16.423781,8.211891,1.000000,0.000000,1,4,ok
4,497,26.646230,13.323115,1.000000,0.000000,1,4,ok
4,498,41.295418,20.647709,1.000000,0.000000,1,4,ok
4,499,12.872558,6.436279,1.000000,0.000000,1,4,ok
5,0,39.493647,19.746824,1.000000,0.000000,1,6,ok
5,1,46.553395,23.276697,1.000000,0.000000,1,5,ok
5,2,25.762612,12.881306,1.000000,0.000000,1,4,ok
5,3,15.278822,7.639411,1.000000,0.000000,1,5,ok
5,4,13.061588,6.531153,1.000055,0.030093,0,4,ok
5,5,5.840594,3.004716,1.028908,0.650519,0,4,ok
5,6,17.054710,8.527355,1.000000,0.000000,1,5,ok
5,7,33.207566,16.603783,1.000000,0.000000,1,7,ok
5,8,19.661716,9.846109,1.001551,0.452629,0,4,ok
5,9,4.780595,2.390298,1.000000,0.000000,1,5,ok
5,10,24.139021,12.069510,1.000000,0.000000,1,4,ok
5,11,10.559677,5.279838,1.000000,0.000000,1,4,ok
5,12,38.066386,19.033193,1.000000,0.000000,1,5,ok
5,13,43.011755,21.505878,1.000000,0.000000,1,5,ok
5,14,12.116011,6.146910,1.014676,1.103525,0,5,ok
5,15,20.476394,10.238197,1.000000,0.000000,1,4,ok
5,16,11.275942,5.637971,1.000000,0.000000,1,5,ok
5,17,18.329162,9.164581,1.000000,0.000000,1,5,ok
5,18,32.617441,16.308720,1.000000,0.000000,1,4,ok
5,19,6.324334,3.162167,1.000000,0.000000,1,5,ok
5,20,21.155718,10.580003,1.000203,0.171626,0,4,ok
5,21,15.420824,7.710412,1.000000,0.000000,1,4,ok
5,22,6.373779,3.186889,1.000000,0.000000,1,5,ok
5,23,53.635550,26.817775,1.000000,0.000000,1,4,ok
5,24,8.661722,4.330861,1.000000,0.000000,1,4,ok
5,25,10.472247,5.237680,1.000297,0.098655,0,4,ok
5,26,36.286682,18.143341,1.000000,0.000000,1,5,ok
5,27,36.089074,18.212510,1.009309,2.190792,0,5,ok
5,28,6.496237,3.248119,1.000000,0.000000,1,4,ok
5,29,16.696714,8.348357,1.000000,0.000000,1,5,ok
5,30,19.780855,9.890427,1.000000,0.000000,1,5,ok
5,31,3.344562,1.672281,1.000000,0.000000,1,4,ok
5,32,72.010079,36.005039,1.000000,0.000000,1,5,ok
5,33,21.292186,10.646093,1.000000,0.000000,1,6,ok
5,34,25.701453,12.850726,1.000000,0.000000,1,6,ok
5,35,17.793188,8.913140,1.001860,0.372508,0,5,ok
5,36,15.130379,7.565189,1.000000,0.000000,1,5,ok
5,37,26.848545,13.441148,1.001257,0.215671,0,4,ok
5,38,5.168824,2.748836,1.063621,1.088522,0,3,ok
5,39,30.955383,15.477692,1.000000,0.000000,1,5,ok
5,40,4.341154,2.170577,1.000000,0.000000,1,4,ok
5,41,17.179801,8.589901,1.000000,0.000000,1,3,ok
5,42,34.815449,17.407724,1.000000,0.000000,1,5,ok
5,43,14.204553,7.102276,1.000000,0.000000,1,5,ok
5,44,11.369244,5.684622,1.000000,0.000000,1,5,ok
5,45,47.753985,23.876992,1.000000,0.000000,1,6,ok
5,46,11.388153,5.694077,1.000000,-0.000000,1,4,ok
5,47,7.588366,3.947941,1.040525,1.214360,0,5,ok
5,48,39.288141,19.644070,1.000000,0.000000,1,4,ok
5,49,12.847546,6.427081,1.000515,0.201916,0,6,ok
5,50,15.620704,7.810352,1.000000,-0.000000,1,5,ok
5,51,13.066005,6.533003,1.000000,0.000000,1,4,ok
5,52,12.143584,6.071792,1.000000,0.000000,1,4,ok
5,53,3.304891,1.653292,1.000512,0.014315,0,6,ok
5,54,20.480930,10.240465,1.000000,0.000000,1,5,ok
5,55,34.429473,17.214737,1.000000,0.000000,1,4,ok
5,56,35.997833,17.998917,1.000000,0.000000,1,3,ok
5,57,40.523283,20.261641,1.000000,0.000000,1,6,ok
5,58,3.044597,1.522298,1.000000,0.000000,1,4,ok
5,59,12.131250,6.065625,1.000000,0.000000,1,4,ok
5,60,26.194943,13.097472,1.000000,0.000000,1,4,ok
5,61,9.954450,4.977225,1.000000,0.000000,1,5,ok
5,62,19.131630,9.565815,1.000000,-0.000000,1,5,ok
5,63,2.586706,1.293353,1.000000,0.000000,1,4,ok
5,64,29.892259,14.946130,1.000000,0.000000,1,5,ok
5,65,6.839566,3.635537,1.063090,1.012672,0,4,ok
5,66,30.549208,15.278809,1.000275,0.362493,0,6,ok
5,67,8.833399,4.416700,1.000000,0.000000,1,4,ok
5,68,35.232697,17.616348,1.000000,0.000000,1,4,ok
5,69,32.881052,16.443571,1.000185,0.299689,0,5,ok
5,70,12.948380,6.583639,1.016905,1.199771,0,4,ok
5,71,7.079707,3.539854,1.000000,0.000000,1,5,ok
5,72,46.701125,23.350562,1.000000,0.000000,1,4,ok
5,73,16.139984,8.165274,1.011807,1.088762,0,4,ok
5,74,28.898672,14.498174,1.003380,0.448421,0,6,ok
5,75,7.646415,3.889910,1.017447,0.692541,0,4,ok
5,76,26.707270,13.353635,1.000000,0.000000,1,5,ok
5,77,10.765418,5.382709,1.000000,0.000000,1,4,ok
5,78,4.697728,2.348864,1.000000,0.000000,1,4,ok
5,79,15.659760,7.829880,1.000000,0.000000,1,4,ok
5,80,27.349455,13.997002,1.023567,3.230231,0,4,ok
5,81,17.531690,8.765845,1.000000,0.000000,1,5,ok
5,82,25.637530,13.046901,1.017797,2.217365,0,4,ok
5,83,9.885758,4.942879,1.000000,0.000000,1,4,ok
5,84,9.142831,4.571433,1.000004,0.012489,0,4,ok
5,85,25.866783,12.933392,1.000000,0.000000,1,4,ok
5,86,11.048166,5.524083,1.000000,0.000000,1,5,ok
5,87,8.647161,4.323580,1.000000,0.000000,1,4,ok
5,88,18.036035,9.060433,1.004703,0.679733,0,4,ok
5,89,3.123560,1.561780,1.000000,0.000000,1,4,ok
5,90,43.579042,21.789521,1.000000,0.000000,1,3,ok
5,91,9.052888,4.526444,1.000000,0.000000,1,4,ok
5,92,9.579846,4.789923,1.000000,0.000000,1,4,ok
5,93,10.582256,5.291128,1.000000,0.000000,1,5,ok
5,94,13.564152,6.782076,1.000000,0.000000,1,4,ok
5,95,16.344366,8.172183,1.000000,0.000000,1,5,ok
5,96,7.277404,3.653944,1.004189,0.293960,0,5,ok
5,97,17.056702,8.528351,1.000000,0.000000,1,4,ok
5,98,10.760319,5.380160,1.000000,0.000000,1,4,ok
5,99,61.020277,30.510138,1.000000,0.000000,1,6,ok
5,100,11.678989,5.839494,1.000000,0.000000,1,5,ok
5,101,8.893237,4.446618,1.000000,0.000000,1,6,ok
5,102,8.473373,4.236687,1.000000,0.000000,1,5,ok
5,103,17.125944,8.620921,1.006767,0.823037,0,5,ok
5,104,8.459090,4.229545,1.000000,0.000000,1,4,ok
5,105,16.071774,8.035887,1.000000,0.000000,1,4,ok
5,106,11.481122,5.740561,1.000000,0.000000,1,5,ok
5,107,58.605261,29.302630,1.000000,0.000000,1,5,ok
5,108,21.138822,10.569411,1.000000,0.000000,1,4,ok
5,109,23.878062,11.939031,1.000000,0.000000,1,5,ok
5,110,2.516594,1.258297,1.000000,0.000000,1,6,ok
5,111,35.203810,17.601905,1.000000,0.000000,1,5,ok
5,112,37.661097,18.830549,1.000000,0.000000,1,5,ok
5,113,35.017207,17.508604,1.000000,0.000000,1,5,ok
5,114,21.043163,10.736960,1.020470,2.246137,0,3,ok
5,115,14.982018,7.491009,1.000000,0.000000,1,4,ok
5,116,22.517028,11.258514,1.000000,0.000000,1,4,ok
5,117,12.392711,6.196355,1.000000,0.000000,1,5,ok
5,118,30.421619,15.216520,1.000375,0.220919,0,5,ok
5,119,18.203452,9.101726,1.000000,0.000000,1,4,ok
5,120,16.453576,8.226788,1.000000,0.000000,1,6,ok
5,121,9.390144,4.903017,1.044290,1.370851,0,4,ok
5,122,6.274616,3.137308,1.000000,0.000000,1,4,ok
5,123,27.234975,14.667415,1.077101,6.432919,0,5,ok
5,124,41.722449,20.861225,1.000000,0.000000,1,5,ok
5,125,12.523447,6.294412,1.005220,0.623224,0,5,ok
5,126,4.575836,2.287918,1.000000,0.000000,1,5,ok
5,127,31.812588,15.906294,1.000000,0.000000,1,5,ok
5,128,20.189852,10.094926,1.000000,0.000000,1,5,ok
5,129,27.324990,13.662495,1.000000,0.000000,1,4,ok
5,130,24.026880,12.013440,1.000000,0.000000,1,4,ok
5,131,4.767234,2.383617,1.000000,0.000000,1,4,ok
5,132,15.714699,7.857349,1.000000,0.000000,1,5,ok
5,133,16.304893,8.270165,1.014440,1.263325,0,4,ok
5,134,14.753859,7.562391,1.025141,1.621306,0,5,ok
5,135,27.830235,14.459838,1.039146,3.778940,0,4,ok
5,136,25.672231,13.157351,1.025026,2.905544,0,6,ok
5,137,23.916588,12.025609,1.005629,1.138012,0,5,ok
5,138,16.430446,8.215223,1.000000,0.000000,1,4,ok
5,139,9.498926,4.749463,1.000000,0.000000,1,5,ok
5,140,24.839145,12.419573,1.000000,0.000000,1,6,ok
5,141,10.621479,5.310740,1.000000,0.000000,1,6,ok
5,142,18.108266,9.054133,1.000000,0.000000,1,5,ok
5,143,11.326432,5.711580,1.008540,0.685535,0,5,ok
5,144,13.409332,6.984732,1.041772,2.220637,0,5,ok
5,145,11.837258,6.307590,1.065718,2.568943,0,5,ok
5,146,19.761670,9.880835,1.000000,0.000000,1,5,ok
5,147,15.777922,7.888961,1.000000,0.000000,1,4,ok
5,148,41.355892,20.677946,1.000000,0.000000,1,7,ok
5,149,23.359523,11.679761,1.000000,0.000000,1,5,ok
5,150,25.970457,12.985228,1.000000,0.000000,1,6,ok
5,151,3.388612,1.706137,1.006983,0.201595,0,3,ok
5,152,9.958579,4.979289,1.000000,0.000000,1,5,ok
5,153,17.990342,8.995171,1.000000,-0.000000,1,4,ok
5,154,7.225239,3.612619,1.000000,0.000000,1,4,ok
5,155,25.228241,12.614121,1.000000,0.000000,1,6,ok
5,156,22.725702,11.362851,1.000000,0.000000,1,4,ok
5,157,9.091597,4.545799,1.000000,0.000000,1,5,ok
5,158,11.274572,5.637286,1.000000,0.000000,1,4,ok
5,159,78.807734,39.403867,1.000000,0.000000,1,5,ok
5,160,11.260412,5.630206,1.000000,0.000000,1,4,ok
5,161,12.710658,6.356702,1.000216,0.085947,0,6,ok
5,162,18.395244,9.197622,1.000000,0.000000,1,4,ok
5,163,2.677780,1.338890,1.000000,0.000000,1,4,ok
5,164,13.518168,6.759084,1.000000,0.000000,1,5,ok
5,165,3.820472,1.988976,1.041220,0.582042,0,4,ok
5,166,21.606833,10.803417,1.000000,0.000000,1,4,ok
5,167,13.699819,6.849910,1.000000,0.000000,1,5,ok
5,168,17.689752,8.845130,1.000029,0.066270,0,6,ok
5,169,16.479598,8.239799,1.000000,0.000000,1,4,ok
5,170,4.014820,2.039981,1.016225,0.324125,0,4,ok
5,171,13.374465,6.687233,1.000000,0.000000,1,4,ok
5,172,25.621688,12.813800,1.000231,0.201369,0,4,ok
5,173,11.079435,5.539718,1.000000,0.000000,1,4,ok
5,174,6.811390,3.405695,1.000000,0.000000,1,4,ok
5,175,18.042583,9.021292,1.000000,0.000000,1,5,ok
5,176,28.878819,14.439410,1.000000,0.000000,1,5,ok
5,177,13.027081,6.513541,1.000000,0.000000,1,5,ok
5,178,5.240538,2.620269,1.000000,0.000000,1,4,ok
5,179,14.048402,7.030478,1.000894,0.277449,0,5,ok
5,180,7.770222,3.886281,1.000301,0.034727,0,4,ok
5,181,41.320287,20.660144,1.000000,0.000709,0,6,ok
5,182,1.463078,0.731539,1.000000,0.000000,1,3,ok
5,183,2.361976,1.180988,1.000000,0.000000,1,4,ok
5,184,25.160855,12.592658,1.000972,0.142616,0,4,ok
5,185,7.999687,3.999844,1.000000,-0.000000,1,5,ok
5,186,13.361753,6.770443,1.013406,1.162748,0,4,ok
5,187,43.022274,21.511137,1.000000,0.000000,1,6,ok
5,188,23.952353,11.976176,1.000000,0.000000,1,4,ok
5,189,6.450663,3.225332,1.000000,0.000000,1,4,ok
5,190,11.663786,5.831893,1.000000,0.000000,1,4,ok
5,191,14.259737,7.129869,1.000000,0.000000,1,4,ok
5,192,22.765465,11.382732,1.000000,0.000000,1,4,ok
5,193,15.103197,7.551598,1.000000,0.000000,1,5,ok
5,194,16.965828,8.482914,1.000000,0.000000,1,5,ok
5,195,24.308232,12.154116,1.000000,0.000000,1,6,ok
5,196,5.583128,2.799439,1.002821,0.158447,0,4,ok
5,197,43.127126,21.563563,1.000000,0.000000,1,4,ok
5,198,6.473105,3.236552,1.000000,0.000000,1,4,ok
5,199,14.112116,7.056058,1.000000,0.000000,1,4,ok
5,200,7.302542,3.651271,1.000000,0.000000,1,5,ok
5,201,24.589047,12.294524,1.000000,0.000000,1,4,ok
5,202,3.969619,1.984810,1.000000,0.000000,1,3,ok
5,203,17.519461,8.759730,1.000000,0.000000,1,4,ok
5,204,7.435288,3.717644,1.000000,0.000000,1,5,ok
5,205,3.719428,2.020013,1.086195,0.922358,0,3,ok
5,206,27.913101,13.956551,1.000000,-0.000000,1,4,ok
5,207,16.070531,8.042881,1.000948,0.252049,0,4,ok
5,208,18.246034,9.123017,1.000000,0.000000,1,4,ok
5,209,67.430999,33.715500,1.000000,0.000000,1,6,ok
5,210,2.435934,1.327685,1.090083,0.634428,0,3,ok
5,211,8.087204,4.043602,1.000000,0.000000,1,5,ok
5,212,21.751108,10.875554,1.000000,0.000000,1,4,ok
5,213,8.880623,4.440312,1.000000,0.000000,1,6,ok
5,214,5.358277,2.679139,1.000000,0.000000,1,5,ok
5,215,50.550625,25.275312,1.000000,0.000000,1,4,ok
5,216,15.651643,7.825821,1.000000,0.000000,1,4,ok
5,217,14.486582,7.243291,1.000000,0.000000,1,6,ok
5,218,5.183357,2.591679,1.000000,0.000000,1,6,ok
5,219,19.512524,9.756262,1.000000,0.000000,1,3,ok
5,220,18.349273,9.174637,1.000000,0.000000,1,4,ok
5,221,35.452741,17.726371,1.000000,0.000000,1,7,ok
5,222,41.932507,20.966254,1.000000,0.000000,1,4,ok
5,223,35.030715,17.515357,1.000000,0.000000,1,6,ok
5,224,15.294394,7.647197,1.000000,0.000000,1,6,ok
5,225,7.226431,3.613216,1.000000,0.000000,1,5,ok
5,226,6.246874,3.128898,1.001748,0.117890,0,4,ok
5,227,4.638279,2.319140,1.000000,0.000000,1,4,ok
5,228,22.035224,11.406167,1.035267,3.271248,0,3,ok
5,229,4.882829,2.441414,1.000000,0.000000,1,4,ok
5,230,53.672334,26.836167,1.000000,0.000000,1,6,ok
5,231,9.567388,4.788684,1.001043,0.125975,0,4,ok
5,232,9.864214,4.932107,1.000000,0.000000,1,4,ok
5,233,12.312258,6.159578,1.000560,0.156538,0,6,ok
5,234,20.743327,10.371664,1.000000,0.000000,1,5,ok
5,235,17.103161,8.551581,1.000000,0.000000,1,4,ok
5,236,21.602613,10.801307,1.000000,0.000000,1,5,ok
5,237,3.581482,1.790803,1.000034,0.013112,0,4,ok
5,238,31.289321,15.658876,1.000909,0.401927,0,5,ok
5,239,15.823863,7.911931,1.000000,0.000000,1,5,ok
5,240,4.676696,2.338348,1.000000,0.000000,1,4,ok
5,241,16.486673,8.246506,1.000385,0.020823,0,5,ok
5,242,15.804875,7.902438,1.000000,0.000000,1,4,ok
5,243,8.420905,4.247155,1.008717,0.548078,0,4,ok
5,244,65.528369,32.764185,1.000000,0.000000,1,5,ok
5,245,5.945966,2.972983,1.000000,0.000000,1,5,ok
5,246,7.553739,3.776869,1.000000,0.000000,1,4,ok
5,247,21.067918,10.533959,1.000000,0.000000,1,6,ok
5,248,4.870019,2.435010,1.000000,0.000000,1,5,ok
5,249,2.442432,1.221216,1.000000,0.000000,1,4,ok
5,250,23.043059,11.521530,1.000000,0.000000,1,4,ok
5,251,12.467113,6.238003,1.000713,0.048253,0,5,ok
5,252,4.171453,2.085726,1.000000,0.000000,1,5,ok
5,253,23.380019,11.690009,1.000000,0.000000,1,4,ok
5,254,19.936872,9.970822,1.000239,0.064541,0,5,ok
5,255,14.815972,7.416241,1.001114,0.350953,0,4,ok
5,256,18.645071,9.322536,1.000000,0.000000,1,4,ok
5,257,27.316129,13.658064,1.000000,0.000000,1,4,ok
5,258,26.216768,13.187916,1.006067,1.474845,0,4,ok
5,259,2.632177,1.316165,1.000059,0.006444,0,5,ok
5,260,34.116486,17.058243,1.000000,0.000000,1,6,ok
5,261,21.258001,10.629001,1.000000,0.000000,1,4,ok
5,262,7.706231,3.853116,1.000000,0.000000,1,4,ok
5,263,14.527139,7.263569,1.000000,-0.000000,1,6,ok
5,264,10.531148,5.269748,1.000793,0.133198,0,4,ok
5,265,10.114455,5.057228,1.000000,0.000000,1,4,ok
5,266,8.936340,4.468170,1.000000,0.000000,1,4,ok
5,267,12.706864,6.353432,1.000000,0.000000,1,4,ok
5,268,14.549804,7.274902,1.000000,-0.000000,1,5,ok
5,269,11.682377,5.841188,1.000000,0.000000,1,4,ok
5,270,9.428656,4.715593,1.000268,0.073183,0,6,ok
5,271,29.901090,14.951299,1.000050,0.047377,0,6,ok
5,272,20.655222,10.343351,1.001524,0.147535,0,6,ok
5,273,24.319282,12.159641,1.000000,0.000000,1,4,ok
5,274,14.478991,7.239496,1.000000,0.000000,1,4,ok
5,275,5.304595,2.660729,1.003179,0.209056,0,5,ok
5,276,23.682119,11.841060,1.000000,0.000000,1,6,ok
5,277,18.690031,9.345135,1.000013,0.028760,0,4,ok
5,278,25.213757,12.606879,1.000000,0.000000,1,4,ok
5,279,9.135768,4.567884,1.000000,0.000000,1,4,ok
5,280,14.421977,7.210989,1.000000,0.000000,1,5,ok
5,281,20.921185,10.460592,1.000000,0.000000,1,4,ok
5,282,16.603564,8.301782,1.000000,0.000000,1,4,ok
5,283,44.617037,22.308518,1.000000,0.000000,1,6,ok
5,284,10.762824,5.381412,1.000000,0.000000,1,4,ok
5,285,16.082829,8.041415,1.000000,0.000000,1,5,ok
5,286,5.685022,2.842511,1.000000,0.000000,1,4,ok
5,287,12.281315,6.140658,1.000000,0.000000,1,4,ok
5,288,15.161705,8.395374,1.107445,2.631169,0,5,ok
5,289,6.045764,3.022882,1.000000,0.000000,1,5,ok
5,290,7.058349,3.529174,1.000000,0.000000,1,4,ok
5,291,7.159469,3.579734,1.000000,0.000000,1,4,ok
5,292,9.956487,4.990886,1.002540,0.185392,0,4,ok
5,293,7.344539,3.677048,1.001301,0.051682,0,5,ok
5,294,27.714284,13.857142,1.000000,0.000000,1,4,ok
5,295,8.904214,4.452107,1.000000,0.000000,1,4,ok
5,296,28.472859,14.236430,1.000000,0.000000,1,4,ok
5,297,9.407161,4.703581,1.000000,0.000000,1,4,ok
5,298,4.260374,2.130187,1.000000,0.000000,1,4,ok
5,299,15.465720,7.732860,1.000000,0.000000,1,5,ok
5,300,34.474136,17.340038,1.005974,1.098808,0,4,ok
5,301,24.037557,12.018778,1.000000,0.000000,1,5,ok
5,302,9.964208,4.982104,1.000000,0.000000,1,4,ok
5,303,14.450943,7.225472,1.000000,0.000000,1,4,ok
5,304,24.601593,12.300796,1.000000,0.000000,1,7,ok
5,305,9.871703,4.935852,1.000000,0.000000,1,4,ok
5,306,4.748680,2.374340,1.000000,0.000000,1,4,ok
5,307,12.466273,6.672838,1.070543,2.707758,0,5,ok
5,308,6.815915,3.409154,1.000351,0.087060,0,4,ok
5,309,27.843182,13.921591,1.000000,0.000000,1,4,ok
5,310,11.909612,5.954806,1.000000,0.000000,1,4,ok
5,311,18.540937,9.392603,1.013175,1.041635,0,4,ok
5,312,14.692847,7.346424,1.000000,0.000000,1,6,ok
5,313,9.474703,4.737352,1.000000,-0.000000,1,4,ok
5,314,18.576250,9.288125,1.000000,0.000000,1,4,ok
5,315,15.376796,7.688398,1.000000,0.000000,1,4,ok
5,316,9.040158,4.520079,1.000000,0.000000,1,4,ok
5,317,8.739176,4.369588,1.000000,0.000000,1,4,ok
5,318,19.843853,9.925801,1.000391,0.038499,0,5,ok
5,319,10.956095,5.732247,1.046403,1.814263,0,5,ok
5,320,43.910583,21.955292,1.000000,0.000000,1,5,ok
5,321,44.098815,22.218390,1.007664,1.399868,0,6,ok
5,322,79.857304,39.928652,1.000000,0.000000,1,5,ok
5,323,23.976241,11.988121,1.000000,0.000000,1,4,ok
5,324,16.731695,8.365848,1.000000,0.000000,1,4,ok
5,325,3.242607,1.621304,1.000000,0.000000,1,4,ok
5,326,29.287203,14.643601,1.000000,0.000000,1,6,ok
5,327,13.024187,6.512093,1.000000,0.000000,1,5,ok
5,328,16.833452,8.416726,1.000000,0.000000,1,5,ok
5,329,35.519125,17.759563,1.000000,0.000000,1,5,ok
5,330,27.417884,13.708942,1.000000,0.000000,1,5,ok
5,331,17.933421,8.972444,1.000639,0.312568,0,5,ok
5,332,27.884409,13.942204,1.000000,0.000000,1,5,ok
5,333,5.497027,2.748513,1.000000,0.000000,1,5,ok
5,334,9.275652,4.637826,1.000000,0.000000,1,4,ok
5,335,28.945647,14.472823,1.000000,0.000000,1,5,ok
5,336,76.243091,38.121545,1.000000,0.000000,1,4,ok
5,337,13.117162,6.558581,1.000000,0.000000,1,4,ok
5,338,36.788746,18.395938,1.000085,0.132359,0,4,ok
5,339,3.857559,1.929239,1.000238,0.016037,0,4,ok
5,340,37.590877,18.795439,1.000000,0.000000,1,5,ok
5,341,8.804876,4.402438,1.000000,0.000000,1,4,ok
5,342,10.844108,5.423236,1.000218,0.104125,0,4,ok
5,343,9.249328,4.627630,1.000641,0.134451,0,4,ok
5,344,27.160657,13.580329,1.000000,0.000000,1,6,ok
5,345,27.429112,13.714556,1.000000,0.000000,1,4,ok
5,346,33.321450,16.680572,1.001191,0.189326,0,6,ok
5,347,31.838635,15.919317,1.000000,0.000000,1,4,ok
5,348,13.559157,6.889055,1.016148,1.227439,0,5,ok
5,349,14.155883,7.077941,1.000000,0.000000,1,5,ok
5,350,20.370025,10.185012,1.000000,0.000000,1,4,ok
5,351,6.880797,3.440399,1.000000,0.000000,1,4,ok
5,352,29.435294,14.717647,1.000000,0.000000,1,6,ok
5,353,17.529735,8.764868,1.000000,0.000000,1,5,ok
5,354,7.983704,3.991852,1.000000,0.000000,1,5,ok
5,355,6.107895,3.053947,1.000000,0.000000,1,4,ok
5,356,6.389995,3.194997,1.000000,0.000000,1,3,ok
5,357,15.553970,7.776985,1.000000,0.000000,1,5,ok
5,358,19.810649,9.905325,1.000000,0.000000,1,5,ok
5,359,15.282064,7.641032,1.000000,0.000000,1,4,ok
5,360,14.273667,7.136834,1.000000,0.000000,1,5,ok
5,361,9.840063,4.920032,1.000000,-0.000000,1,4,ok
5,362,12.202907,6.101454,1.000000,0.000000,1,4,ok
5,363,26.918570,13.463997,1.000350,0.230118,0,4,ok
5,364,45.851701,22.925850,1.000000,0.000000,1,5,ok
5,365,6.087893,3.047793,1.001264,0.138812,0,4,ok
5,366,44.776093,22.487011,1.004420,1.462957,0,4,ok
5,367,5.404543,2.702271,1.000000,0.000000,1,3,ok
5,368,12.424945,6.212473,1.000000,0.000000,1,4,ok
5,369,15.720904,7.860452,1.000000,0.000000,1,4,ok
5,370,7.791758,3.895879,1.000000,0.000000,1,4,ok
5,371,11.302677,5.651338,1.000000,0.000000,1,4,ok
5,372,12.320592,6.160296,1.000000,0.000000,1,4,ok
5,373,39.894702,19.947351,1.000000,0.000000,1,5,ok
5,374,4.037778,2.018889,1.000000,0.000000,1,3,ok
5,375,31.588009,15.794005,1.000000,0.000000,1,6,ok
5,376,33.739206,16.869603,1.000000,0.000000,1,6,ok
5,377,5.099670,2.549835,1.000000,0.000000,1,4,ok
5,378,16.128575,8.269376,1.025432,1.619332,0,5,ok
5,379,13.476010,6.738005,1.000000,0.000000,1,3,ok
5,380,8.660727,4.330364,1.000000,0.000000,1,4,ok
5,381,13.362919,6.681459,1.000000,0.000000,1,4,ok
5,382,8.752699,4.465789,1.020437,0.977900,0,4,ok
5,383,15.113227,7.556613,1.000000,0.000000,1,4,ok
5,384,23.106404,11.553202,1.000000,0.000000,1,4,ok
5,385,31.391796,15.695898,1.000000,0.000000,1,5,ok
5,386,18.715605,9.357803,1.000000,0.000000,1,4,ok
5,387,22.832494,11.430051,1.001209,0.395469,0,4,ok
5,388,6.479742,3.274305,1.010628,0.497293,0,4,ok
5,389,24.803385,12.401692,1.000000,0.000000,1,4,ok
5,390,7.795422,3.897711,1.000000,0.000000,1,4,ok
5,391,21.223865,10.611933,1.000000,0.000000,1,4,ok
5,392,58.443467,29.221734,1.000000,0.000000,1,5,ok
5,393,18.049918,9.024959,1.000000,0.000000,1,3,ok
5,394,8.725154,4.400646,1.008726,0.508001,0,5,ok
5,395,3.696123,2.104657,1.138846,1.263537,0,3,ok
5,396,6.886840,3.443420,1.000000,0.000000,1,3,ok
5,397,28.641753,14.320876,1.000000,0.000000,1,5,ok
5,398,19.823767,9.911883,1.000000,0.000000,1,4,ok
5,399,29.096187,14.627869,1.005484,0.922458,0,4,ok
5,400,23.734161,11.867081,1.000000,0.000000,1,4,ok
5,401,17.055176,8.581944,1.006374,0.779026,0,4,ok
5,402,19.757813,9.878906,1.000000,0.000000,1,5,ok
5,403,17.742171,8.871085,1.000000,0.000000,1,5,ok
5,404,27.334950,13.667475,1.000000,0.000000,1,5,ok
5,405,26.598104,13.299052,1.000000,0.000000,1,5,ok
5,406,16.890312,8.445156,1.000000,0.000000,1,4,ok
5,407,12.171734,6.085867,1.000000,0.000000,1,4,ok
5,408,9.078254,4.539127,1.000000,0.000000,1,4,ok
5,409,13.066319,6.533160,1.000000,0.000000,1,5,ok
5,410,22.504665,11.252333,1.000000,0.000000,1,4,ok
5,411,23.227009,11.613505,1.000000,0.000000,1,4,ok
5,412,6.160477,3.080238,1.000000,0.000000,1,4,ok
5,413,40.413061,20.206531,1.000000,-0.000000,1,3,ok
5,414,6.691035,3.345517,1.000000,0.000000,1,4,ok
5,415,17.574357,8.787178,1.000000,0.000000,1,4,ok
5,416,21.202159,10.601079,1.000000,0.000000,1,4,ok
5,417,26.269822,13.135314,1.000031,0.015919,0,6,ok
5,418,11.271375,5.736526,1.017893,1.141350,0,4,ok
5,419,22.437157,11.218578,1.000000,0.000000,1,6,ok
5,420,6.880405,3.621970,1.052836,1.305915,0,3,ok
5,421,13.524636,6.762318,1.000000,0.000000,1,4,ok
5,422,26.159528,13.079764,1.000000,0.000000,1,4,ok
5,423,13.552427,6.776214,1.000000,0.000000,1,4,ok
5,424,20.503985,10.266182,1.001384,0.336440,0,7,ok
5,425,33.754392,16.877196,1.000000,0.000000,1,4,ok
5,426,12.795643,6.397821,1.000000,0.000000,1,4,ok
5,427,10.392701,5.196351,1.000000,0.000000,1,5,ok
5,428,13.120146,6.560073,1.000000,0.000000,1,4,ok
5,429,47.651978,23.825989,1.000000,0.000000,1,6,ok
5,430,4.927535,2.463767,1.000000,0.000000,1,4,ok
5,431,31.618846,15.809423,1.000000,0.000000,1,6,ok
5,432,10.553970,5.276985,1.000000,0.000000,1,4,ok
5,433,28.318736,14.167887,1.000602,0.474810,0,5,ok
5,434,14.006374,7.234015,1.032960,1.917030,0,5,ok
5,435,2.393462,1.196731,1.000000,0.000000,1,4,ok
5,436,33.501259,16.750630,1.000000,0.000000,1,5,ok
5,437,28.219192,14.109596,1.000000,0.000000,1,6,ok
5,438,17.961562,9.242440,1.029135,1.867459,0,5,ok
5,439,4.343885,2.172213,1.000125,0.018429,0,5,ok
5,440,3.188211,1.594106,1.000000,0.000000,1,4,ok
5,441,5.574304,2.787152,1.000000,0.000000,1,4,ok
5,442,24.231753,12.115876,1.000000,0.000000,1,5,ok
5,443,10.207277,5.103638,1.000000,0.000000,1,3,ok
5,444,5.569212,2.784606,1.000000,0.000000,1,4,ok
5,445,12.979442,6.528643,1.005997,0.587472,0,5,ok
5,446,12.859478,6.464200,1.005360,0.421686,0,5,ok
5,447,8.999536,4.499768,1.000000,0.000000,1,4,ok
5,448,19.579137,9.789569,1.000000,0.000000,1,4,ok
5,449,11.584734,5.792367,1.000000,0.000000,1,4,ok
5,450,10.532979,5.266489,1.000000,0.000000,1,6,ok
5,451,6.209984,3.104992,1.000000,0.000000,1,5,ok
5,452,24.928153,12.464076,1.000000,0.000000,1,6,ok
5,453,9.677687,4.838843,1.000000,0.000000,1,5,ok
5,454,15.251275,7.625637,1.000000,0.000000,1,3,ok
5,455,8.664616,4.332308,1.000000,-0.000000,1,4,ok
5,456,38.853965,19.426983,1.000000,0.000000,1,6,ok
5,457,13.932921,6.966461,1.000000,0.000000,1,4,ok
5,458,4.665681,2.332840,1.000000,0.000000,1,4,ok
5,459,17.813188,8.906594,1.000000,0.000000,1,5,ok
5,460,16.063616,8.031808,1.000000,0.000000,1,4,ok
5,461,5.608401,2.804200,1.000000,0.000000,1,4,ok
5,462,17.770517,8.885258,1.000000,0.000000,1,6,ok
5,463,10.628261,5.314130,1.000000,0.000000,1,3,ok
5,464,15.390764,7.695382,1.000000,0.000000,1,4,ok
5,465,18.404466,9.202374,1.000015,0.003290,0,5,ok
5,466,16.663593,8.332312,1.000062,0.088800,0,4,ok
5,467,7.526621,3.763310,1.000000,0.000000,1,4,ok
5,468,16.056692,8.028346,1.000000,0.000000,1,4,ok
5,469,16.572431,8.286216,1.000000,0.000000,1,4,ok
5,470,8.161941,4.080971,1.000000,0.000000,1,4,ok
5,471,22.387543,11.193772,1.000000,0.000000,1,5,ok
5,472,44.049238,22.024619,1.000000,0.000000,1,6,ok
5,473,7.270958,3.635479,1.000000,0.000000,1,4,ok
5,474,26.307386,13.153693,1.000000,0.000000,1,5,ok
5,475,21.194209,10.597104,1.000000,0.000000,1,6,ok
5,476,10.236275,5.159363,1.008055,0.407643,0,4,ok
5,477,17.660003,8.830084,1.000009,0.027538,0,5,ok
5,478,1.472725,0.736362,1.000000,0.000000,1,4,ok
5,479,2.630481,1.315241,1.000000,0.000000,1,4,ok
5,480,18.387425,9.193712,1.000000,0.000000,1,5,ok
5,481,7.392165,3.707025,1.002961,0.295290,0,3,ok
5,482,11.297529,5.648765,1.000000,0.000000,1,5,ok
5,483,11.505239,5.752620,1.000000,0.000000,1,4,ok
5,484,68.807112,34.403556,1.000000,0.000000,1,6,ok
5,485,3.562200,1.781100,1.000000,0.000000,1,4,ok
5,486,20.026569,10.013285,1.000000,0.000000,1,5,ok
5,487,10.216455,5.108228,1.000000,0.000000,1,4,ok
5,488,3.487748,1.743874,1.000000,0.000000,1,4,ok
5,489,15.651952,7.825976,1.000000,0.000000,1,5,ok
5,490,11.399883,5.699942,1.000000,0.000000,1,4,ok
5,491,11.871991,5.936281,1.000048,0.034098,0,5,ok
5,492,2.953173,1.476586,1.000000,0.000000,1,4,ok
5,493,8.980010,4.490822,1.000182,0.085484,0,4,ok
5,494,5.964491,2.982245,1.000000,0.000000,1,5,ok
5,495,7.474637,3.737319,1.000000,0.000000,1,4,ok
5,496,21.230952,10.615476,1.000000,0.000000,1,5,ok
5,497,17.500279,8.750140,1.000000,0.000000,1,5,ok
5,498,7.610208,3.805104,1.000000,0.000000,1,4,ok
5,499,7.019750,3.509875,1.000000,0.000000,1,4,ok
6,0,2.928886,1.464443,1.000000,0.000000,1,4,ok
6,1,3.426453,1.713227,1.000000,0.000000,1,4,ok
6,2,18.785653,9.486132,1.009934,1.046374,0,6,ok
6,3,6.103468,3.051734,1.000000,0.000000,1,5,ok
6,4,37.202895,18.601447,1.000000,0.000000,1,5,ok
6,5,50.088886,25.086129,1.001664,0.640661,0,5,ok
6,6,5.535366,2.767683,1.000000,0.000000,1,6,ok
6,7,14.932604,7.466302,1.000000,0.000000,1,4,ok
6,8,3.122170,1.698005,1.087708,0.798280,0,5,ok
6,9,15.048549,7.524274,1.000000,0.000000,1,5,ok
6,10,9.325874,4.938001,1.058989,1.891689,0,4,ok
6,11,8.709720,4.354860,1.000000,0.000000,1,4,ok
6,12,22.279664,11.139832,1.000000,0.000000,1,4,ok
6,13,7.410015,3.705008,1.000000,0.000000,1,5,ok
6,14,19.145477,9.572738,1.000000,0.000000,1,4,ok
6,15,9.073339,4.734921,1.043700,1.456667,0,5,ok
6,16,11.471142,5.735571,1.000000,0.000000,1,5,ok
6,17,18.241647,9.120823,1.000000,0.000000,1,4,ok
6,18,15.725131,7.862565,1.000000,0.000000,1,4,ok
6,19,3.703574,1.851787,1.000000,0.000000,1,4,ok
6,20,18.282214,9.141107,1.000000,0.000000,1,5,ok
6,21,15.914296,7.957148,1.000000,0.000000,1,5,ok
6,22,3.490246,1.745123,1.000000,0.000000,1,4,ok
6,23,10.278291,5.185441,1.009008,0.462767,0,4,ok
6,24,14.642413,7.514715,1.026431,1.494360,0,4,ok
6,25,15.166319,7.583160,1.000000,0.000000,1,5,ok
6,26,11.942945,5.971473,1.000000,0.000000,1,6,ok
6,27,5.559383,2.779691,1.000000,0.000000,1,4,ok
6,28,10.735082,5.367541,1.000000,0.000000,1,5,ok
6,29,12.615470,6.307735,1.000000,0.000000,1,5,ok
6,30,7.106530,3.589257,1.010129,0.529501,0,6,ok
6,31,25.212453,12.606226,1.000000,0.000000,1,5,ok
6,32,24.516701,12.258351,1.000000,0.000000,1,4,ok
6,33,28.901442,14.450721,1.000000,0.000000,1,5,ok
6,34,6.906640,3.453320,1.000000,0.000000,1,5,ok
6,35,8.091581,4.045790,1.000000,0.000000,1,5,ok
6,36,2.299528,1.160692,1.009505,0.161057,0,4,ok
6,37,13.808056,7.134017,1.033312,1.666517,0,5,ok
6,38,5.234773,2.617387,1.000000,0.000000,1,4,ok
6,39,8.819050,4.459285,1.011285,0.679304,0,5,ok
6,40,20.716371,10.358185,1.000000,0.000000,1,4,ok
6,41,14.436882,7.959771,1.102699,2.161719,0,4,ok
6,42,2.663261,1.331631,1.000000,0.000000,1,4,ok
6,43,7.924494,3.962247,1.000000,0.000000,1,5,ok
6,44,10.529012,5.272684,1.001553,0.117758,0,3,ok
6,45,4.943297,2.471648,1.000000,0.000000,1,6,ok
6,46,9.190702,4.595351,1.000000,0.000000,1,4,ok
6,47,31.512531,15.756265,1.000000,0.000000,1,6,ok
6,48,8.978991,4.615666,1.028103,1.018047,0,4,ok
6,49,39.604577,19.802289,1.000000,0.000000,1,7,ok
6,50,8.480842,4.240421,1.000000,0.000000,1,5,ok
6,51,30.521607,15.260804,1.000000,0.000000,1,6,ok
6,52,3.738094,1.869047,1.000000,0.000000,1,4,ok
6,53,13.907620,6.953810,1.000000,0.000000,1,6,ok
6,54,3.781236,1.954399,1.033736,0.459534,0,5,ok
6,55,3.659132,1.829566,1.000000,0.000000,1,5,ok
6,56,47.519266,23.759633,1.000000,0.000000,1,5,ok
6,57,1.230434,0.615217,1.000000,0.000000,1,6,ok
6,58,13.011339,6.512651,1.001073,0.244935,0,5,ok
6,59,23.792790,11.896395,1.000000,0.000000,1,4,ok
6,60,24.116751,12.058376,1.000000,0.000000,1,5,ok
6,61,30.382435,15.191217,1.000000,0.000000,1,4,ok
6,62,9.824815,4.912408,1.000000,0.000000,1,5,ok
6,63,2.077339,1.044534,1.005646,0.100686,0,5,ok
6,64,23.985772,11.992886,1.000000,0.000000,1,4,ok
6,65,10.790707,5.395354,1.000000,0.000000,1,6,ok
6,66,4.432684,2.216342,1.000000,0.000000,1,5,ok
6,67,16.771932,8.385966,1.000000,0.000000,1,5,ok
6,68,10.084399,5.042200,1.000000,0.000000,1,4,ok
6,69,12.254530,6.127265,1.000000,0.000000,1,5,ok
6,70,9.519876,4.761623,1.000354,0.093790,0,5,ok
6,71,3.969456,1.985505,1.000392,0.044083,0,4,ok
6,72,2.578487,1.289278,1.000027,0.009292,0,3,ok
6,73,37.307691,18.656311,1.000132,0.248315,0,7,ok
6,74,10.726326,5.363163,1.000000,0.000000,1,4,ok
6,75,4.439827,2.219914,1.000000,0.000000,1,5,ok
6,76,12.234375,6.117187,1.000000,0.000000,1,4,ok
6,77,12.458801,6.229400,1.000000,0.000000,1,4,ok
6,78,19.831521,9.915851,1.000009,0.038612,0,6,ok
6,79,6.357084,3.178542,1.000000,0.000000,1,4,ok
6,80,11.198906,5.599453,1.000000,0.000000,1,4,ok
6,81,12.550056,6.275028,1.000000,0.000000,1,5,ok
6,82,8.546812,4.273406,1.000000,0.000000,1,4,ok
6,83,2.716389,1.358194,1.000000,0.000000,1,5,ok
6,84,8.325661,4.162844,1.000003,0.001433,0,4,ok
6,85,6.766958,3.468987,1.025272,0.833742,0,4,ok
6,86,17.827075,9.053249,1.015674,1.093837,0,5,ok
6,87,5.736976,2.900431,1.011136,0.359320,0,4,ok
6,88,4.186912,2.093456,1.000000,0.000000,1,4,ok
6,89,14.630923,7.315461,1.000000,0.000000,1,4,ok
6,90,16.260972,8.130486,1.000000,0.000000,1,6,ok
6,91,2.122506,1.061253,1.000000,0.000000,1,4,ok
6,92,15.259630,7.687667,1.007582,0.533679,0,5,ok
6,93,38.390094,19.195047,1.000000,0.000000,1,5,ok
6,94,9.239113,4.976858,1.077345,2.206918,0,4,ok
6,95,28.571945,14.285973,1.000000,0.000000,1,5,ok
6,96,6.984749,3.492406,1.000009,0.010040,0,6,ok
6,97,15.334043,7.667022,1.000000,0.000000,1,6,ok
6,98,3.546676,1.773594,1.000144,0.012113,0,5,ok
6,99,19.042575,9.521287,1.000000,0.000000,1,4,ok
6,100,16.587203,8.293601,1.000000,0.000000,1,4,ok
6,101,12.673923,6.734216,1.062688,2.621302,0,4,ok
6,102,4.712524,2.356262,1.000000,0.000000,1,4,ok
6,103,1.172616,0.586308,1.000000,0.000000,1,4,ok
6,104,7.893689,3.946845,1.000000,0.001067,0,4,ok
6,105,14.381774,7.191939,1.000146,0.045433,0,5,ok
6,106,18.693679,9.346840,1.000000,0.000000,1,4,ok
6,107,2.026020,1.013010,1.000000,0.000000,1,4,ok
6,108,4.050277,2.025138,1.000000,0.000000,1,4,ok
6,109,15.770090,7.885045,1.000000,0.000000,1,6,ok
6,110,7.154650,3.577325,1.000000,0.000000,1,3,ok
6,111,9.341285,4.670643,1.000000,0.000000,1,5,ok
6,112,12.117471,6.058736,1.000000,0.000000,1,4,ok
6,113,15.389814,7.694907,1.000000,0.000000,1,4,ok
6,114,4.332256,2.166128,1.000000,0.000000,1,4,ok
6,115,2.584807,1.292404,1.000000,0.000000,1,4,ok
6,116,9.820899,4.910449,1.000000,0.000000,1,6,ok
6,117,3.341519,1.670759,1.000000,0.000000,1,4,ok
6,118,10.566105,5.283052,1.000000,0.000000,1,5,ok
6,119,33.468933,16.737423,1.000177,0.079773,0,4,ok
6,120,8.972263,4.486132,1.000000,0.000000,1,4,ok
6,121,3.863030,1.931515,1.000000,0.000000,1,4,ok
6,122,23.968647,11.984324,1.000000,0.000000,1,4,ok
6,123,3.288638,1.644319,1.000000,0.000000,1,4,ok
6,124,19.390324,9.695162,1.000000,0.000000,1,4,ok
6,125,12.568130,6.284065,1.000000,0.000000,1,6,ok
6,126,8.534044,4.267022,1.000000,0.000000,1,4,ok
6,127,5.150522,2.575261,1.000000,0.000000,1,6,ok
6,128,11.111232,5.555616,1.000000,0.000000,1,4,ok
6,129,7.161429,3.580715,1.000000,0.000000,1,4,ok
6,130,2.961416,1.480708,1.000000,0.000000,1,3,ok
6,131,10.248940,5.124470,1.000000,0.000000,1,4,ok
6,132,20.050908,10.025454,1.000000,0.000000,1,6,ok
6,133,3.068832,1.534416,1.000000,0.000000,1,4,ok
6,134,10.537355,5.268678,1.000000,0.000000,1,4,ok
6,135,14.038718,7.019359,1.000000,0.000000,1,4,ok
6,136,7.573329,3.786665,1.000000,0.000000,1,4,ok
6,137,16.161787,8.080894,1.000000,0.000000,1,4,ok
6,138,10.234333,5.117167,1.000000,0.000000,1,5,ok
6,139,11.690730,5.845365,1.000000,0.000000,1,5,ok
6,140,16.445045,8.222522,1.000000,0.000000,1,3,ok
6,141,13.520618,6.760309,1.000000,0.000000,1,5,ok
6,142,5.157617,2.578809,1.000000,0.000000,1,5,ok
6,143,9.755734,4.877867,1.000000,0.000000,1,4,ok
6,144,1.532092,0.766046,1.000000,0.000000,1,5,ok
6,145,19.345582,9.672791,1.000000,0.000000,1,4,ok
6,146,19.753410,10.189632,1.031683,2.775252,0,5,ok
6,147,15.918299,7.959150,1.000000,0.000000,1,4,ok
6,148,5.045274,2.552629,1.011889,0.347106,0,3,ok
6,149,34.628050,17.314025,1.000000,0.000000,1,7,ok
6,150,1.416036,0.708355,1.000475,0.021406,0,4,ok
6,151,7.660391,3.830195,1.000000,0.000000,1,4,ok
6,152,17.808601,8.904301,1.000000,0.000000,1,4,ok
6,153,11.183740,5.591870,1.000000,0.000000,1,5,ok
6,154,17.240300,8.903361,1.032854,2.260085,0,4,ok
6,155,22.925670,11.462835,1.000000,0.000000,1,7,ok
6,156,10.987542,5.493771,1.000000,0.000000,1,5,ok
6,157,2.939579,1.497721,1.019004,0.302660,0,4,ok
6,158,13.202727,6.601363,1.000000,0.000000,1,4,ok
6,159,7.540756,3.770378,1.000000,0.000000,1,4,ok
6,160,13.654205,6.830224,1.000457,0.205613,0,4,ok
6,161,6.641466,3.320733,1.000000,0.000000,1,4,ok
6,162,31.535873,15.769662,1.000109,0.146367,0,3,ok
6,163,6.692989,3.358535,1.003598,0.252953,0,3,ok
6,164,5.290839,2.645419,1.000000,0.000000,1,5,ok
6,165,27.964227,13.982113,1.000000,0.000000,1,7,ok
6,166,5.148586,2.574293,1.000000,0.000000,1,4,ok
6,167,10.636241,5.318121,1.000000,0.000000,1,4,ok
6,168,4.511826,2.255913,1.000000,0.000000,1,4,ok
6,169,20.786050,10.393025,1.000000,0.000000,1,4,ok
6,170,4.531884,2.265942,1.000000,0.000000,1,4,ok
6,171,7.256750,3.628375,1.000000,0.000000,1,4,ok
6,172,27.391279,13.695640,1.000000,0.000000,1,4,ok
6,173,28.957611,14.478805,1.000000,0.000000,1,4,ok
6,174,10.599789,5.299895,1.000000,0.000000,1,4,ok
6,175,34.943750,17.471875,1.000000,0.000000,1,6,ok
6,176,40.136278,20.068139,1.000000,0.000000,1,5,ok
6,177,30.283314,15.141657,1.000000,0.000000,1,6,ok
6,178,2.796484,1.398242,1.000000,-0.000000,1,4,ok
6,179,19.648636,9.824318,1.000000,0.000000,1,5,ok
6,180,15.605178,7.802589,1.000000,0.000000,1,4,ok
6,181,3.982931,1.991466,1.000000,0.000000,1,4,ok
6,182,17.737654,8.868827,1.000000,0.000000,1,4,ok
6,183,7.491415,3.745707,1.000000,0.000000,1,6,ok
6,184,4.088833,2.044982,1.000276,0.047899,0,5,ok
6,185,16.901049,8.489061,1.004560,0.675793,0,5,ok
6,186,9.613766,4.806883,1.000000,0.000000,1,7,ok
6,187,18.049057,9.024529,1.000000,0.000000,1,3,ok
6,188,19.287449,9.643725,1.000000,0.000000,1,5,ok
6,189,10.258437,5.129219,1.000000,0.000000,1,5,ok
6,190,13.403445,6.701722,1.000000,0.000000,1,5,ok
6,191,20.380565,10.190283,1.000000,0.000000,1,6,ok
6,192,1.830974,0.915487,1.000000,0.000000,1,4,ok
6,193,8.537337,4.268668,1.000000,0.000000,1,4,ok
6,194,23.422606,11.711303,1.000000,0.000000,1,5,ok
6,195,9.579937,4.789968,1.000000,0.000000,1,4,ok
6,196,21.617301,10.808650,1.000000,0.000000,1,4,ok
6,197,17.309582,8.654791,1.000000,0.000000,1,4,ok
6,198,25.004817,12.502408,1.000000,0.000000,1,4,ok
6,199,17.818665,8.909333,1.000000,0.000000,1,5,ok
6,200,15.392343,7.696171,1.000000,0.000000,1,6,ok
6,201,14.896209,7.521862,1.009903,1.124194,0,4,ok
6,202,8.877591,4.438795,1.000000,-0.000000,1,4,ok
6,203,8.658660,4.329330,1.000000,0.000000,1,4,ok
6,204,33.654970,16.866490,1.002318,0.896954,0,7,ok
6,205,5.109389,2.554695,1.000000,0.000000,1,4,ok
6,206,10.209449,5.104725,1.000000,0.000000,1,4,ok
6,207,10.023212,5.011606,1.000000,0.000000,1,5,ok
6,208,7.551085,3.798859,1.006176,0.384281,0,6,ok
6,209,20.766146,10.383073,1.000000,0.000000,1,3,ok
6,210,1.929028,0.964514,1.000000,0.000000,1,4,ok
6,211,28.746958,14.373479,1.000000,0.000000,1,5,ok
6,212,16.819773,8.409887,1.000000,0.000000,1,4,ok
6,213,19.026131,9.513066,1.000000,0.000000,1,4,ok
6,214,17.867567,8.933783,1.000000,0.000000,1,5,ok
6,215,6.555906,3.277953,1.000000,0.000000,1,4,ok
6,216,15.951311,7.975656,1.000000,0.000000,1,5,ok
6,217,9.473828,4.736914,1.000000,0.000000,1,4,ok
6,218,9.286921,4.643460,1.000000,0.000000,1,5,ok
6,219,8.150207,4.075104,1.000000,0.000000,1,6,ok
6,220,19.781934,9.890967,1.000000,0.000000,1,4,ok
6,221,7.989908,4.034889,1.009997,0.471770,0,4,ok
6,222,8.794579,4.397289,1.000000,0.000000,1,4,ok
6,223,5.416282,2.708141,1.000000,0.000000,1,4,ok
6,224,11.992824,5.996412,1.000000,0.000000,1,4,ok
6,225,11.141462,5.593306,1.004052,0.522048,0,4,ok
6,226,10.527487,5.263744,1.000000,0.000000,1,5,ok
6,227,16.907156,8.453578,1.000000,0.000000,1,6,ok
6,228,14.849906,7.424953,1.000000,0.000000,1,5,ok
6,229,6.473341,3.236671,1.000000,0.000000,1,4,ok
6,230,10.027047,5.504448,1.097920,2.719917,0,3,ok
6,231,14.540289,7.270144,1.000000,0.000000,1,4,ok
6,232,6.071398,3.035699,1.000000,0.000000,1,4,ok
6,233,18.307492,9.153746,1.000000,0.000000,1,5,ok
6,234,14.820851,7.410426,1.000000,0.000000,1,4,ok
6,235,3.728197,1.864099,1.000000,0.000000,1,4,ok
6,236,10.887948,5.443974,1.000000,0.000000,1,4,ok
6,237,2.485083,1.242830,1.000232,0.011526,0,4,ok
6,238,10.935234,5.467617,1.000000,0.000000,1,4,ok
6,239,18.267626,9.133813,1.000000,0.000000,1,4,ok
6,240,14.346028,7.228871,1.007787,0.679554,0,7,ok
6,241,21.729575,11.002654,1.012689,1.253767,0,6,ok
6,242,19.709484,9.854742,1.000000,0.000000,1,7,ok
6,243,26.780827,13.630442,1.017925,1.872056,0,4,ok
6,244,18.710829,9.355415,1.000000,0.000000,1,4,ok
6,245,17.294381,8.647190,1.000000,0.000000,1,4,ok
6,246,24.953188,12.489936,1.001069,0.590256,0,5,ok
6,247,13.114368,6.572621,1.002354,0.447149,0,5,ok
6,248,5.949709,2.988278,1.004512,0.272271,0,5,ok
6,249,23.329609,11.664805,1.000000,0.000000,1,6,ok
6,250,5.872591,2.936295,1.000000,0.000000,1,5,ok
6,251,40.985366,20.492683,1.000000,0.000000,1,5,ok
6,252,24.700588,12.350294,1.000000,0.000000,1,5,ok
6,253,4.250255,2.125128,1.000000,0.000000,1,4,ok
6,254,7.790637,3.895319,1.000000,0.000000,1,4,ok
6,255,17.753638,8.876819,1.000000,0.000000,1,5,ok
6,256,9.894564,5.078318,1.026486,1.152962,0,4,ok
6,257,20.105840,10.052920,1.000000,0.000000,1,7,ok
6,258,25.578188,12.789094,1.000000,0.000000,1,6,ok
6,259,7.651706,3.858824,1.008618,0.324398,0,5,ok
6,260,9.174886,4.595250,1.001702,0.235929,0,5,ok
6,261,14.061377,7.030688,1.000000,0.000000,1,5,ok
6,262,21.260483,10.691405,1.005754,0.854411,0,5,ok
6,263,12.324612,6.162306,1.000000,0.000000,1,5,ok
6,264,6.828533,3.623328,1.061232,1.418418,0,4,ok
6,265,4.585854,2.292927,1.000000,0.000000,1,4,ok
6,266,6.667276,3.333638,1.000000,0.000000,1,4,ok
6,267,9.322392,4.713424,1.011205,0.649985,0,4,ok
6,268,2.010691,1.005345,1.000000,0.000000,1,4,ok
6,269,1.572010,0.786005,1.000000,0.000000,1,3,ok
6,270,23.013978,11.506989,1.000000,0.000000,1,6,ok
6,271,2.810402,1.405201,1.000000,0.000000,1,4,ok
6,272,16.516114,8.263643,1.000676,0.216397,0,4,ok
6,273,4.952844,2.476518,1.000039,0.021387,0,3,ok
6,274,12.007113,6.003557,1.000000,0.000000,1,7,ok
6,275,4.033769,2.016884,1.000000,0.000000,1,4,ok
6,276,22.937084,11.468542,1.000000,0.000000,1,6,ok
6,277,6.890154,3.445077,1.000000,0.000000,1,4,ok
6,278,11.499864,5.749932,1.000000,0.000000,1,5,ok
6,279,8.865631,4.432816,1.000000,0.000000,1,4,ok
6,280,4.252515,2.126258,1.000000,0.000000,1,4,ok
6,281,6.066283,3.033141,1.000000,0.000000,1,4,ok
6,282,18.357794,9.178897,1.000000,0.000000,1,4,ok
6,283,19.247007,9.623503,1.000000,0.000000,1,4,ok
6,284,9.797454,4.898727,1.000000,0.000000,1,4,ok
6,285,5.224579,2.612290,1.000000,0.000000,1,5,ok
6,286,9.791421,4.895710,1.000000,0.000000,1,4,ok
6,287,5.809381,2.996877,1.031737,0.816324,0,4,ok
6,288,2.909717,1.454859,1.000000,0.000000,1,4,ok
6,289,9.485018,4.742509,1.000000,0.000000,1,5,ok
6,290,11.252877,5.626438,1.000000,0.000000,1,6,ok
6,291,3.295418,1.647709,1.000000,0.000000,1,4,ok
6,292,8.290973,4.145486,1.000000,0.000000,1,4,ok
6,293,4.192173,2.096086,1.000000,0.000000,1,4,ok
6,294,14.244233,7.122117,1.000000,0.000000,1,3,ok
6,295,14.381494,7.190747,1.000000,0.000000,1,3,ok
6,296,13.872241,6.936121,1.000000,0.000000,1,6,ok
6,297,7.134230,3.567115,1.000000,0.000000,1,5,ok
6,298,22.244186,11.122093,1.000000,0.000000,1,5,ok
6,299,4.077270,2.038635,1.000000,0.000000,1,5,ok
6,300,8.941065,4.475850,1.001190,0.085699,0,5,ok
6,301,21.732891,10.866446,1.000000,0.000000,1,4,ok
6,302,6.530254,3.276941,1.003618,0.233387,0,3,ok
6,303,8.095026,4.048162,1.000160,0.071330,0,4,ok
6,304,15.481602,7.740801,1.000000,0.000000,1,5,ok
6,305,12.335097,6.167549,1.000000,0.000000,1,5,ok
6,306,6.222588,3.111294,1.000000,0.000000,1,5,ok
6,307,13.100136,6.550068,1.000000,0.000000,1,5,ok
6,308,19.983275,9.991637,1.000000,0.000000,1,5,ok
6,309,16.308461,8.154230,1.000000,0.000000,1,6,ok
6,310,2.545412,1.273227,1.000410,0.030074,0,4,ok
6,311,20.330625,10.165312,1.000000,0.000000,1,4,ok
6,312,8.086428,4.043214,1.000000,0.000000,1,6,ok
6,313,32.851542,16.425771,1.000000,0.000000,1,4,ok
6,314,9.825171,4.921506,1.001816,0.112545,0,5,ok
6,315,47.881006,23.940503,1.000000,0.000000,1,6,ok
6,316,2.406759,1.203379,1.000000,0.000000,1,4,ok
6,317,19.849418,9.924709,1.000000,0.000000,1,5,ok
6,318,30.439762,15.219881,1.000000,0.000000,1,4,ok
6,319,11.595655,5.854290,1.009739,0.796894,0,5,ok
6,320,30.664829,15.332415,1.000000,0.000000,1,5,ok
6,321,2.686793,1.343396,1.000000,0.000000,1,5,ok
6,322,10.764246,5.382123,1.000000,0.000000,1,4,ok
6,323,10.180489,5.090245,1.000000,0.000000,1,4,ok
6,324,5.261956,2.630978,1.000000,0.000000,1,4,ok
6,325,1.305775,0.666878,1.021428,0.146655,0,4,ok
6,326,2.056478,1.080034,1.050373,0.378657,0,4,ok
6,327,10.706561,5.353280,1.000000,0.000000,1,5,ok
6,328,12.684480,6.342240,1.000000,0.000000,1,6,ok
6,329,29.609795,14.804897,1.000000,0.000000,1,5,ok
6,330,35.150201,17.575101,1.000000,0.000000,1,5,ok
6,331,20.345667,10.172833,1.000000,0.000000,1,5,ok
6,332,7.889825,3.944913,1.000000,0.000000,1,6,ok
6,333,3.271589,1.635794,1.000000,0.000000,1,6,ok
6,334,5.473295,2.736648,1.000000,0.000000,1,4,ok
6,335,6.406760,3.203380,1.000000,0.000000,1,5,ok
6,336,14.123383,7.061692,1.000000,0.000000,1,3,ok
6,337,16.383824,8.191912,1.000000,0.000000,1,5,ok
6,338,23.513345,11.756673,1.000000,0.000000,1,3,ok
6,339,2.368863,1.184508,1.000064,0.007420,0,4,ok
6,340,6.720861,3.364036,1.001073,0.105773,0,5,ok
6,341,21.354646,10.747200,1.006544,0.877452,0,7,ok
6,342,15.318005,7.659002,1.000000,0.000000,1,4,ok
6,343,5.540108,3.022836,1.091255,1.458626,0,3,ok
6,344,13.713140,6.856570,1.000000,0.000000,1,4,ok
6,345,12.830686,6.416389,1.000163,0.079309,0,5,ok
6,346,3.502631,1.751316,1.000000,0.000000,1,4,ok
6,347,31.894025,15.947012,1.000000,0.000000,1,6,ok
6,348,7.388873,3.795645,1.027395,0.768181,0,4,ok
6,349,15.679269,7.839634,1.000000,0.000000,1,4,ok
6,350,15.414256,8.215283,1.065933,3.272887,0,4,ok
6,351,14.877748,7.702348,1.035418,1.907281,0,3,ok
6,352,11.816274,5.908137,1.000000,0.000000,1,4,ok
6,353,5.490478,2.745239,1.000000,0.000000,1,4,ok
6,354,7.280396,3.640198,1.000000,0.000000,1,4,ok
6,355,2.558593,1.279297,1.000000,0.000000,1,4,ok
6,356,19.673294,9.836647,1.000000,0.000000,1,4,ok
6,357,8.182733,4.091366,1.000000,0.000000,1,6,ok
6,358,6.059630,3.072630,1.014131,0.475344,0,4,ok
6,359,19.876518,9.938259,1.000000,0.000000,1,3,ok
6,360,18.193625,9.096813,1.000000,0.000000,1,5,ok
6,361,10.815237,5.407619,1.000000,0.000000,1,5,ok
6,362,25.690675,12.864559,1.001496,0.555047,0,5,ok
6,363,4.629721,2.314861,1.000000,0.000000,1,4,ok
6,364,8.176191,4.236922,1.036405,1.024637,0,3,ok
6,365,16.644526,8.322263,1.000000,0.000000,1,5,ok
6,366,13.820702,6.910351,1.000000,0.000000,1,4,ok
6,367,3.737312,1.868656,1.000000,0.000000,1,4,ok
6,368,8.991615,4.495808,1.000000,0.000000,1,5,ok
6,369,10.103379,5.051689,1.000000,0.000000,1,5,ok
6,370,18.811315,9.405657,1.000000,0.000000,1,6,ok
6,371,4.673275,2.336638,1.000000,0.000000,1,4,ok
6,372,2.927819,1.463910,1.000000,0.000000,1,4,ok
6,373,15.907873,7.953936,1.000000,0.000000,1,4,ok
6,374,11.823389,5.911694,1.000000,0.000000,1,4,ok
6,375,27.115644,13.557822,1.000000,0.000000,1,5,ok
6,376,10.138118,5.069059,1.000000,0.000000,1,6,ok
6,377,6.158737,3.079372,1.000001,0.003877,0,5,ok
6,378,14.701319,7.350660,1.000000,0.000000,1,5,ok
6,379,5.623447,2.819998,1.002943,0.096022,0,4,ok
6,380,2.249844,1.162069,1.033021,0.320273,0,5,ok
6,381,15.351354,7.675677,1.000000,0.000000,1,4,ok
6,382,17.584143,8.792072,1.000000,0.000000,1,5,ok
6,383,17.122418,8.712868,1.017715,1.478873,0,5,ok
6,384,42.767509,21.383755,1.000000,0.000000,1,4,ok
6,385,23.913808,11.956904,1.000000,0.000000,1,4,ok
6,386,11.178213,5.589106,1.000000,0.000000,1,4,ok
6,387,5.837718,2.918859,1.000000,0.000000,1,6,ok
6,388,22.022255,11.226500,1.019560,2.257039,0,5,ok
6,389,7.613302,3.806651,1.000000,0.000000,1,3,ok
6,390,22.593587,11.296794,1.000000,0.000000,1,4,ok
6,391,2.783891,1.391946,1.000000,0.000000,1,3,ok
6,392,17.945374,8.972687,1.000000,0.000000,1,5,ok
6,393,10.266368,5.133184,1.000000,0.000000,1,6,ok
6,394,5.421696,2.710848,1.000000,-0.000000,1,4,ok
6,395,10.138087,5.069044,1.000000,0.000000,1,5,ok
6,396,3.622417,1.811208,1.000000,0.000000,1,5,ok
6,397,24.901618,12.547325,1.007752,0.927161,0,6,ok
6,398,5.244403,2.622202,1.000000,0.000000,1,4,ok
6,399,8.299712,4.149856,1.000000,0.000000,1,5,ok
6,400,4.300512,2.150256,1.000000,0.000000,1,4,ok
6,401,6.999681,3.499840,1.000000,0.000000,1,5,ok
6,402,8.296700,4.148350,1.000000,0.000000,1,3,ok
6,403,3.972035,1.986017,1.000000,0.000000,1,4,ok
6,404,7.876676,3.938338,1.000000,0.000000,1,4,ok
6,405,24.868531,12.434266,1.000000,0.000000,1,4,ok
6,406,2.169757,1.084879,1.000000,0.000000,1,4,ok
6,407,10.130457,5.069933,1.000929,0.213753,0,5,ok
6,408,8.555952,4.277976,1.000000,0.000000,1,5,ok
6,409,7.594966,3.851743,1.014289,0.645264,0,5,ok
6,410,1.586144,0.799099,1.007599,0.053191,0,5,ok
6,411,4.265316,2.132658,1.000000,0.000000,1,4,ok
6,412,22.841138,11.450664,1.002635,0.434024,0,6,ok
6,413,10.741069,5.370534,1.000000,0.000000,1,6,ok
6,414,4.090124,2.045062,1.000000,0.000000,1,5,ok
6,415,2.394052,1.197026,1.000000,0.000000,1,4,ok
6,416,3.254361,1.627181,1.000000,0.000000,1,4,ok
6,417,2.322420,1.201241,1.034474,0.153019,0,4,ok
6,418,5.242720,2.621360,1.000000,0.000000,1,4,ok
6,419,17.973666,8.986833,1.000000,0.000000,1,5,ok
6,420,11.895850,5.947925,1.000000,0.000000,1,6,ok
6,421,9.979992,5.214546,1.045000,1.662864,0,4,ok
6,422,6.947612,3.473806,1.000000,0.000000,1,4,ok
6,423,12.379413,6.189707,1.000000,0.000000,1,5,ok
6,424,27.667422,13.833711,1.000000,0.000000,1,5,ok
6,425,27.335880,13.668003,1.000005,0.021710,0,7,ok
6,426,14.338853,7.169426,1.000000,0.000000,1,5,ok
6,427,23.178411,11.589206,1.000000,0.000000,1,5,ok
6,428,8.379383,4.189691,1.000000,0.000000,1,4,ok
6,429,8.081394,4.079471,1.009596,0.324705,0,5,ok
6,430,13.054225,6.625406,1.015059,1.181693,0,5,ok
6,431,7.159778,3.579889,1.000000,0.000000,1,4,ok
6,432,13.299247,6.649623,1.000000,0.000000,1,6,ok
6,433,7.222357,3.611179,1.000000,0.000000,1,5,ok
6,434,4.897250,2.448625,1.000000,0.000000,1,4,ok
6,435,25.919903,12.959952,1.000000,0.000000,1,6,ok
6,436,31.729730,15.864865,1.000000,0.000000,1,5,ok
6,437,19.305485,9.653132,1.000040,0.080718,0,4,ok
6,438,21.311148,10.655574,1.000000,0.000000,1,5,ok
6,439,22.472012,11.236006,1.000000,0.000000,1,5,ok
6,440,45.387542,22.693771,1.000000,0.000000,1,7,ok
6,441,9.536205,4.768103,1.000000,0.000000,1,4,ok
6,442,15.648953,7.824918,1.000056,0.040460,0,6,ok
6,443,7.328728,3.664364,1.000000,0.000000,1,4,ok
6,444,8.680339,4.384802,1.010284,0.655605,0,5,ok
6,445,13.588838,6.794419,1.000000,0.000000,1,4,ok
6,446,16.836234,8.418117,1.000000,-0.000000,1,5,ok
6,447,9.204160,4.602080,1.000000,0.000000,1,4,ok
6,448,9.823847,4.911924,1.000000,0.000000,1,4,ok
6,449,10.772542,5.445166,1.010934,0.802916,0,5,ok
6,450,5.686261,2.843131,1.000000,0.000000,1,4,ok
6,451,15.708008,7.854004,1.000000,0.000000,1,4,ok
6,452,24.699213,12.349607,1.000000,0.000000,1,4,ok
6,453,9.051080,4.525540,1.000000,0.000000,1,4,ok
6,454,11.196830,5.599306,1.000159,0.083005,0,4,ok
6,455,7.555098,3.777549,1.000000,0.000000,1,5,ok
6,456,29.375268,14.687634,1.000000,0.000000,1,4,ok
6,457,23.831452,12.321454,1.034050,3.295386,0,4,ok
6,458,19.082641,9.693405,1.015940,1.761290,0,5,ok
6,459,2.070176,1.035088,1.000000,0.000000,1,5,ok
6,460,6.520273,3.260136,1.000000,-0.000000,1,3,ok
6,461,5.849163,2.924582,1.000000,0.000000,1,4,ok
6,462,3.316872,1.658436,1.000000,0.000000,1,4,ok
6,463,4.865989,2.464659,1.013015,0.252868,0,4,ok
6,464,15.976596,7.990632,1.000292,0.142539,0,6,ok
6,465,25.301715,12.650857,1.000000,0.000000,1,5,ok
6,466,7.331865,3.665933,1.000000,0.000000,1,4,ok
6,467,6.411834,3.205917,1.000000,0.000000,1,4,ok
6,468,33.778988,16.889494,1.000000,0.000000,1,4,ok
6,469,12.153216,6.076608,1.000000,0.000000,1,4,ok
6,470,22.241903,11.120951,1.000000,0.000000,1,5,ok
6,471,21.986311,10.993155,1.000000,0.000000,1,5,ok
6,472,14.689606,7.344803,1.000000,0.000000,1,4,ok
6,473,28.216944,14.108472,1.000000,0.000000,1,5,ok
6,474,14.122039,7.061019,1.000000,0.000000,1,6,ok
6,475,17.812582,8.906291,1.000000,0.000000,1,4,ok
6,476,24.845976,12.496838,1.005945,1.090679,0,5,ok
6,477,2.129908,1.080197,1.014313,0.165934,0,5,ok
6,478,32.052239,16.026119,1.000000,0.000000,1,6,ok
6,479,5.197309,2.598655,1.000000,0.000000,1,3,ok
6,480,3.798773,1.899386,1.000000,0.000000,1,4,ok
6,481,2.370531,1.185265,1.000000,0.000000,1,4,ok
6,482,18.168123,9.084061,1.000000,0.000000,1,6,ok
6,483,10.154429,5.077215,1.000000,0.000000,1,5,ok
6,484,9.495452,4.750661,1.000618,0.130791,0,6,ok
6,485,14.260540,7.130270,1.000000,0.000000,1,4,ok
6,486,32.224055,16.112030,1.000000,0.003536,0,6,ok
6,487,15.430934,7.715467,1.000000,0.000000,1,5,ok
6,488,4.236168,2.118084,1.000000,0.000000,1,4,ok
6,489,31.332314,15.666157,1.000000,0.000000,1,5,ok
6,490,3.417504,1.708752,1.000000,0.000000,1,5,ok
6,491,8.625415,4.312707,1.000000,0.000000,1,4,ok
6,492,8.067216,4.033608,1.000000,0.000000,1,5,ok
6,493,14.819973,7.409987,1.000000,0.000000,1,5,ok
6,494,12.709153,6.354577,1.000000,0.000000,1,3,ok
6,495,7.132138,3.566069,1.000000,0.000000,1,4,ok
6,496,9.983931,4.991965,1.000000,0.000000,1,5,ok
6,497,1.459919,0.731123,1.001594,0.042114,0,4,ok
6,498,4.170607,2.085303,1.000000,0.000000,1,4,ok
6,499,20.896154,10.448077,1.000000,0.000000,1,4,ok
8,0,22.732251,11.366940,1.000072,0.025558,0,6,ok
8,1,7.173042,3.586574,1.000015,0.018397,0,7,ok
8,2,10.574604,5.287302,1.000000,0.000000,1,5,ok
8,3,0.785167,0.392583,1.000000,0.000000,1,4,ok
8,4,6.546642,3.273321,1.000000,0.000000,1,5,ok
8,5,5.840048,2.920024,1.000000,0.000000,1,5,ok
8,6,14.824048,7.412024,1.000000,0.000000,1,5,ok
8,7,16.805046,8.402523,1.000000,0.000000,1,5,ok
8,8,5.270284,2.635142,1.000000,0.000000,1,4,ok
8,9,19.069616,9.534808,1.000000,0.000000,1,7,ok
8,10,9.987663,4.993831,1.000000,0.000000,1,6,ok
8,11,4.685883,2.372599,1.012658,0.402611,0,4,ok
8,12,21.716985,10.858493,1.000000,0.000000,1,5,ok
8,13,13.081021,6.540510,1.000000,0.000000,1,5,ok
8,14,17.861927,8.930964,1.000000,0.000000,1,5,ok
8,15,4.587369,2.293685,1.000000,0.000000,1,4,ok
8,16,4.447598,2.223799,1.000000,0.000000,1,4,ok
8,17,3.364796,1.728289,1.027277,0.387907,0,5,ok
8,18,9.116797,4.815784,1.056464,1.806543,0,6,ok
8,19,8.902491,4.451246,1.000000,0.000000,1,4,ok
8,20,13.049966,6.524983,1.000000,0.000000,1,4,ok
8,21,12.849601,6.424800,1.000000,0.000000,1,6,ok
8,22,20.606040,10.303020,1.000000,0.000000,1,5,ok
8,23,5.552980,2.776495,1.000002,0.002519,0,4,ok
8,24,14.908806,7.454403,1.000000,0.000000,1,5,ok
8,25,19.109011,9.554506,1.000000,0.000000,1,4,ok
8,26,4.954756,2.477421,1.000017,0.009698,0,5,ok
8,27,11.585816,5.792908,1.000000,0.000000,1,4,ok
8,28,7.617240,3.808620,1.000000,0.000000,1,4,ok
8,29,12.277567,6.138783,1.000000,0.000000,1,5,ok
8,30,3.550493,1.775253,1.000004,0.002070,0,5,ok
8,31,8.272271,4.136135,1.000000,0.000000,1,4,ok
8,32,7.643450,3.821725,1.000000,0.000000,1,3,ok
8,33,2.420971,1.210485,1.000000,0.000000,1,3,ok
8,34,10.856743,5.428372,1.000000,0.000000,1,3,ok
8,35,8.425199,4.218645,1.001435,0.219766,0,4,ok
8,36,5.579182,2.789591,1.000000,0.000000,1,4,ok
8,37,7.673053,3.836526,1.000000,0.000000,1,4,ok
8,38,9.339944,4.672573,1.000557,0.083203,0,5,ok
8,39,4.432491,2.216246,1.000001,0.000882,0,5,ok
8,40,6.355147,3.177574,1.000000,0.000000,1,5,ok
8,41,3.470905,1.735453,1.000000,0.000000,1,4,ok
8,42,9.115458,4.557729,1.000000,0.000000,1,4,ok
8,43,21.782801,10.891401,1.000000,0.000000,1,4,ok
8,44,0.760375,0.380187,1.000000,0.000000,1,4,ok
8,45,9.630539,4.815269,1.000000,0.000000,1,5,ok
8,46,7.025217,3.512608,1.000000,0.000000,1,4,ok
8,47,5.192623,2.596311,1.000000,0.000000,1,4,ok
8,48,4.878287,2.439143,1.000000,0.000000,1,4,ok
8,49,7.758703,3.879351,1.000000,0.000000,1,4,ok
8,50,7.009134,3.504567,1.000000,0.000000,1,4,ok
8,51,15.920571,7.960285,1.000000,0.000000,1,6,ok
8,52,3.966969,1.983484,1.000000,0.000000,1,4,ok
8,53,10.431433,5.215716,1.000000,0.000000,1,7,ok
8,54,4.315510,2.184350,1.012325,0.357943,0,3,ok
8,55,3.299790,1.649895,1.000000,0.000000,1,5,ok
8,56,7.953360,4.002167,1.006409,0.243986,0,4,ok
8,57,8.576620,4.288310,1.000000,0.000000,1,6,ok
8,58,9.051180,4.789829,1.058388,1.832242,0,4,ok
8,59,0.482397,0.241198,1.000000,0.000000,1,3,ok
8,60,8.037667,4.109899,1.022660,0.912613,0,6,ok
8,61,2.790893,1.395447,1.000000,0.000000,1,4,ok
8,62,8.875210,4.437605,1.000000,0.000000,1,4,ok
8,63,15.805259,7.902629,1.000000,0.000000,1,6,ok
8,64,10.520805,5.260402,1.000000,0.000000,1,4,ok
8,65,1.942147,0.971074,1.000000,0.000000,1,5,ok
8,66,3.168275,1.584137,1.000000,0.000000,1,5,ok
8,67,9.833439,4.916720,1.000000,0.000000,1,5,ok
8,68,6.400234,3.200117,1.000000,0.000000,1,5,ok
8,69,7.505596,3.752798,1.000000,0.000000,1,5,ok
8,70,15.699639,7.881951,1.004093,0.261132,0,5,ok
8,71,20.604181,10.302090,1.000000,0.000000,1,6,ok
8,72,14.124281,7.062140,1.000000,0.000000,1,5,ok
8,73,6.675130,3.337565,1.000000,0.000000,1,5,ok
8,74,9.375187,4.687593,1.000000,0.000000,1,5,ok
8,75,8.176794,4.100954,1.003071,0.060406,0,6,ok
8,76,18.471244,9.235622,1.000000,0.000000,1,5,ok
8,77,5.747050,2.889646,1.005610,0.294962,0,4,ok
8,78,20.681114,10.340557,1.000000,0.000000,1,7,ok
8,79,4.596119,2.298060,1.000000,0.000000,1,4,ok
8,80,31.397651,15.711711,1.000821,0.231333,0,7,ok
8,81,2.664465,1.332233,1.000000,0.000000,1,4,ok
8,82,21.041162,10.523053,1.000235,0.038768,0,5,ok
8,83,36.069670,18.034835,1.000000,0.000000,1,6,ok
8,84,18.517111,9.258556,1.000000,0.000000,1,5,ok
8,85,5.895648,2.947824,1.000000,-0.000000,1,5,ok
8,86,1.540069,0.770034,1.000000,0.000000,1,4,ok
8,87,4.399328,2.199664,1.000000,0.000344,0,5,ok
8,88,8.303381,4.151691,1.000000,0.000000,1,5,ok
8,89,11.431058,5.817214,1.017791,1.109149,0,7,ok
8,90,3.058932,1.533087,1.002367,0.065625,0,4,ok
8,91,14.471288,7.261255,1.003540,0.339311,0,7,ok
8,92,9.365324,4.846057,1.034894,1.364799,0,5,ok
8,93,17.559664,8.779832,1.000000,0.000000,1,5,ok
8,94,7.652969,4.166885,1.088959,1.982926,0,5,ok
8,95,3.266058,1.633029,1.000000,0.000000,1,5,ok
8,96,13.439282,6.719641,1.000000,0.000000,1,5,ok
8,97,23.203152,11.601576,1.000000,0.000000,1,6,ok
8,98,9.766764,4.883382,1.000000,0.000000,1,4,ok
8,99,12.555432,6.277716,1.000000,0.000000,1,6,ok
8,100,6.482617,3.241308,1.000000,0.000000,1,4,ok
8,101,11.181547,5.763142,1.030831,1.265784,0,5,ok
8,102,2.776804,1.388402,1.000000,0.000000,1,4,ok
8,103,1.650399,0.825200,1.000000,0.000000,1,6,ok
8,104,8.683684,4.345082,1.000746,0.111865,0,5,ok
8,105,20.468571,10.234286,1.000000,0.000000,1,4,ok
8,106,9.198627,4.599313,1.000000,0.000000,1,5,ok
8,107,7.618934,3.809467,1.000000,0.000000,1,5,ok
8,108,10.922149,5.476626,1.002848,0.410893,0,3,ok
8,109,11.512939,5.756470,1.000000,0.000000,1,4,ok
8,110,9.148790,4.574395,1.000000,0.000000,1,5,ok
8,111,5.423295,2.711648,1.000000,0.000000,1,3,ok
8,112,11.169360,6.021961,1.078300,2.634353,0,4,ok
8,113,12.418813,6.209406,1.000000,0.000000,1,4,ok
8,114,7.480811,3.740405,1.000000,0.000000,1,4,ok
8,115,2.862610,1.431305,1.000000,0.000000,1,4,ok
8,116,27.161393,13.580697,1.000000,0.000000,1,6,ok
8,117,2.517697,1.258849,1.000001,0.000460,0,4,ok
8,118,6.794546,3.397273,1.000000,0.000000,1,6,ok
8,119,7.394313,3.697156,1.000000,0.000000,1,5,ok
8,120,22.815206,11.407603,1.000000,0.000000,1,5,ok
8,121,15.499653,7.749826,1.000000,0.000000,1,5,ok
8,122,4.898851,2.449426,1.000000,0.000000,1,6,ok
8,123,14.851868,7.425934,1.000000,0.000000,1,5,ok
8,124,13.218901,6.609550,1.000015,0.034490,0,4,ok
8,125,5.020745,2.510372,1.000000,0.000000,1,4,ok
8,126,3.162917,1.581458,1.000000,0.000000,1,5,ok
8,127,13.069014,6.534507,1.000000,0.000000,1,6,ok
8,128,2.728417,1.364208,1.000000,0.000000,1,5,ok
8,129,11.182632,5.591316,1.000000,0.000000,1,4,ok
8,130,4.751294,2.375647,1.000000,0.000000,1,5,ok
8,131,7.570518,3.945907,1.042441,0.461778,0,5,ok
8,132,4.628869,2.314434,1.000000,0.000000,1,4,ok
8,133,5.473585,2.736792,1.000000,0.000000,1,4,ok
8,134,6.120430,3.061089,1.000285,0.018953,0,6,ok
8,135,6.630274,3.316529,1.000420,0.072529,0,4,ok
8,136,7.163932,3.581966,1.000000,0.000000,1,4,ok
8,137,6.951308,3.475654,1.000000,0.000000,1,5,ok
8,138,10.995672,5.498111,1.000050,0.054225,0,6,ok
8,139,1.104129,0.552065,1.000000,0.000000,1,4,ok
8,140,5.546403,2.774863,1.000599,0.058838,0,5,ok
8,141,7.322892,3.661446,1.000000,0.000000,1,4,ok
8,142,10.019130,5.009565,1.000000,0.000000,1,7,ok
8,143,3.888244,1.944122,1.000000,0.000000,1,4,ok
8,144,0.661399,0.330700,1.000000,0.000000,1,5,ok
8,145,27.619381,13.809690,1.000000,0.000000,1,5,ok
8,146,10.075109,5.037554,1.000000,0.000000,1,4,ok
8,147,5.635549,2.817775,1.000000,0.000000,1,5,ok
8,148,2.512152,1.325233,1.055058,0.454194,0,4,ok
8,149,6.364745,3.182372,1.000000,0.000000,1,5,ok
8,150,18.648339,9.324170,1.000000,0.000000,1,4,ok
8,151,14.164242,7.082121,1.000000,0.000000,1,4,ok
8,152,8.986927,4.493464,1.000000,0.000000,1,4,ok
8,153,11.111704,5.613635,1.010400,0.630278,0,4,ok
8,154,8.099711,4.049855,1.000000,0.000000,1,4,ok
8,155,12.574329,6.287165,1.000000,0.000000,1,4,ok
8,156,11.429633,5.714816,1.000000,0.000000,1,6,ok
8,157,11.519975,5.791241,1.005426,0.283929,0,4,ok
8,158,8.672672,4.370479,1.007874,0.412833,0,5,ok
8,159,6.594146,3.297073,1.000000,0.000000,1,4,ok
8,160,15.496098,7.791598,1.005621,0.517827,0,5,ok
8,161,9.798679,4.945319,1.009385,0.421484,0,6,ok
8,162,10.664162,5.332081,1.000000,0.000000,1,5,ok
8,163,16.796917,8.398458,1.000000,0.000000,1,7,ok
8,164,8.122285,4.073061,1.002935,0.181989,0,4,ok
8,165,5.117380,2.558690,1.000000,0.000000,1,4,ok
8,166,18.050464,9.207239,1.020167,1.354407,0,6,ok
8,167,21.083439,10.541720,1.000000,0.000000,1,4,ok
8,168,11.715141,5.857571,1.000000,0.000000,1,4,ok
8,169,8.907277,4.453639,1.000000,0.000000,1,6,ok
8,170,5.903977,2.951989,1.000000,0.000000,1,5,ok
8,171,3.752575,1.876288,1.000000,0.000000,1,4,ok
8,172,18.161779,9.113521,1.003593,0.627268,0,6,ok
8,173,17.199229,8.599615,1.000000,0.000000,1,4,ok
8,174,18.837421,9.421327,1.000278,0.184309,0,5,ok
8,175,6.727891,3.363945,1.000000,0.000000,1,4,ok
8,176,12.206336,6.103168,1.000000,0.000000,1,6,ok
8,177,2.573525,1.286762,1.000000,0.000000,1,5,ok
8,178,6.019909,3.009955,1.000000,0.000000,1,4,ok
8,179,1.533951,0.766976,1.000000,0.000000,1,4,ok
8,180,9.750055,4.875028,1.000000,0.000000,1,5,ok
8,181,16.923854,8.461927,1.000000,0.000000,1,5,ok
8,182,10.183066,5.092445,1.000179,0.038970,0,3,ok
8,183,4.054820,2.081751,1.026803,0.512824,0,4,ok
8,184,7.551018,3.775509,1.000000,0.000000,1,4,ok
8,185,11.043580,5.521790,1.000000,0.000000,1,4,ok
8,186,3.236270,1.618265,1.000080,0.014915,0,6,ok
8,187,3.832011,1.964896,1.025517,0.392315,0,4,ok
8,188,4.169848,2.109790,1.011926,0.188934,0,4,ok
8,189,1.870118,0.935059,1.000000,0.000000,1,5,ok
8,190,16.428067,8.214033,1.000000,0.000000,1,8,ok
8,191,3.822111,1.922687,1.006086,0.123350,0,5,ok
8,192,8.027530,4.013765,1.000000,0.000000,1,4,ok
8,193,5.328948,2.664474,1.000000,0.000000,1,4,ok
8,194,3.228923,1.614462,1.000000,0.000000,1,3,ok
8,195,6.926632,3.523962,1.017511,0.608437,0,4,ok
8,196,5.801255,2.900628,1.000000,0.000000,1,5,ok
8,197,12.940443,6.470221,1.000000,0.000000,1,5,ok
8,198,2.646799,1.323399,1.000000,0.000000,1,4,ok
8,199,3.935353,1.967676,1.000000,0.000000,1,4,ok
8,200,8.901776,4.565641,1.025782,1.125142,0,7,ok
8,201,11.050528,5.814860,1.052413,0.526339,0,6,ok
8,202,11.573530,5.786765,1.000000,0.000000,1,4,ok
8,203,9.846982,4.936695,1.002682,0.343907,0,4,ok
8,204,7.760552,3.880276,1.000000,0.000000,1,5,ok
8,205,5.569918,2.809912,1.008960,0.269221,0,4,ok
8,206,6.814740,3.407370,1.000000,0.000000,1,3,ok
8,207,8.256931,4.128465,1.000000,0.000000,1,4,ok
8,208,5.981001,2.990500,1.000000,0.000000,1,4,ok
8,209,7.715140,3.861683,1.001066,0.042760,0,5,ok
8,210,7.011070,3.505535,1.000000,0.000000,1,4,ok
8,211,2.528144,1.313004,1.038710,0.400484,0,3,ok
8,212,46.893510,23.446755,1.000000,0.000000,1,7,ok
8,213,23.647677,11.823839,1.000000,0.000000,1,5,ok
8,214,10.526391,5.293062,1.005674,0.538830,0,5,ok
8,215,13.160151,6.580075,1.000000,0.000000,1,4,ok
8,216,5.049995,2.524998,1.000000,0.000000,1,4,ok
8,217,1.788760,0.894491,1.000124,0.011601,0,4,ok
8,218,20.558555,10.460188,1.017600,2.109052,0,6,ok
8,219,15.327586,7.663793,1.000000,0.000000,1,6,ok
8,220,32.436100,16.218050,1.000000,0.000000,1,6,ok
8,221,0.893526,0.449088,1.005204,0.039207,0,5,ok
8,222,14.561538,7.280769,1.000000,0.000000,1,5,ok
8,223,5.278113,2.639057,1.000000,-0.000000,1,4,ok
8,224,2.540732,1.270366,1.000000,0.000000,1,4,ok
8,225,2.566469,1.283234,1.000000,0.000000,1,5,ok
8,226,3.955383,1.977692,1.000000,0.000000,1,4,ok
8,227,1.646637,0.823319,1.000000,0.000000,1,4,ok
8,228,19.878185,9.939093,1.000000,0.000000,1,4,ok
8,229,20.379988,10.189994,1.000000,0.000000,1,6,ok
8,230,13.327008,6.705079,1.006239,0.375678,0,6,ok
8,231,3.978392,1.989196,1.000000,0.000000,1,4,ok
8,232,9.594488,4.797244,1.000000,0.000000,1,4,ok
8,233,12.542883,6.271441,1.000000,0.000000,1,4,ok
8,234,4.923437,2.573007,1.045207,0.318209,0,4,ok
8,235,3.856124,1.928062,1.000000,0.000000,1,4,ok
8,236,8.061116,4.030558,1.000000,0.000000,1,4,ok
8,237,12.519596,6.259798,1.000000,0.000000,1,4,ok
8,238,3.366865,1.683433,1.000000,0.000000,1,6,ok
8,239,12.038999,6.019499,1.000000,0.000538,0,4,ok
8,240,6.024368,3.012184,1.000000,0.000000,1,5,ok
8,241,10.435358,5.217679,1.000000,0.000000,1,4,ok
8,242,7.334950,3.678320,1.002957,0.196535,0,4,ok
8,243,19.382295,9.691147,1.000000,0.000000,1,6,ok
8,244,0.878783,0.439391,1.000000,0.000000,1,4,ok
8,245,7.940004,4.141379,1.043168,0.929415,0,6,ok
8,246,7.746300,3.873150,1.000000,0.000000,1,4,ok
8,247,22.906199,11.453100,1.000000,0.000000,1,7,ok
8,248,1.686247,0.843124,1.000000,0.000000,1,3,ok
8,249,1.821082,0.910541,1.000000,0.000000,1,4,ok
8,250,10.480292,5.240146,1.000000,0.000000,1,5,ok
8,251,22.671228,11.335614,1.000000,0.000000,1,4,ok
8,252,19.118434,9.619693,1.006326,0.579775,0,6,ok
8,253,15.377473,7.688737,1.000000,0.000000,1,6,ok
8,254,7.892637,3.946318,1.000000,0.000000,1,3,ok
8,255,10.055392,5.027696,1.000000,0.000000,1,4,ok
8,256,6.682599,3.341300,1.000000,0.000000,1,4,ok
8,257,5.219561,2.609780,1.000000,0.000000,1,5,ok
8,258,3.681824,1.840912,1.000000,0.000000,1,4,ok
8,259,10.580294,5.290147,1.000000,0.000000,1,5,ok
8,260,3.142097,1.571048,1.000000,0.000000,1,6,ok
8,261,2.803653,1.401826,1.000000,0.000000,1,3,ok
8,262,3.111827,1.561188,1.003390,0.064432,0,4,ok
8,263,9.973947,5.046968,1.012030,0.470615,0,6,ok
8,264,13.534161,6.767081,1.000000,0.000000,1,4,ok
8,265,5.547615,2.773807,1.000000,0.000000,1,4,ok
8,266,12.257305,6.128653,1.000000,0.000000,1,6,ok
8,267,6.195232,3.101312,1.001193,0.129148,0,4,ok
8,268,9.244411,4.633530,1.002450,0.292299,0,5,ok
8,269,4.114112,2.057056,1.000000,0.000000,1,4,ok
8,270,6.664757,3.333388,1.000303,0.024159,0,6,ok
8,271,8.918334,4.466689,1.001687,0.227023,0,5,ok
8,272,17.767003,9.443394,1.063026,3.721025,0,5,ok
8,273,2.361353,1.184418,1.003168,0.096365,0,3,ok
8,274,3.646222,1.823111,1.000000,0.000000,1,5,ok
8,275,14.920388,7.472649,1.001670,0.428740,0,5,ok
8,276,3.029398,1.514699,1.000000,0.000000,1,4,ok
8,277,6.192740,3.096370,1.000000,0.000000,1,4,ok
8,278,11.645168,5.824483,1.000326,0.110577,0,4,ok
8,279,6.199373,3.104193,1.001454,0.167014,0,4,ok
8,280,14.431741,7.215871,1.000000,0.000000,1,4,ok
8,281,3.394959,1.697480,1.000000,0.000000,1,5,ok
8,282,7.885453,3.942727,1.000000,0.000000,1,4,ok
8,283,5.121500,2.560750,1.000000,0.000000,1,4,ok
8,284,13.545011,6.772506,1.000000,0.000000,1,3,ok
8,285,3.352366,1.676255,1.000043,0.003830,0,4,ok
8,286,12.043292,6.032891,1.001867,0.356548,0,4,ok
8,287,10.423010,5.211505,1.000000,0.000000,1,4,ok
8,288,9.956008,4.978004,1.000000,0.000000,1,4,ok
8,289,8.355052,4.177526,1.000000,0.000000,1,5,ok
8,290,7.280429,3.640214,1.000000,0.000000,1,5,ok
8,291,7.587271,3.793636,1.000000,0.000000,1,4,ok
8,292,3.587903,1.793951,1.000000,0.000000,1,4,ok
8,293,11.317008,5.658504,1.000000,0.000000,1,6,ok
8,294,15.706785,7.853393,1.000000,0.000000,1,5,ok
8,295,14.616268,7.308134,1.000000,0.000000,1,4,ok
8,296,4.156171,2.078086,1.000000,0.000000,1,3,ok
8,297,7.540190,3.770095,1.000000,0.000000,1,3,ok
8,298,4.894962,2.447481,1.000000,0.000000,1,5,ok
8,299,4.882193,2.441096,1.000000,0.000000,1,5,ok
8,300,2.296226,1.148113,1.000000,0.000000,1,4,ok
8,301,12.426426,6.213213,1.000000,0.000000,1,5,ok
8,302,22.304405,11.152203,1.000000,0.000000,1,5,ok
8,303,8.713894,4.356947,1.000000,0.000000,1,4,ok
8,304,1.050944,0.525472,1.000000,0.000000,1,5,ok
8,305,6.320730,3.160365,1.000000,0.000000,1,6,ok
8,306,7.740916,3.870458,1.000000,0.000000,1,5,ok
8,307,11.514221,5.757110,1.000000,0.000000,1,6,ok
8,308,3.739021,1.869511,1.000000,0.000000,1,4,ok
8,309,3.432061,1.716031,1.000000,0.000000,1,4,ok
8,310,1.830702,0.915351,1.000000,0.000000,1,4,ok
8,311,13.443850,6.721925,1.000000,0.000000,1,4,ok
8,312,3.019304,1.509652,1.000000,0.000000,1,4,ok
8,313,6.324726,3.163540,1.000372,0.080949,0,4,ok
8,314,14.947887,7.524112,1.006712,0.634599,0,4,ok
8,315,31.249726,15.624863,1.000000,0.000000,1,7,ok
8,316,7.390690,3.695345,1.000000,0.000000,1,5,ok
8,317,3.123791,1.587548,1.016424,0.229462,0,3,ok
8,318,22.414748,11.207374,1.000000,0.000000,1,7,ok
8,319,16.540229,8.270358,1.000029,0.063322,0,6,ok
8,320,12.320052,6.160026,1.000000,0.000000,1,5,ok
8,321,13.813320,6.951271,1.006459,0.829869,0,5,ok
8,322,10.813615,5.407141,1.000062,0.056265,0,4,ok
8,323,2.656865,1.328433,1.000000,0.000000,1,6,ok
8,324,2.795213,1.397606,1.000000,0.000000,1,7,ok
8,325,1.299216,0.655055,1.008385,0.054343,0,5,ok
8,326,11.614988,5.807494,1.000000,0.000000,1,4,ok
8,327,6.872163,3.436082,1.000000,0.000000,1,3,ok
8,328,10.736597,5.368299,1.000000,0.000000,1,5,ok
8,329,11.677387,5.838694,1.000000,0.000000,1,5,ok
8,330,19.098251,9.549125,1.000000,0.000000,1,4,ok
8,331,6.008375,3.004188,1.000000,0.000000,1,4,ok
8,332,10.168076,5.084038,1.000000,0.000000,1,6,ok
8,333,15.449248,7.724624,1.000000,0.000000,1,4,ok
8,334,7.477917,3.738959,1.000000,0.000000,1,4,ok
8,335,9.102261,4.551131,1.000000,0.000000,1,4,ok
8,336,4.289424,2.144712,1.000000,0.000000,1,4,ok
8,337,10.521594,5.260797,1.000000,0.000000,1,4,ok
8,338,8.735238,4.367619,1.000000,0.000000,1,5,ok
8,339,22.042881,11.021440,1.000000,0.000000,1,7,ok
8,340,11.940234,5.970117,1.000000,0.000000,1,5,ok
8,341,0.903314,0.451657,1.000000,0.000000,1,4,ok
8,342,14.734465,7.367233,1.000000,0.000000,1,5,ok
8,343,4.118808,2.059404,1.000000,0.000000,1,5,ok
8,344,12.709685,6.354842,1.000000,0.000000,1,4,ok
8,345,10.192151,5.096075,1.000000,0.000000,1,3,ok
8,346,14.095218,7.047609,1.000000,0.000000,1,6,ok
8,347,16.940271,8.470136,1.000000,0.000000,1,5,ok
8,348,5.030408,2.515204,1.000000,0.000000,1,4,ok
8,349,12.808410,6.404205,1.000000,0.000000,1,7,ok
8,350,14.582450,7.291225,1.000000,0.000000,1,6,ok
8,351,2.394173,1.197087,1.000000,0.000000,1,4,ok
8,352,24.710464,12.355232,1.000000,0.000000,1,6,ok
8,353,21.454522,10.727261,1.000000,0.000000,1,5,ok
8,354,6.587312,3.293656,1.000000,0.000000,1,6,ok
8,355,0.930655,0.465328,1.000000,0.000000,1,4,ok
8,356,0.570651,0.285325,1.000000,0.000000,1,5,ok
8,357,3.382487,1.733374,1.024911,0.357608,0,4,ok
8,358,23.673232,11.836616,1.000000,0.000000,1,5,ok
8,359,7.275298,3.637649,1.000000,0.000000,1,4,ok
8,360,6.071842,3.035921,1.000000,0.000000,1,4,ok
8,361,9.777578,5.186544,1.060906,1.951624,0,4,ok
8,362,17.658190,8.829095,1.000000,0.000000,1,5,ok
8,363,14.516720,7.258360,1.000000,0.000000,1,4,ok
8,364,2.827283,1.413641,1.000000,0.000000,1,6,ok
8,365,12.316727,6.158364,1.000000,0.000000,1,4,ok
8,366,8.993689,4.496845,1.000000,0.000000,1,4,ok
8,367,4.315922,2.157961,1.000000,0.000000,1,4,ok
8,368,20.529989,10.264995,1.000000,0.000000,1,4,ok
8,369,13.832092,6.916046,1.000000,0.000000,1,7,ok
8,370,16.148145,8.074073,1.000000,0.000000,1,5,ok
8,371,8.294933,4.147466,1.000000,0.000000,1,5,ok
8,372,27.025416,13.512708,1.000000,0.000000,1,6,ok
8,373,8.817372,4.408686,1.000000,0.000000,1,4,ok
8,374,12.832981,6.417829,1.000209,0.099114,0,5,ok
8,375,5.894587,2.947293,1.000000,0.000000,1,4,ok
8,376,4.271108,2.135554,1.000000,0.000000,1,5,ok
8,377,18.862526,9.444637,1.001418,0.296397,0,4,ok
8,378,10.904050,5.452025,1.000000,0.000000,1,5,ok
8,379,5.509949,2.754975,1.000000,0.000000,1,5,ok
8,380,2.164648,1.082324,1.000000,0.000000,1,4,ok
8,381,16.962967,8.481483,1.000000,0.000000,1,6,ok
8,382,11.654902,5.827451,1.000000,0.000000,1,4,ok
8,383,17.017174,8.508587,1.000000,0.000000,1,7,ok
8,384,8.299370,4.149685,1.000000,0.000000,1,5,ok
8,385,4.577168,2.298125,1.004169,0.151061,0,4,ok
8,386,6.554780,3.277390,1.000000,0.000000,1,4,ok
8,387,5.618736,2.809368,1.000000,0.000000,1,4,ok
8,388,9.394958,4.697479,1.000000,0.000000,1,4,ok
8,389,5.217633,2.608832,1.000006,0.003132,0,4,ok
8,390,6.048399,3.024199,1.000000,0.000000,1,5,ok
8,391,10.339009,5.169504,1.000000,0.000000,1,4,ok
8,392,3.083324,1.541919,1.000167,0.013306,0,5,ok
8,393,12.141193,6.070597,1.000000,0.000000,1,4,ok
8,394,8.003135,4.030753,1.007293,0.349219,0,5,ok
8,395,10.354759,5.177380,1.000000,0.000000,1,6,ok
8,396,1.359487,0.709871,1.044322,0.227042,0,4,ok
8,397,1.550967,0.790851,1.019816,0.170488,0,5,ok
8,398,10.349902,5.174951,1.000000,0.000000,1,4,ok
8,399,7.297408,3.648704,1.000000,0.000000,1,4,ok
8,400,8.339561,4.282140,1.026946,1.017289,0,4,ok
8,401,8.767744,4.383872,1.000000,0.000000,1,4,ok
8,402,2.513402,1.256701,1.000000,0.000000,1,4,ok
8,403,9.650173,4.825086,1.000000,0.000000,1,4,ok
8,404,16.411744,8.205872,1.000000,0.000000,1,4,ok
8,405,6.967287,3.483643,1.000000,0.000000,1,3,ok
8,406,19.878714,9.939357,1.000000,0.000000,1,6,ok
8,407,3.401736,1.702899,1.001194,0.081150,0,5,ok
8,408,9.162473,4.581237,1.000000,0.000000,1,4,ok
8,409,12.020591,6.010296,1.000000,0.000000,1,3,ok
8,410,11.178865,5.589432,1.000000,0.000000,1,5,ok
8,411,3.482495,1.741247,1.000000,0.000000,1,4,ok
8,412,1.480603,0.740301,1.000000,0.000000,1,4,ok
8,413,2.016603,1.056162,1.047466,0.335140,0,3,ok
8,414,6.564349,3.282175,1.000000,0.000000,1,4,ok
8,415,16.991563,8.495781,1.000000,0.000000,1,5,ok
8,416,11.436983,5.742403,1.004181,0.344729,0,5,ok
8,417,2.270803,1.146934,1.010158,0.156352,0,4,ok
8,418,6.447139,3.223569,1.000000,0.000000,1,4,ok
8,419,8.901854,4.453672,1.000617,0.044185,0,6,ok
8,420,14.513187,7.256593,1.000000,0.000000,1,5,ok
8,421,4.777174,2.388587,1.000000,0.000000,1,5,ok
8,422,24.335100,12.167550,1.000000,0.000000,1,4,ok
8,423,12.262441,6.133401,1.000356,0.034808,0,5,ok
8,424,7.002677,3.609266,1.030825,0.800867,0,4,ok
8,425,2.666527,1.333329,1.000049,0.005017,0,6,ok
8,426,11.945247,5.972623,1.000000,0.000000,1,4,ok
8,427,5.478486,2.739243,1.000000,0.000000,1,4,ok
8,428,4.989286,2.494643,1.000000,0.000000,1,5,ok
8,429,4.164684,2.082342,1.000000,0.000000,1,4,ok
8,430,10.760377,5.380189,1.000000,0.000000,1,4,ok
8,431,19.752612,9.950661,1.007529,0.541820,0,5,ok
8,432,10.129246,5.342758,1.054917,1.925586,0,5,ok
8,433,10.220984,5.348186,1.046511,1.777428,0,4,ok
8,434,6.456461,3.236334,1.002510,0.139639,0,5,ok
8,435,11.780401,5.890200,1.000000,0.000000,1,5,ok
8,436,3.727877,1.982000,1.063340,0.790820,0,3,ok
8,437,2.112697,1.059012,1.002522,0.077359,0,5,ok
8,438,12.511499,6.723930,1.074840,2.656224,0,6,ok
8,439,5.048563,2.524445,1.000065,0.019926,0,4,ok
8,440,5.051009,2.525504,1.000000,0.000000,1,5,ok
8,441,12.172381,6.113507,1.004488,0.506600,0,3,ok
8,442,1.108676,0.554338,1.000000,0.000000,1,4,ok
8,443,9.667909,4.833955,1.000000,0.000000,1,6,ok
8,444,20.206470,10.103235,1.000000,0.000000,1,4,ok
8,445,6.933625,3.466812,1.000000,0.000000,1,4,ok
8,446,11.794107,5.897054,1.000000,0.000000,1,3,ok
8,447,22.924192,11.462096,1.000000,0.000000,1,5,ok
8,448,3.878726,1.939363,1.000000,0.000000,1,4,ok
8,449,7.559498,3.779749,1.000000,0.000000,1,4,ok
8,450,8.476582,4.337575,1.023425,1.003618,0,4,ok
8,451,13.809040,6.904520,1.000000,0.000000,1,5,ok
8,452,16.022032,8.045906,1.004355,0.584988,0,5,ok
8,453,3.621462,1.810731,1.000000,0.000000,1,5,ok
8,454,5.990081,2.995040,1.000000,0.000000,1,5,ok
8,455,17.837506,8.918753,1.000000,0.000000,1,6,ok
8,456,7.433182,3.720209,1.000973,0.167267,0,5,ok
8,457,10.240347,5.246890,1.024749,1.265555,0,6,ok
8,458,13.268561,6.634280,1.000000,0.000000,1,6,ok
8,459,2.801961,1.401617,1.000454,0.031240,0,4,ok
8,460,7.301380,3.650690,1.000000,0.000000,1,3,ok
8,461,7.179688,3.594077,1.001179,0.163164,0,4,ok
8,462,7.519065,3.784560,1.006657,0.458299,0,3,ok
8,463,0.797374,0.398687,1.000000,0.000000,1,4,ok
8,464,1.450767,0.725383,1.000000,0.000000,1,4,ok
8,465,7.881657,3.940829,1.000000,0.000000,1,4,ok
8,466,10.952980,5.476490,1.000000,0.000000,1,5,ok
8,467,8.525336,4.262668,1.000000,0.000000,1,4,ok
8,468,21.240077,10.620038,1.000000,0.000000,1,5,ok
8,469,13.750356,6.888514,1.001940,0.311928,0,4,ok
8,470,5.101267,2.593307,1.016731,0.445511,0,5,ok
8,471,4.670868,2.439443,1.044535,0.788866,0,4,ok
8,472,2.377345,1.188673,1.000000,0.000000,1,4,ok
8,473,28.240086,14.143054,1.001630,0.605098,0,5,ok
8,474,3.223360,1.658553,1.029083,0.435736,0,4,ok
8,475,2.464155,1.292989,1.049438,0.196681,0,5,ok
8,476,2.222975,1.112079,1.000532,0.036854,0,4,ok
8,477,5.717652,3.143287,1.099503,1.591113,0,4,ok
8,478,8.315380,4.157690,1.000000,0.000000,1,4,ok
8,479,7.447497,3.723749,1.000000,0.000000,1,4,ok
8,480,2.293715,1.146857,1.000000,0.000000,1,4,ok
8,481,6.361297,3.180649,1.000000,0.000000,1,5,ok
8,482,5.381088,2.690544,1.000000,0.000000,1,4,ok
8,483,7.248687,3.624343,1.000000,0.000000,1,3,ok
8,484,7.564953,3.782476,1.000000,0.000000,1,5,ok
8,485,8.910000,4.455000,1.000000,0.000000,1,8,ok
8,486,4.852480,2.429144,1.001197,0.115154,0,5,ok
8,487,6.511335,3.255667,1.000000,0.000000,1,4,ok
8,488,11.255146,5.627573,1.000000,0.000000,1,6,ok
8,489,8.363556,4.608373,1.102013,2.322930,0,5,ok
8,490,2.179188,1.089594,1.000000,0.000000,1,4,ok
8,491,9.267350,4.762772,1.027861,1.011418,0,7,ok
8,492,5.856914,2.986242,1.019732,0.466911,0,4,ok
8,493,3.712976,1.856488,1.000000,0.000000,1,4,ok
8,494,16.119600,8.059800,1.000000,0.000000,1,5,ok
8,495,4.065698,2.033016,1.000082,0.010717,0,5,ok
8,496,15.105496,7.552748,1.000000,0.000000,1,3,ok
8,497,0.917363,0.458681,1.000000,0.000000,1,5,ok
8,498,13.285415,6.642707,1.000000,0.000000,1,7,ok
8,499,5.281533,2.640767,1.000000,0.000000,1,6,ok
10,0,15.396884,7.698442,1.000000,0.000000,1,7,ok
10,1,8.978733,4.489366,1.000000,0.000000,1,3,ok
10,2,12.483431,6.241716,1.000000,0.000000,1,5,ok
10,3,4.794265,2.397132,1.000000,0.000000,1,6,ok
10,4,2.225862,1.112931,1.000000,0.000000,1,4,ok
10,5,7.688506,3.844253,1.000000,0.000000,1,4,ok
10,6,2.048552,1.025570,1.001263,0.030249,0,4,ok
10,7,2.806780,1.403390,1.000000,0.000000,1,4,ok
10,8,16.611100,8.373693,1.008205,0.893532,0,6,ok
10,9,6.124512,3.062256,1.000000,0.000000,1,4,ok
10,10,10.949350,5.474675,1.000000,0.000000,1,5,ok
10,11,10.719336,5.359668,1.000000,0.000000,1,3,ok
10,12,3.570553,1.797289,1.006729,0.187577,0,5,ok
10,13,6.992489,3.496244,1.000000,0.000000,1,4,ok
10,14,9.057913,4.528956,1.000000,0.000000,1,5,ok
10,15,2.964431,1.482216,1.000000,0.000000,1,5,ok
10,16,11.702865,5.911356,1.010241,0.709273,0,4,ok
10,17,4.781214,2.390607,1.000000,0.000000,1,4,ok
10,18,12.838920,6.419460,1.000000,0.000000,1,5,ok
10,19,13.657777,6.828889,1.000000,0.000000,1,6,ok
10,20,10.006814,5.003407,1.000000,0.000000,1,5,ok
10,21,6.122100,3.184532,1.040340,0.935438,0,5,ok
10,22,7.240103,3.620052,1.000000,0.000000,1,4,ok
10,23,6.765949,3.387642,1.001380,0.134266,0,4,ok
10,24,5.887830,2.943915,1.000000,0.000000,1,5,ok
10,25,12.844560,6.461560,1.006116,0.636031,0,5,ok
10,26,2.880626,1.440313,1.000000,0.000000,1,5,ok
10,27,7.125500,3.562750,1.000000,0.000000,1,4,ok
10,28,4.255934,2.127967,1.000000,0.000000,1,3,ok
10,29,5.340423,2.676295,1.002278,0.102112,0,5,ok
10,30,1.853399,0.926700,1.000000,0.000000,1,4,ok
10,31,1.918026,0.960872,1.001938,0.059436,0,3,ok
10,32,3.387573,1.693787,1.000000,0.000000,1,5,ok
10,33,4.539946,2.269973,1.000000,0.000000,1,5,ok
10,34,11.719393,5.859697,1.000000,0.000000,1,6,ok
10,35,6.169778,3.084889,1.000000,0.000000,1,4,ok
10,36,5.362880,2.681440,1.000000,-0.000000,1,4,ok
10,37,6.533045,3.266522,1.000000,0.000000,1,4,ok
10,38,10.715337,5.370695,1.002431,0.251090,0,6,ok
10,39,4.590143,2.295072,1.000000,0.000000,1,4,ok
10,40,14.629364,7.314682,1.000000,0.000000,1,5,ok
10,41,2.468860,1.234430,1.000000,0.000000,1,4,ok
10,42,6.527306,3.263653,1.000000,0.000000,1,5,ok
10,43,6.898916,3.449458,1.000000,0.000000,1,7,ok
10,44,7.020404,3.584907,1.021282,0.765799,0,4,ok
10,45,13.075364,6.537682,1.000000,0.000000,1,4,ok
10,46,3.526972,1.767006,1.001996,0.057165,0,4,ok
10,47,2.059787,1.031935,1.001982,0.064524,0,5,ok
10,48,4.499503,2.250766,1.000451,0.058511,0,4,ok
10,49,4.284001,2.142125,1.000058,0.009509,0,4,ok
10,50,1.013035,0.506518,1.000000,0.000000,1,3,ok
10,51,11.292395,5.793926,1.026164,1.329815,0,5,ok
10,52,8.738756,4.369378,1.000000,0.000000,1,5,ok
10,53,2.322881,1.161440,1.000000,0.000000,1,5,ok
10,54,10.516651,5.258325,1.000000,0.000000,1,6,ok
10,55,7.237152,3.618576,1.000000,0.000000,1,5,ok
10,56,1.969801,0.984900,1.000000,0.000000,1,4,ok
10,57,3.743005,1.920336,1.026093,0.475868,0,3,ok
10,58,4.275328,2.137664,1.000000,0.000000,1,5,ok
10,59,9.204282,4.602141,1.000000,0.000000,1,4,ok
10,60,8.596036,4.298018,1.000000,0.000000,1,4,ok
10,61,10.529907,5.264954,1.000000,0.000000,1,5,ok
10,62,3.494986,1.747493,1.000000,0.000000,1,5,ok
10,63,9.481272,4.740636,1.000000,0.000000,1,5,ok
10,64,2.382950,1.191475,1.000000,0.000000,1,4,ok
10,65,3.691704,1.845852,1.000000,0.000000,1,3,ok
10,66,9.489755,4.746276,1.000295,0.079085,0,4,ok
10,67,5.349609,2.674805,1.000000,0.000000,1,4,ok
10,68,9.430018,4.715009,1.000000,0.000000,1,4,ok
10,69,12.356663,6.178332,1.000000,0.000000,1,4,ok
10,70,8.190640,4.095320,1.000000,0.000000,1,5,ok
10,71,9.200149,4.600075,1.000000,0.000000,1,4,ok
10,72,9.949757,4.974879,1.000000,0.000000,1,4,ok
10,73,5.261746,2.631577,1.000267,0.019469,0,5,ok
10,74,1.086311,0.543155,1.000000,0.000000,1,3,ok
10,75,1.698327,0.886975,1.044528,0.290129,0,4,ok
10,76,3.052626,1.531266,1.003245,0.068453,0,6,ok
10,77,1.921371,0.960686,1.000000,0.000000,1,4,ok
10,78,7.795255,3.897628,1.000000,0.000000,1,5,ok
10,79,4.855586,2.428127,1.000138,0.038068,0,5,ok
10,80,4.419360,2.209680,1.000000,0.000000,1,4,ok
10,81,10.028047,5.014024,1.000000,0.000000,1,5,ok
10,82,10.670968,5.376060,1.007605,0.417319,0,6,ok
10,83,1.837447,0.918724,1.000000,0.000000,1,5,ok
10,84,11.558288,5.810473,1.005421,0.432118,0,5,ok
10,85,2.056686,1.028343,1.000000,0.000000,1,4,ok
10,86,5.033542,2.516771,1.000000,0.000000,1,4,ok
10,87,11.590816,5.822557,1.004685,0.576260,0,5,ok
10,88,7.082387,3.541289,1.000027,0.018159,0,5,ok
10,89,8.430859,4.242239,1.006360,0.229382,0,4,ok
10,90,3.718519,1.929139,1.037585,0.099852,0,5,ok
10,91,7.460225,3.731527,1.000379,0.016728,0,4,ok
10,92,8.314837,4.157419,1.000000,0.000000,1,5,ok
10,93,7.371891,3.685945,1.000000,0.000000,1,4,ok
10,94,4.839486,2.419743,1.000000,0.000000,1,5,ok
10,95,22.573606,11.286803,1.000000,0.000000,1,7,ok
10,96,3.744202,1.872101,1.000000,0.000000,1,5,ok
10,97,5.797172,2.898639,1.000018,0.016378,0,4,ok
10,98,7.578836,3.789418,1.000000,0.000000,1,4,ok
10,99,9.889357,4.944679,1.000000,0.000000,1,4,ok
10,100,3.159225,1.579612,1.000000,0.000000,1,4,ok
10,101,15.147857,7.573929,1.000000,0.000000,1,4,ok
10,102,3.872075,1.936037,1.000000,0.000000,1,4,ok
10,103,2.628272,1.314136,1.000000,0.000000,1,4,ok
10,104,6.627053,3.313527,1.000000,0.000000,1,5,ok
10,105,6.486150,3.249982,1.002130,0.056811,0,5,ok
10,106,5.205255,2.602627,1.000000,0.000000,1,4,ok
10,107,18.740922,9.370461,1.000000,-0.000000,1,5,ok
10,108,21.274755,10.637378,1.000000,0.000000,1,4,ok
10,109,4.498198,2.253940,1.002152,0.135368,0,5,ok
10,110,11.751085,5.875542,1.000000,0.000000,1,5,ok
10,111,7.048711,3.524356,1.000000,0.000000,1,4,ok
10,112,4.363038,2.181519,1.000000,0.000000,1,4,ok
10,113,10.734790,5.367395,1.000000,0.000000,1,5,ok
10,114,9.246415,4.623208,1.000000,0.000000,1,6,ok
10,115,1.498003,0.749001,1.000000,0.000000,1,5,ok
10,116,4.179557,2.089778,1.000000,0.000000,1,4,ok
10,117,9.448895,4.724448,1.000000,0.000000,1,4,ok
10,118,4.333116,2.167168,1.000281,0.033377,0,5,ok
10,119,4.329627,2.164813,1.000000,0.000000,1,4,ok
10,120,4.675053,2.337527,1.000000,0.000000,1,4,ok
10,121,1.355663,0.677832,1.000000,0.000000,1,4,ok
10,122,7.098145,3.549073,1.000000,0.000000,1,4,ok
10,123,13.440391,6.720196,1.000000,0.000000,1,5,ok
10,124,8.610050,4.307211,1.000508,0.023013,0,6,ok
10,125,5.959397,2.979699,1.000000,0.000000,1,5,ok
10,126,1.738088,0.869889,1.000972,0.008626,0,4,ok
10,127,2.376249,1.199187,1.009311,0.097145,0,4,ok
10,128,5.406273,2.713332,1.003772,0.147240,0,3,ok
10,129,17.126111,8.563056,1.000000,0.000000,1,5,ok
10,130,6.665584,3.343764,1.003292,0.237966,0,4,ok
10,131,21.476480,10.738240,1.000000,0.000000,1,4,ok
10,132,16.298030,8.149015,1.000000,0.000000,1,4,ok
10,133,10.029852,5.039161,1.004833,0.334794,0,5,ok
10,134,7.704698,3.852349,1.000000,0.000000,1,5,ok
10,135,5.151594,2.575797,1.000000,0.000000,1,4,ok
10,136,3.981280,1.990640,1.000000,0.000000,1,4,ok
10,137,4.624138,2.323345,1.004877,0.201083,0,4,ok
10,138,10.062864,5.031432,1.000000,0.000000,1,4,ok
10,139,7.261731,3.637290,1.001769,0.111025,0,5,ok
10,140,9.105144,4.552572,1.000000,0.000000,1,7,ok
10,141,3.446928,1.723464,1.000000,0.000000,1,4,ok
10,142,4.927620,2.463810,1.000000,0.000000,1,4,ok
10,143,7.751274,3.914440,1.010012,0.413950,0,3,ok
10,144,0.834196,0.417098,1.000000,0.000000,1,4,ok
10,145,3.627955,1.813977,1.000000,0.000000,1,6,ok
10,146,8.430367,4.222336,1.001697,0.119702,0,6,ok
10,147,11.555995,5.777997,1.000000,0.000000,1,5,ok
10,148,12.003889,6.001945,1.000000,0.000000,1,5,ok
10,149,10.052915,5.026458,1.000000,0.000000,1,6,ok
10,150,2.994762,1.511719,1.009575,0.193210,0,5,ok
10,151,5.469019,2.806349,1.026272,0.686608,0,5,ok
10,152,13.181112,6.590556,1.000000,0.000000,1,5,ok
10,153,3.088035,1.623866,1.051715,0.514436,0,4,ok
10,154,8.367412,4.206119,1.005357,0.312407,0,6,ok
10,155,6.675944,3.337972,1.000000,0.000000,1,5,ok
10,156,2.402998,1.201499,1.000000,0.000000,1,5,ok
10,157,3.874182,1.937091,1.000000,0.000000,1,5,ok
10,158,16.614024,8.307012,1.000000,0.000000,1,4,ok
10,159,7.842797,3.921398,1.000000,0.000000,1,7,ok
10,160,6.520177,3.280085,1.006134,0.309115,0,6,ok
10,161,3.169797,1.584898,1.000000,0.000000,1,4,ok
10,162,11.020822,5.607883,1.017689,1.127286,0,3,ok
10,163,9.804663,5.028126,1.025660,1.241283,0,4,ok
10,164,5.153937,2.576968,1.000000,0.000000,1,4,ok
10,165,10.669785,5.335715,1.000154,0.091573,0,5,ok
10,166,8.866731,4.441665,1.001872,0.087399,0,4,ok
10,167,8.680712,4.340356,1.000000,0.000000,1,4,ok
10,168,13.083795,6.541897,1.000000,-0.000000,1,3,ok
10,169,13.170167,6.791066,1.031280,0.389625,0,4,ok
10,170,10.975444,5.487722,1.000000,0.000000,1,5,ok
10,171,5.875527,2.937764,1.000000,0.000000,1,5,ok
10,172,4.956128,2.478064,1.000000,0.000000,1,4,ok
10,173,6.663965,3.332083,1.000030,0.002505,0,4,ok
10,174,5.919104,2.985938,1.008916,0.247013,0,6,ok
10,175,6.851971,3.425986,1.000000,0.000000,1,5,ok
10,176,5.480150,2.740075,1.000000,0.000000,1,3,ok
10,177,5.840200,2.920100,1.000000,0.000000,1,4,ok
10,178,10.863785,5.437716,1.001072,0.184303,0,4,ok
10,179,8.565926,4.283440,1.000111,0.064323,0,5,ok
10,180,3.287362,1.643681,1.000000,0.000000,1,4,ok
10,181,4.572133,2.286066,1.000000,0.000000,1,4,ok
10,182,19.343125,9.671563,1.000000,0.000000,1,5,ok
10,183,14.329352,7.164676,1.000000,0.000000,1,7,ok
10,184,10.548187,5.274093,1.000000,0.000000,1,4,ok
10,185,16.899747,8.449874,1.000000,0.000000,1,5,ok
10,186,11.038691,5.529066,1.001761,0.174862,0,5,ok
10,187,4.060501,2.030250,1.000000,0.000000,1,4,ok
10,188,14.369350,7.184675,1.000000,0.000000,1,4,ok
10,189,3.246621,1.623311,1.000000,0.000000,1,4,ok
10,190,11.200122,5.600061,1.000000,0.000000,1,4,ok
10,191,6.453956,3.229237,1.000700,0.108043,0,3,ok
10,192,6.214929,3.107464,1.000000,0.000000,1,4,ok
10,193,2.161381,1.080690,1.000000,0.000000,1,4,ok
10,194,7.031572,3.515786,1.000000,0.000000,1,5,ok
10,195,5.339843,2.672885,1.001110,0.080337,0,5,ok
10,196,3.181910,1.631145,1.025261,0.351110,0,4,ok
10,197,5.632860,2.846170,1.010559,0.240725,0,5,ok
10,198,9.148829,4.574414,1.000000,0.000000,1,4,ok
10,199,5.977871,3.028046,1.013085,0.377197,0,5,ok
10,200,3.655574,1.827787,1.000000,0.000000,1,5,ok
10,201,10.251629,5.125815,1.000000,0.000000,1,6,ok
10,202,9.925842,5.100700,1.027762,1.113357,0,5,ok
10,203,1.706977,0.854123,1.000744,0.032546,0,4,ok
10,204,10.306989,5.153495,1.000000,0.000000,1,4,ok
10,205,9.222239,4.654986,1.009513,0.465941,0,6,ok
10,206,3.880610,1.949658,1.004821,0.162581,0,4,ok
10,207,3.796831,1.898416,1.000000,0.001025,0,4,ok
10,208,4.215373,2.201969,1.044733,0.647708,0,3,ok
10,209,1.222912,0.611456,1.000000,0.000000,1,4,ok
10,210,5.490960,2.745480,1.000000,0.000000,1,5,ok
10,211,21.804850,10.908769,1.000582,0.377907,0,6,ok
10,212,2.317537,1.158768,1.000000,0.000000,1,4,ok
10,213,4.183701,2.091850,1.000000,0.000000,1,4,ok
10,214,6.293172,3.146586,1.000000,0.000000,1,4,ok
10,215,5.050097,2.525049,1.000000,0.000000,1,5,ok
10,216,11.340590,5.670295,1.000000,0.000000,1,6,ok
10,217,19.754105,9.877053,1.000000,0.000000,1,6,ok
10,218,7.377195,3.688598,1.000000,0.000000,1,5,ok
10,219,16.359970,8.386592,1.025258,2.022268,0,5,ok
10,220,4.121733,2.060867,1.000000,0.000000,1,6,ok
10,221,12.064191,6.032095,1.000000,0.000000,1,4,ok
10,222,6.666986,3.333493,1.000000,0.000000,1,5,ok
10,223,1.180967,0.590483,1.000000,0.000000,1,4,ok
10,224,7.211262,3.605631,1.000000,0.000000,1,4,ok
10,225,8.655259,4.327630,1.000000,0.000000,1,5,ok
10,226,5.073089,2.536544,1.000000,0.000000,1,5,ok
10,227,8.106076,4.090923,1.009347,0.357215,0,4,ok
10,228,5.849413,3.016529,1.031395,0.709094,0,4,ok
10,229,2.010390,1.012699,1.007465,0.128312,0,4,ok
10,230,8.309923,4.154962,1.000000,0.000000,1,6,ok
10,231,9.371221,4.685611,1.000000,0.000000,1,4,ok
10,232,3.802307,1.977424,1.040118,0.509676,0,5,ok
10,233,2.954574,1.477287,1.000000,0.000000,1,4,ok
10,234,6.847992,3.423996,1.000000,0.000000,1,4,ok
10,235,6.347469,3.173734,1.000000,0.000000,1,5,ok
10,236,3.964217,1.982108,1.000000,0.000000,1,5,ok
10,237,1.148484,0.574242,1.000000,0.000000,1,3,ok
10,238,2.599421,1.306806,1.005459,0.126919,0,4,ok
10,239,14.833044,7.416522,1.000000,0.000000,1,4,ok
10,240,5.100674,2.550337,1.000000,0.000000,1,6,ok
10,241,6.162337,3.085460,1.001393,0.156379,0,5,ok
10,242,9.480727,4.740364,1.000000,0.000000,1,5,ok
10,243,14.255385,7.127692,1.000000,0.000032,0,6,ok
10,244,3.724630,1.862315,1.000000,0.000000,1,4,ok
10,245,8.909362,4.454681,1.000000,0.000000,1,5,ok
10,246,4.485348,2.242674,1.000000,0.000000,1,4,ok
10,247,3.822008,2.046269,1.070782,0.821203,0,6,ok
10,248,1.929907,0.964953,1.000000,0.000000,1,4,ok
10,249,7.520239,3.787525,1.007289,0.258575,0,5,ok
10,250,13.260588,6.774990,1.021823,0.699079,0,4,ok
10,251,12.810300,6.411064,1.000923,0.266920,0,5,ok
10,252,5.778058,2.940535,1.017828,0.469495,0,3,ok
10,253,5.097173,2.549740,1.000453,0.033490,0,6,ok
10,254,2.822082,1.411041,1.000000,0.000000,1,4,ok
10,255,3.354364,1.686889,1.005788,0.135862,0,5,ok
10,256,1.386301,0.693151,1.000000,0.000000,1,4,ok
10,257,5.645395,2.975973,1.054301,0.725950,0,5,ok
10,258,6.361093,3.180546,1.000000,0.000000,1,4,ok
10,259,2.724092,1.362046,1.000000,0.000000,1,6,ok
10,260,5.820539,2.916250,1.002055,0.130031,0,6,ok
10,261,2.765077,1.401661,1.013832,0.142561,0,5,ok
10,262,1.254613,0.650755,1.037380,0.196106,0,4,ok
10,263,7.718090,3.859045,1.000000,0.000000,1,4,ok
10,264,4.436509,2.223515,1.002371,0.088269,0,4,ok
10,265,3.175366,1.592990,1.003343,0.128388,0,4,ok
10,266,6.842456,3.421228,1.000000,0.000000,1,5,ok
10,267,2.406126,1.203063,1.000000,0.000000,1,5,ok
10,268,5.387237,2.693619,1.000000,0.000000,1,4,ok
10,269,4.508831,2.272703,1.008112,0.290106,0,3,ok
10,270,2.781633,1.390816,1.000000,0.000000,1,4,ok
10,271,3.059648,1.530225,1.000262,0.026273,0,4,ok
10,272,4.396195,2.198725,1.000286,0.050698,0,5,ok
10,273,4.270739,2.135369,1.000000,0.000000,1,4,ok
10,274,3.003825,1.501912,1.000000,0.000000,1,6,ok
10,275,8.698479,4.362177,1.002975,0.318656,0,5,ok
10,276,4.457919,2.256978,1.012570,0.295775,0,5,ok
10,277,16.964599,8.482299,1.000000,0.000000,1,6,ok
10,278,3.229506,1.614753,1.000000,0.000000,1,4,ok
10,279,7.080606,3.544260,1.001118,0.132486,0,5,ok
10,280,12.818111,6.409056,1.000000,0.000000,1,5,ok
10,281,4.379034,2.189517,1.000000,0.000000,1,4,ok
10,282,4.597721,2.306283,1.003229,0.149626,0,4,ok
10,283,8.831848,4.415924,1.000000,0.000000,1,5,ok
10,284,4.481200,2.254180,1.006061,0.239374,0,5,ok
10,285,4.446616,2.246721,1.010531,0.275640,0,5,ok
10,286,11.447425,5.723712,1.000000,0.000000,1,5,ok
10,287,4.677356,2.338678,1.000000,0.000000,1,5,ok
10,288,7.357683,3.699819,1.005702,0.414093,0,5,ok
10,289,3.891311,2.025155,1.040860,0.573011,0,4,ok
10,290,5.021268,2.510634,1.000000,0.000000,1,4,ok
10,291,3.538232,1.769116,1.000000,0.000000,1,4,ok
10,292,5.902030,2.965681,1.004970,0.242818,0,6,ok
10,293,0.864991,0.432496,1.000000,0.000000,1,4,ok
10,294,8.686843,4.343421,1.000000,0.000000,1,4,ok
10,295,9.542957,4.868613,1.020357,1.059547,0,7,ok
10,296,5.587253,2.793626,1.000000,0.000000,1,6,ok
10,297,0.436438,0.218219,1.000000,0.000000,1,4,ok
10,298,2.479323,1.247938,1.006676,0.133528,0,4,ok
10,299,11.246115,5.623057,1.000000,-0.000000,1,4,ok
10,300,12.495091,6.247545,1.000000,0.000000,1,6,ok
10,301,11.240099,5.620049,1.000000,0.000000,1,5,ok
10,302,8.163945,4.081973,1.000000,0.000000,1,4,ok
10,303,12.653015,6.393733,1.010626,0.725958,0,5,ok
10,304,2.443430,1.365301,1.117528,0.752812,0,3,ok
10,305,4.746270,2.373135,1.000000,0.000000,1,4,ok
10,306,9.548803,4.996346,1.046486,0.304671,0,5,ok
10,307,5.152239,2.576119,1.000000,0.000000,1,5,ok
10,308,4.072215,2.036499,1.000193,0.017711,0,5,ok
10,309,1.520945,0.824814,1.084608,0.379139,0,4,ok
10,310,10.054280,5.027140,1.000000,0.000000,1,4,ok
10,311,14.702732,7.351366,1.000000,0.000000,1,4,ok
10,312,4.096767,2.048384,1.000000,0.000000,1,5,ok
10,313,10.820033,5.410016,1.000000,0.000000,1,5,ok
10,314,7.939005,3.979857,1.002608,0.179204,0,4,ok
10,315,4.571884,2.285942,1.000000,0.000000,1,5,ok
10,316,1.088677,0.544339,1.000000,0.000000,1,5,ok
10,317,4.537738,2.268869,1.000000,0.000000,1,4,ok
10,318,3.043118,1.521559,1.000000,0.000000,1,4,ok
10,319,2.726814,1.363407,1.000000,0.000000,1,4,ok
10,320,10.922483,5.461241,1.000000,0.000000,1,4,ok
10,321,2.389831,1.194916,1.000000,0.000000,1,4,ok
10,322,8.233835,4.168366,1.012497,0.703289,0,5,ok
10,323,4.158334,2.160185,1.038967,0.622036,0,4,ok
10,324,10.779272,5.389636,1.000000,0.000000,1,4,ok
10,325,2.765257,1.382629,1.000000,0.000000,1,4,ok
10,326,7.589547,3.801915,1.001882,0.208220,0,7,ok
10,327,0.925112,0.462556,1.000000,0.000000,1,5,ok
10,328,5.776938,2.888469,1.000000,0.000000,1,5,ok
10,329,6.603940,3.301970,1.000000,0.000000,1,4,ok
10,330,5.877341,2.938670,1.000000,0.000000,1,4,ok
10,331,1.718451,0.860126,1.001048,0.032270,0,4,ok
10,332,7.728517,3.864258,1.000000,0.000000,1,3,ok
10,333,2.651295,1.325647,1.000000,0.000000,1,4,ok
10,334,5.531880,2.765940,1.000000,0.000000,1,5,ok
10,335,5.177194,2.588597,1.000000,0.000000,1,4,ok
10,336,6.044239,3.053742,1.010464,0.457207,0,4,ok
10,337,11.830592,5.915296,1.000000,0.000000,1,4,ok
10,338,6.035523,3.017762,1.000000,0.000000,1,4,ok
10,339,6.669746,3.398400,1.019049,0.690095,0,3,ok
10,340,1.626475,0.813237,1.000000,0.000000,1,4,ok
10,341,4.293175,2.146587,1.000000,0.000000,1,6,ok
10,342,4.895221,2.447611,1.000000,0.000000,1,4,ok
10,343,2.078580,1.082039,1.041133,0.314459,0,5,ok
10,344,14.080303,7.040152,1.000000,0.000000,1,7,ok
10,345,9.243147,4.741059,1.025854,0.642927,0,5,ok
10,346,6.677243,3.338621,1.000000,0.000000,1,6,ok
10,347,4.269603,2.139585,1.002241,0.125167,0,5,ok
10,348,4.728031,2.409520,1.019249,0.501566,0,5,ok
10,349,7.784717,3.914266,1.005628,0.435310,0,5,ok
10,350,16.520305,8.260153,1.000000,0.000000,1,5,ok
10,351,8.162701,4.081351,1.000000,0.000000,1,4,ok
10,352,3.081937,1.540969,1.000000,0.000000,1,5,ok
10,353,6.153353,3.107968,1.010171,0.310020,0,4,ok
10,354,1.625176,0.819382,1.008361,0.076548,0,4,ok
10,355,8.661103,4.346235,1.003622,0.191300,0,4,ok
10,356,11.151613,5.629133,1.009564,0.540685,0,6,ok
10,357,5.155774,2.577887,1.000000,-0.000000,1,4,ok
10,358,9.365782,4.682891,1.000000,0.000000,1,7,ok
10,359,4.739484,2.369742,1.000000,0.000000,1,5,ok
10,360,6.584873,3.431705,1.042299,1.091462,0,4,ok
10,361,6.058993,3.029496,1.000000,0.000000,1,3,ok
10,362,8.664157,4.332078,1.000000,0.000000,1,5,ok
10,363,5.804836,2.902418,1.000000,0.000000,1,5,ok
10,364,5.744303,2.872152,1.000000,0.000000,1,5,ok
10,365,2.289137,1.144568,1.000000,0.000000,1,3,ok
10,366,2.146224,1.073112,1.000000,0.000000,1,4,ok
10,367,11.908540,5.971370,1.002872,0.467466,0,6,ok
10,368,14.459922,7.229961,1.000000,0.000000,1,7,ok
10,369,9.659421,4.901925,1.014952,0.715662,0,5,ok
10,370,3.198892,1.618820,1.012113,0.260520,0,6,ok
10,371,11.426780,5.713390,1.000000,0.000000,1,5,ok
10,372,5.070012,2.535006,1.000000,0.000000,1,5,ok
10,373,3.545936,1.772968,1.000000,0.000000,1,6,ok
10,374,0.879544,0.439772,1.000000,0.000000,1,4,ok
10,375,6.734113,3.367056,1.000000,0.000000,1,5,ok
10,376,9.360323,4.680161,1.000000,0.000000,1,5,ok
10,377,6.075823,3.045604,1.002532,0.047660,0,5,ok
10,378,10.690178,5.517685,1.032291,1.261186,0,6,ok
10,379,10.207033,5.127208,1.004642,0.507109,0,4,ok
10,380,10.670703,5.335351,1.000000,0.000000,1,5,ok
10,381,5.088653,2.549586,1.002067,0.129331,0,5,ok
10,382,13.573970,6.786985,1.000000,0.000000,1,5,ok
10,383,4.781854,2.390927,1.000000,0.000000,1,4,ok
10,384,9.195357,4.597678,1.000000,0.000000,1,5,ok
10,385,7.499444,3.749722,1.000000,0.000000,1,5,ok
10,386,7.308860,3.715656,1.016754,0.497780,0,4,ok
10,387,9.085486,4.542743,1.000000,0.000000,1,5,ok
10,388,6.968642,3.484321,1.000000,0.000000,1,5,ok
10,389,8.548990,4.274495,1.000000,0.000000,1,4,ok
10,390,2.789786,1.399838,1.003545,0.102055,0,5,ok
10,391,13.320159,6.660079,1.000000,0.000000,1,4,ok
10,392,0.899767,0.449884,1.000000,0.000000,1,3,ok
10,393,19.583770,9.791885,1.000000,0.000000,1,4,ok
10,394,4.220511,2.110256,1.000000,0.000000,1,4,ok
10,395,2.968113,1.484056,1.000000,0.000000,1,4,ok
10,396,11.948440,6.186472,1.035528,1.585814,0,7,ok
10,397,3.612394,1.806197,1.000000,0.000000,1,4,ok
10,398,3.164993,1.582497,1.000000,0.000000,1,4,ok
10,399,1.908462,0.954231,1.000000,0.000000,1,4,ok
10,400,10.676036,5.338018,1.000000,0.000000,1,7,ok
10,401,6.226408,3.113204,1.000000,0.000000,1,4,ok
10,402,15.750727,7.875364,1.000000,0.000000,1,5,ok
10,403,5.412108,2.727785,1.008030,0.229596,0,5,ok
10,404,11.441216,5.720608,1.000000,0.000000,1,3,ok
10,405,5.582330,2.817921,1.009586,0.217314,0,5,ok
10,406,7.240150,3.620813,1.000204,0.073784,0,4,ok
10,407,2.607995,1.303998,1.000000,0.000000,1,5,ok
10,408,10.087261,5.043631,1.000000,0.000000,1,5,ok
10,409,5.220507,2.610254,1.000000,0.000000,1,3,ok
10,410,3.064935,1.532467,1.000000,0.000000,1,4,ok
10,411,23.566046,11.783023,1.000000,0.000000,1,5,ok
10,412,6.038610,3.019305,1.000000,0.000000,1,4,ok
10,413,8.998993,4.499497,1.000000,0.000000,1,4,ok
10,414,1.933402,0.966701,1.000000,0.000000,1,4,ok
10,415,12.472656,6.236328,1.000000,0.000000,1,4,ok
10,416,12.487226,6.306094,1.010007,0.883575,0,5,ok
10,417,5.140888,2.573801,1.001306,0.097608,0,4,ok
10,418,5.255553,2.627777,1.000000,0.000000,1,4,ok
10,419,15.383846,7.704607,1.001649,0.164561,0,4,ok
10,420,3.929299,1.964650,1.000000,0.000000,1,5,ok
10,421,24.767852,12.383926,1.000000,0.000000,1,6,ok
10,422,10.589639,5.294820,1.000000,0.000000,1,5,ok
10,423,4.201646,2.100823,1.000000,0.000000,1,4,ok
10,424,14.206241,7.103121,1.000000,0.000000,1,4,ok
10,425,16.498987,8.249493,1.000000,0.000000,1,5,ok
10,426,2.688052,1.344026,1.000000,0.000000,1,4,ok
10,427,1.902738,0.951369,1.000000,0.000000,1,3,ok
10,428,2.099395,1.049697,1.000000,0.000000,1,4,ok
10,429,3.383403,1.691702,1.000000,0.000000,1,3,ok
10,430,1.771490,0.886027,1.000318,0.013070,0,3,ok
10,431,7.907056,4.069941,1.029445,1.070865,0,7,ok
10,432,5.483714,2.741857,1.000000,0.000000,1,4,ok
10,433,6.423468,3.211744,1.000003,0.005974,0,5,ok
10,434,12.106025,6.053012,1.000000,0.000000,1,5,ok
10,435,9.064570,4.532285,1.000000,0.000000,1,4,ok
10,436,8.628794,4.323494,1.002108,0.235380,0,5,ok
10,437,11.946140,5.973070,1.000000,0.000000,1,6,ok
10,438,1.410716,0.705358,1.000000,0.000000,1,5,ok
10,439,6.052502,3.026251,1.000000,0.000000,1,4,ok
10,440,1.244599,0.629612,1.011751,0.069127,0,4,ok
10,441,14.282128,7.141064,1.000000,0.000000,1,5,ok
10,442,3.415544,1.707772,1.000000,0.000000,1,4,ok
10,443,8.527812,4.263906,1.000000,0.000000,1,4,ok
10,444,4.781700,2.390850,1.000000,0.000000,1,5,ok
10,445,4.809254,2.404627,1.000000,0.000000,1,5,ok
10,446,6.010558,3.005279,1.000000,0.000000,1,5,ok
10,447,13.331890,6.665945,1.000000,0.000000,1,5,ok
10,448,3.211399,1.605700,1.000000,0.000000,1,6,ok
10,449,4.148858,2.074429,1.000000,0.000000,1,7,ok
10,450,2.952078,1.476039,1.000000,0.000000,1,4,ok
10,451,8.154377,4.077188,1.000000,0.000000,1,4,ok
10,452,1.404428,0.703448,1.001757,0.035536,0,5,ok
10,453,7.242583,3.621776,1.000134,0.045384,0,4,ok
10,454,2.740546,1.370332,1.000043,0.006671,0,4,ok
10,455,8.821869,4.410935,1.000000,0.000000,1,4,ok
10,456,1.022853,0.511427,1.000000,0.000000,1,3,ok
10,457,4.437446,2.220948,1.001003,0.029641,0,5,ok
10,458,1.633463,0.829868,1.016085,0.067929,0,4,ok
10,459,6.675703,3.512382,1.052288,1.163161,0,3,ok
10,460,4.265773,2.174999,1.019744,0.310315,0,4,ok
10,461,10.095901,5.047950,1.000000,0.000000,1,4,ok
10,462,4.803938,2.401969,1.000000,0.000000,1,3,ok
10,463,20.077177,10.047290,1.000867,0.254250,0,6,ok
10,464,7.241919,3.620960,1.000000,0.000000,1,5,ok
10,465,6.744676,3.398424,1.007735,0.290453,0,7,ok
10,466,2.118081,1.059040,1.000000,0.000000,1,4,ok
10,467,5.442667,2.721333,1.000000,0.000000,1,5,ok
10,468,21.807663,11.128222,1.020579,2.222061,0,6,ok
10,469,13.185010,6.592505,1.000000,0.000000,1,3,ok
10,470,4.569639,2.284819,1.000000,-0.000000,1,4,ok
10,471,8.678349,4.339175,1.000000,0.000000,1,4,ok
10,472,8.255391,4.127695,1.000000,0.000000,1,4,ok
10,473,13.157793,6.578897,1.000000,0.000000,1,6,ok
10,474,7.106359,3.553179,1.000000,0.000000,1,3,ok
10,475,2.769407,1.384704,1.000000,0.000000,1,4,ok
10,476,8.035303,4.017651,1.000000,0.000000,1,4,ok
10,477,3.167764,1.583882,1.000000,0.000000,1,4,ok
10,478,4.920307,2.460153,1.000000,0.000000,1,4,ok
10,479,10.538674,5.269337,1.000000,0.000000,1,4,ok
10,480,5.011773,2.505887,1.000000,0.000000,1,5,ok
10,481,1.816505,0.908252,1.000000,0.000000,1,4,ok
10,482,5.510844,2.755422,1.000000,0.000000,1,5,ok
10,483,17.452561,8.941477,1.024661,2.099101,0,5,ok
10,484,11.436326,5.718163,1.000000,0.000000,1,4,ok
10,485,18.662004,9.331002,1.000000,0.000000,1,6,ok
10,486,1.221270,0.610635,1.000000,0.000000,1,5,ok
10,487,13.196397,6.598198,1.000000,0.000000,1,6,ok
10,488,6.655035,3.327517,1.000000,0.000000,1,4,ok
10,489,4.063384,2.104032,1.035606,0.589758,0,5,ok
10,490,7.234867,3.715246,1.027039,0.777967,0,5,ok
10,491,4.359246,2.179623,1.000000,0.000000,1,4,ok
10,492,2.961852,1.481436,1.000344,0.033836,0,4,ok
10,493,4.993360,2.496680,1.000000,0.000000,1,4,ok
10,494,4.835494,2.430203,1.005152,0.096244,0,5,ok
10,495,4.294871,2.147435,1.000000,0.000000,1,6,ok
10,496,2.392213,1.209776,1.011428,0.130499,0,5,ok
10,497,4.769093,2.384546,1.000000,0.000000,1,5,ok
10,498,7.262982,3.654298,1.006280,0.408759,0,6,ok
10,499,2.146325,1.079197,1.005623,0.074441,0,4,ok
15,0,3.307204,1.653602,1.000000,0.000000,1,4,ok
15,1,1.034314,0.517285,1.000247,0.001218,0,5,ok
15,2,1.151361,0.575699,1.000033,0.001750,0,4,ok
15,3,3.765646,1.885278,1.001304,0.062984,0,6,ok
15,4,3.982633,1.991317,1.000000,0.000000,1,4,ok
15,5,3.535417,1.876371,1.061471,0.737320,0,4,ok
15,6,2.376583,1.231138,1.036057,0.298059,0,5,ok
15,7,4.159735,2.080427,1.000269,0.031133,0,4,ok
15,8,7.398636,3.699318,1.000000,0.000000,1,5,ok
15,9,3.308505,1.661597,1.004440,0.044890,0,6,ok
15,10,2.163932,1.082627,1.000611,0.030107,0,4,ok
15,11,4.358859,2.183212,1.001735,0.122183,0,4,ok
15,12,7.089861,3.544930,1.000000,0.000000,1,6,ok
15,13,5.494107,2.747053,1.000000,0.000000,1,5,ok
15,14,6.593085,3.370386,1.022400,0.545075,0,5,ok
15,15,6.306924,3.153462,1.000000,0.000000,1,5,ok
15,16,5.479399,2.778435,1.014139,0.330374,0,5,ok
15,17,3.818155,1.909077,1.000000,0.000000,1,5,ok
15,18,3.170307,1.585153,1.000000,0.000000,1,6,ok
15,19,2.816417,1.408208,1.000000,0.000000,1,4,ok
15,20,0.918652,0.459326,1.000000,0.000000,1,3,ok
15,21,1.301640,0.693707,1.065896,0.263254,0,5,ok
15,22,0.949456,0.474728,1.000000,0.000000,1,4,ok
15,23,5.756993,2.878497,1.000000,0.000000,1,7,ok
15,24,1.916329,0.958165,1.000000,0.000000,1,4,ok
15,25,1.486871,0.743436,1.000000,0.000000,1,4,ok
15,26,3.337325,1.682848,1.008501,0.181167,0,6,ok
15,27,2.687833,1.343916,1.000000,0.000000,1,3,ok
15,28,2.239152,1.119576,1.000000,0.000000,1,4,ok
15,29,3.649917,1.854516,1.016196,0.348739,0,4,ok
15,30,3.675693,1.897715,1.032575,0.428874,0,4,ok
15,31,3.836128,2.051338,1.069484,0.860348,0,4,ok
15,32,4.654523,2.327261,1.000000,0.000000,1,4,ok
15,33,2.295846,1.147923,1.000000,0.000000,1,6,ok
15,34,4.243028,2.121739,1.000106,0.029467,0,6,ok
15,35,1.267665,0.633833,1.000000,0.000000,1,4,ok
15,36,5.961328,2.980664,1.000000,0.000000,1,4,ok
15,37,1.875008,0.949077,1.012345,0.133276,0,5,ok
15,38,12.113293,6.056652,1.000001,0.002663,0,6,ok
15,39,1.302309,0.651155,1.000000,0.000000,1,5,ok
15,40,5.040055,2.521449,1.000564,0.011850,0,6,ok
15,41,5.602745,2.801470,1.000035,0.012266,0,5,ok
15,42,4.377799,2.188899,1.000000,0.000000,1,4,ok
15,43,16.056464,8.028232,1.000000,0.000000,1,5,ok
15,44,2.200729,1.100514,1.000136,0.018278,0,3,ok
15,45,2.396096,1.198048,1.000000,0.000000,1,4,ok
15,46,9.232779,4.616390,1.000000,0.000000,1,4,ok
15,47,9.007202,4.503601,1.000000,0.000000,1,4,ok
15,48,8.873616,4.436808,1.000000,0.000000,1,4,ok
15,49,9.114244,4.557122,1.000000,0.000000,1,5,ok
15,50,6.230795,3.376314,1.083751,1.508014,0,3,ok
15,51,3.875564,1.939191,1.000727,0.040242,0,4,ok
15,52,1.711489,0.855745,1.000000,0.000000,1,5,ok
15,53,9.339946,4.669973,1.000000,0.000000,1,5,ok
15,54,3.263156,1.631578,1.000000,0.000000,1,4,ok
15,55,2.550030,1.275015,1.000000,0.000000,1,5,ok
15,56,1.208635,0.604317,1.000000,0.000000,1,5,ok
15,57,3.787496,1.893748,1.000000,0.000000,1,5,ok
15,58,10.450309,5.227040,1.000361,0.122816,0,4,ok
15,59,4.165212,2.082606,1.000000,0.000000,1,4,ok
15,60,4.562834,2.288299,1.003017,0.142371,0,5,ok
15,61,8.220657,4.110329,1.000000,0.000000,1,4,ok
15,62,2.553350,1.303821,1.021263,0.289459,0,4,ok
15,63,8.076209,4.038105,1.000000,0.000000,1,7,ok
15,64,3.255780,1.627890,1.000000,0.000000,1,4,ok
15,65,2.214007,1.121285,1.012901,0.192467,0,4,ok
15,66,1.966664,0.983332,1.000000,0.000000,1,5,ok
15,67,1.425787,0.716295,1.004771,0.057850,0,5,ok
15,68,0.490673,0.245337,1.000000,0.000000,1,4,ok
15,69,2.462779,1.231390,1.000000,0.000000,1,4,ok
15,70,9.018060,4.509030,1.000000,0.000000,1,6,ok
15,71,1.818019,0.909009,1.000000,0.000000,1,4,ok
15,72,3.095528,1.547843,1.000051,0.001127,0,6,ok
15,73,1.915879,0.963046,1.005331,0.076215,0,6,ok
15,74,7.941281,3.970640,1.000000,0.000000,1,4,ok
15,75,2.753848,1.378041,1.000811,0.040368,0,5,ok
15,76,1.411498,0.733060,1.038697,0.225145,0,4,ok
15,77,6.515924,3.257962,1.000000,0.000000,1,4,ok
15,78,3.665457,1.903851,1.038807,0.578434,0,4,ok
15,79,7.129587,3.564793,1.000000,0.000000,1,4,ok
15,80,7.511488,3.755744,1.000000,0.000000,1,5,ok
15,81,5.594726,2.797363,1.000000,0.000000,1,5,ok
15,82,5.992622,2.996441,1.000043,0.026985,0,6,ok
15,83,1.898514,0.950730,1.001552,0.025964,0,4,ok
15,84,3.690888,1.847638,1.001189,0.077234,0,5,ok
15,85,8.160496,4.081311,1.000260,0.012343,0,4,ok
15,86,0.741580,0.371041,1.000676,0.003242,0,6,ok
15,87,2.879525,1.440375,1.000425,0.042455,0,4,ok
15,88,4.097140,2.175285,1.061855,0.857817,0,4,ok
15,89,2.357090,1.178545,1.000000,0.000000,1,5,ok
15,90,6.856715,3.428358,1.000000,0.000000,1,6,ok
15,91,3.100436,1.550218,1.000000,0.000000,1,3,ok
15,92,2.580211,1.290105,1.000000,0.000000,1,5,ok
15,93,2.363270,1.181635,1.000000,0.000000,1,6,ok
15,94,5.919008,2.959504,1.000000,0.000000,1,4,ok
15,95,1.399278,0.699927,1.000412,0.019105,0,3,ok
15,96,4.520829,2.260414,1.000000,0.000000,1,5,ok
15,97,2.743908,1.371954,1.000000,0.000000,1,4,ok
15,98,2.631015,1.315508,1.000000,0.000000,1,4,ok
15,99,11.587918,5.793959,1.000000,0.000000,1,5,ok
15,100,2.242095,1.121048,1.000000,0.000000,1,5,ok
15,101,1.478173,0.739087,1.000000,0.000000,1,6,ok
15,102,3.428333,1.714166,1.000000,0.000000,1,4,ok
15,103,1.396695,0.698347,1.000000,0.000000,1,4,ok
15,104,5.050174,2.525087,1.000000,0.000000,1,4,ok
15,105,1.568580,0.784290,1.000000,0.000000,1,4,ok
15,106,1.391837,0.695919,1.000000,0.000000,1,4,ok
15,107,8.584297,4.292148,1.000000,0.000000,1,4,ok
15,108,6.580802,3.290401,1.000000,0.000000,1,4,ok
15,109,3.521983,1.933407,1.097908,0.953194,0,4,ok
15,110,5.083214,2.541756,1.000059,0.002602,0,6,ok
15,111,1.613779,0.806889,1.000000,0.000000,1,3,ok
15,112,4.214128,2.131704,1.011694,0.325479,0,5,ok
15,113,12.752400,6.376200,1.000000,0.000000,1,7,ok
15,114,6.974347,3.487173,1.000000,0.000000,1,5,ok
15,115,1.087991,0.545741,1.003207,0.038334,0,4,ok
15,116,3.644747,1.826367,1.002192,0.081363,0,4,ok
15,117,5.847479,2.925253,1.000518,0.052043,0,5,ok
15,118,2.047119,1.040750,1.016795,0.205044,0,4,ok
15,119,3.739824,1.869912,1.000000,0.000000,1,4,ok
15,120,1.571700,0.785866,1.000020,0.004757,0,4,ok
15,121,7.158424,3.579212,1.000000,0.000000,1,6,ok
15,122,12.932785,6.466393,1.000000,-0.000000,1,5,ok
15,123,8.970701,4.485351,1.000000,0.000000,1,4,ok
15,124,4.583023,2.342040,1.022050,0.411569,0,4,ok
15,125,0.512580,0.256290,1.000000,0.000000,1,4,ok
15,126,5.174294,2.666665,1.030736,0.719135,0,4,ok
15,127,4.009124,2.004562,1.000000,0.000000,1,4,ok
15,128,2.366278,1.183139,1.000000,0.000000,1,4,ok
15,129,3.014767,1.507397,1.000009,0.001534,0,4,ok
15,130,2.879326,1.439663,1.000000,0.000000,1,3,ok
15,131,2.474442,1.237221,1.000000,0.000000,1,5,ok
15,132,9.168154,4.604866,1.004535,0.323819,0,7,ok
15,133,5.502940,2.751470,1.000000,0.000000,1,5,ok
15,134,14.511211,7.255605,1.000000,0.000000,1,6,ok
15,135,4.370053,2.185026,1.000000,0.000000,1,5,ok
15,136,5.181150,2.590575,1.000000,0.000000,1,5,ok
15,137,2.886673,1.443337,1.000000,0.000000,1,5,ok
15,138,5.561706,2.780853,1.000000,0.000000,1,7,ok
15,139,1.816846,0.908423,1.000000,0.000000,1,6,ok
15,140,4.493607,2.246803,1.000000,0.000000,1,7,ok
15,141,4.615541,2.307770,1.000000,0.000000,1,3,ok
15,142,2.035178,1.017589,1.000000,0.000000,1,4,ok
15,143,3.002512,1.501256,1.000000,0.000000,1,4,ok
15,144,4.569638,2.285518,1.000306,0.009263,0,6,ok
15,145,6.688412,3.344206,1.000000,0.000000,1,4,ok
15,146,4.244909,2.122455,1.000000,0.000000,1,5,ok
15,147,2.786157,1.393079,1.000000,0.000000,1,4,ok
15,148,4.229990,2.114995,1.000000,0.000000,1,6,ok
15,149,6.661682,3.330841,1.000000,0.000000,1,4,ok
15,150,4.432316,2.216158,1.000000,0.000000,1,5,ok
15,151,5.381945,2.690973,1.000000,0.000000,1,8,ok
15,152,7.410375,3.705187,1.000000,0.000000,1,7,ok
15,153,5.649275,2.846551,1.007758,0.321402,0,5,ok
15,154,2.466453,1.233227,1.000000,0.000000,1,5,ok
15,155,1.127930,0.578219,1.025275,0.137095,0,5,ok
15,156,7.502233,3.950837,1.053243,1.029230,0,6,ok
15,157,4.601667,2.300833,1.000000,0.000000,1,5,ok
15,158,3.309148,1.654574,1.000000,0.000000,1,7,ok
15,159,0.761383,0.380692,1.000000,0.000000,1,5,ok
15,160,11.194265,5.597133,1.000000,0.000000,1,6,ok
15,161,2.940366,1.470183,1.000000,0.000000,1,4,ok
15,162,0.954925,0.477462,1.000000,0.000000,1,3,ok
15,163,4.489374,2.326481,1.036439,0.658008,0,4,ok
15,164,7.613696,3.806848,1.000000,0.000000,1,5,ok
15,165,17.661488,8.830744,1.000000,0.000000,1,4,ok
15,166,3.541783,1.770892,1.000000,0.000000,1,4,ok
15,167,5.302523,2.651262,1.000000,0.000000,1,6,ok
15,168,8.277056,4.138528,1.000000,0.000000,1,6,ok
15,169,6.911629,3.455815,1.000000,0.000000,1,5,ok
15,170,4.160125,2.080062,1.000000,0.000000,1,6,ok
15,171,4.048532,2.024266,1.000000,0.000000,1,4,ok
15,172,0.614656,0.308695,1.004450,0.030289,0,4,ok
15,173,4.198079,2.099039,1.000000,0.000000,1,6,ok
15,174,4.402488,2.231782,1.013873,0.363132,0,4,ok
15,175,6.391278,3.195639,1.000000,0.000000,1,4,ok
15,176,2.180298,1.090149,1.000000,0.000000,1,5,ok
15,177,2.000034,1.000017,1.000000,0.000000,1,5,ok
15,178,9.247493,4.623747,1.000000,0.000000,1,4,ok
15,179,5.394622,2.697311,1.000000,0.000000,1,5,ok
15,180,11.031339,5.515669,1.000000,0.000000,1,7,ok
15,181,5.948527,2.980322,1.002037,0.119800,0,5,ok
15,182,5.798575,2.899287,1.000000,0.000000,1,5,ok
15,183,1.542780,0.819930,1.062926,0.317569,0,4,ok
15,184,0.669486,0.348850,1.042142,0.109261,0,4,ok
15,185,1.746347,0.873173,1.000000,0.000000,1,5,ok
15,186,10.535474,5.267737,1.000000,0.000000,1,4,ok
15,187,8.855932,4.427966,1.000000,0.000000,1,5,ok
15,188,2.285273,1.174865,1.028205,0.302792,0,5,ok
15,189,7.168397,3.584199,1.000000,0.000000,1,5,ok
15,190,1.364146,0.682073,1.000000,0.000000,1,4,ok
15,191,5.075550,2.540451,1.001054,0.045463,0,5,ok
15,192,6.945614,3.472807,1.000000,0.000000,1,5,ok
15,193,1.990100,0.995050,1.000000,0.000000,1,4,ok
15,194,11.528194,5.764097,1.000000,0.000000,1,5,ok
15,195,3.946962,1.973481,1.000000,0.000000,1,5,ok
15,196,3.817682,1.908841,1.000000,0.000000,1,6,ok
15,197,2.093056,1.046783,1.000243,0.011789,0,4,ok
15,198,7.759450,3.879725,1.000000,0.000000,1,5,ok
15,199,4.586277,2.293139,1.000000,0.000000,1,5,ok
15,200,2.402462,1.201231,1.000000,0.000000,1,4,ok
15,201,3.650063,1.825032,1.000000,0.000000,1,5,ok
15,202,0.905505,0.452752,1.000000,0.000000,1,4,ok
15,203,4.307477,2.153738,1.000000,0.000000,1,5,ok
15,204,1.918250,0.991012,1.033246,0.280389,0,4,ok
15,205,2.465998,1.325891,1.075338,0.524364,0,6,ok
15,206,2.454143,1.227071,1.000000,0.000000,1,6,ok
15,207,5.564267,2.784916,1.001000,0.122854,0,5,ok
15,208,4.054500,2.027250,1.000000,0.000000,1,5,ok
15,209,2.399401,1.199701,1.000000,0.000000,1,4,ok
15,210,1.403821,0.706383,1.006371,0.065139,0,5,ok
15,211,6.510049,3.255024,1.000000,0.000000,1,3,ok
15,212,6.328858,3.164429,1.000000,0.000000,1,6,ok
15,213,1.838042,0.923943,1.005355,0.086860,0,5,ok
15,214,0.897702,0.448851,1.000000,0.000000,1,5,ok
15,215,7.316987,3.717824,1.016217,0.711782,0,6,ok
15,216,4.364735,2.182368,1.000000,0.000000,1,4,ok
15,217,5.584827,2.792413,1.000000,0.000000,1,5,ok
15,218,2.885573,1.442787,1.000000,0.000000,1,4,ok
15,219,3.423866,1.711933,1.000000,0.000000,1,5,ok
15,220,1.071701,0.535882,1.000059,0.005728,0,4,ok
15,221,2.411643,1.205822,1.000000,0.000000,1,3,ok
15,222,2.115659,1.078576,1.019612,0.229825,0,4,ok
15,223,4.670728,2.335364,1.000000,0.000000,1,5,ok
15,224,2.086148,1.043074,1.000000,0.000000,1,3,ok
15,225,2.828583,1.414291,1.000000,0.000000,1,4,ok
15,226,1.216294,0.608147,1.000000,0.000000,1,5,ok
15,227,2.279087,1.139544,1.000000,0.000000,1,4,ok
15,228,3.180751,1.590375,1.000000,0.000000,1,4,ok
15,229,10.701228,5.350614,1.000000,0.000000,1,6,ok
15,230,5.756393,2.878197,1.000000,0.000000,1,5,ok
15,231,1.989047,0.997028,1.002519,0.038976,0,4,ok
15,232,4.273994,2.136997,1.000000,0.000000,1,4,ok
15,233,4.758349,2.437011,1.024309,0.584039,0,5,ok
15,234,3.763960,1.881980,1.000000,0.000000,1,4,ok
15,235,3.516941,1.758470,1.000000,0.000000,1,4,ok
15,236,3.045396,1.540030,1.011383,0.179031,0,5,ok
15,237,4.082882,2.041441,1.000000,0.000000,1,4,ok
15,238,11.983756,5.991878,1.000000,0.000000,1,4,ok
15,239,1.986369,0.993184,1.000000,0.000000,1,4,ok
15,240,5.541912,2.800263,1.010577,0.391998,0,4,ok
15,241,5.621594,2.810797,1.000000,0.000000,1,4,ok
15,242,8.466231,4.233116,1.000000,0.000000,1,6,ok
15,243,2.838430,1.419215,1.000000,0.000000,1,3,ok
15,244,2.662618,1.331309,1.000000,0.000000,1,5,ok
15,245,1.010091,0.505046,1.000000,0.000000,1,5,ok
15,246,6.577970,3.292758,1.001147,0.089850,0,6,ok
15,247,0.656321,0.328161,1.000000,0.000000,1,5,ok
15,248,8.430506,4.218725,1.000824,0.088564,0,6,ok
15,249,7.317666,3.659144,1.000085,0.006140,0,5,ok
15,250,13.028185,6.514093,1.000000,0.000000,1,7,ok
15,251,1.902080,0.951040,1.000000,0.000000,1,5,ok
15,252,2.950145,1.495424,1.013797,0.176801,0,5,ok
15,253,4.416664,2.208332,1.000000,0.000000,1,5,ok
15,254,1.038656,0.519328,1.000000,0.000000,1,5,ok
15,255,1.904740,0.952370,1.000000,0.000000,1,4,ok
15,256,4.402527,2.201264,1.000000,0.000000,1,4,ok
15,257,2.819149,1.409575,1.000000,0.000000,1,4,ok
15,258,8.108988,4.054494,1.000000,0.000000,1,6,ok
15,259,0.452761,0.235802,1.041617,0.075137,0,4,ok
15,260,6.960466,3.480233,1.000000,0.000000,1,4,ok
15,261,6.626608,3.313304,1.000000,0.000000,1,4,ok
15,262,4.371444,2.185722,1.000000,0.000000,1,4,ok
15,263,2.078896,1.039448,1.000000,0.000000,1,4,ok
15,264,6.091092,3.045546,1.000000,0.000000,1,5,ok
15,265,5.421275,2.710637,1.000000,0.000000,1,4,ok
15,266,3.318977,1.671818,1.007430,0.150416,0,6,ok
15,267,3.753550,1.876775,1.000000,0.000000,1,5,ok
15,268,1.792153,0.896090,1.000015,0.003316,0,4,ok
15,269,7.046688,3.523344,1.000000,0.000000,1,7,ok
15,270,2.887612,1.443806,1.000000,0.000000,1,5,ok
15,271,3.374911,1.687456,1.000000,0.000000,1,6,ok
15,272,4.856404,2.428202,1.000000,0.000000,1,5,ok
15,273,4.577914,2.301610,1.005528,0.241555,0,5,ok
15,274,1.071928,0.535964,1.000000,0.000000,1,4,ok
15,275,9.297115,4.648557,1.000000,0.000000,1,6,ok
15,276,2.852209,1.426104,1.000000,0.000000,1,3,ok
15,277,5.620384,2.810192,1.000000,0.000000,1,5,ok
15,278,1.941022,0.970511,1.000000,0.000000,1,4,ok
15,279,2.737955,1.369494,1.000377,0.028776,0,4,ok
15,280,2.103739,1.052737,1.000825,0.034728,0,4,ok
15,281,2.401852,1.200926,1.000000,0.000000,1,4,ok
15,282,3.993595,1.996798,1.000000,0.000000,1,4,ok
15,283,2.696458,1.348229,1.000000,0.000000,1,4,ok
15,284,10.040651,5.020325,1.000000,0.000000,1,6,ok
15,285,7.300783,3.672820,1.006144,0.335582,0,6,ok
15,286,3.145267,1.572633,1.000000,0.000000,1,4,ok
15,287,4.092116,2.100764,1.026737,0.427773,0,5,ok
15,288,0.433163,0.217110,1.002437,0.015634,0,4,ok
15,289,0.312395,0.156197,1.000000,0.000000,1,3,ok
15,290,6.013491,3.006746,1.000000,0.000000,1,4,ok
15,291,2.348420,1.174861,1.000554,0.034451,0,3,ok
15,292,9.560455,4.781478,1.000262,0.033232,0,5,ok
15,293,2.432754,1.216377,1.000000,0.000000,1,5,ok
15,294,4.006764,2.003382,1.000000,0.000000,1,4,ok
15,295,3.707885,1.870805,1.009095,0.253313,0,6,ok
15,296,9.941803,4.970902,1.000000,0.000000,1,5,ok
15,297,9.759836,4.881743,1.000374,0.081824,0,4,ok
15,298,1.604015,0.802007,1.000000,0.000000,1,4,ok
15,299,1.521833,0.760917,1.000000,0.000000,1,5,ok
15,300,2.291772,1.145886,1.000000,0.000000,1,5,ok
15,301,3.508637,1.763447,1.005203,0.169963,0,3,ok
15,302,1.602295,0.801147,1.000000,0.000000,1,4,ok
15,303,0.949197,0.476114,1.003193,0.010368,0,7,ok
15,304,12.016908,6.008454,1.000000,-0.000000,1,7,ok
15,305,7.297545,3.838156,1.051903,0.851033,0,4,ok
15,306,6.713733,3.357376,1.000152,0.058494,0,5,ok
15,307,3.028740,1.514370,1.000000,0.000000,1,4,ok
15,308,1.651586,0.862178,1.044061,0.262250,0,3,ok
15,309,8.195928,4.097964,1.000000,0.000000,1,6,ok
15,310,3.473273,1.738929,1.001320,0.030042,0,4,ok
15,311,3.513173,1.756587,1.000000,0.000000,1,5,ok
15,312,8.268729,4.170895,1.008836,0.587177,0,3,ok
15,313,2.938615,1.469308,1.000000,0.000000,1,7,ok
15,314,5.810428,2.905214,1.000000,-0.000000,1,6,ok
15,315,3.289280,1.644640,1.000000,0.000000,1,6,ok
15,316,6.534356,3.267178,1.000000,0.000000,1,4,ok
15,317,4.898808,2.449404,1.000000,0.000000,1,4,ok
15,318,2.407692,1.205336,1.001238,0.036888,0,4,ok
15,319,2.476562,1.238281,1.000000,0.000000,1,5,ok
15,320,3.574881,1.787441,1.000000,0.000000,1,4,ok
15,321,11.921384,5.960692,1.000000,0.000000,1,4,ok
15,322,7.249850,3.624925,1.000000,0.000000,1,5,ok
15,323,8.383593,4.191796,1.000000,0.000000,1,8,ok
15,324,9.822714,4.912547,1.000242,0.106091,0,3,ok
15,325,3.548261,1.774130,1.000000,0.000000,1,5,ok
15,326,2.988152,1.494076,1.000000,0.000000,1,5,ok
15,327,8.553958,4.276979,1.000000,0.000000,1,6,ok
15,328,6.469014,3.234507,1.000000,0.000000,1,5,ok
15,329,2.862014,1.431007,1.000000,0.000000,1,4,ok
15,330,0.887303,0.443651,1.000000,0.000000,1,4,ok
15,331,2.586201,1.293588,1.000377,0.029172,0,3,ok
15,332,2.213008,1.113157,1.006013,0.107503,0,4,ok
15,333,2.112621,1.056311,1.000000,0.000000,1,4,ok
15,334,1.353304,0.676652,1.000000,0.000000,1,4,ok
15,335,3.673314,1.836657,1.000000,0.000000,1,5,ok
15,336,3.227347,1.613673,1.000000,0.000000,1,4,ok
15,337,2.883859,1.522080,1.055585,0.328592,0,5,ok
15,338,3.700303,1.892936,1.023125,0.408374,0,4,ok
15,339,1.308851,0.654426,1.000000,0.000000,1,4,ok
15,340,1.981423,0.990712,1.000000,0.000000,1,4,ok
15,341,3.224930,1.612465,1.000000,0.000000,1,6,ok
15,342,1.961117,0.980558,1.000000,0.000000,1,5,ok
15,343,4.881920,2.440960,1.000000,0.000000,1,4,ok
15,344,4.223769,2.111884,1.000000,0.000000,1,4,ok
15,345,3.346333,1.690359,1.010275,0.253254,0,5,ok
15,346,1.710887,0.855443,1.000000,0.000000,1,4,ok
15,347,2.476993,1.312750,1.059954,0.470068,0,5,ok
15,348,3.122405,1.594519,1.021341,0.290879,0,5,ok
15,349,8.101161,4.050581,1.000000,0.000000,1,6,ok
15,350,12.478998,6.239499,1.000000,0.000000,1,5,ok
15,351,2.478058,1.258168,1.015447,0.226591,0,3,ok
15,352,1.561384,0.847051,1.085000,0.394036,0,5,ok
15,353,8.194505,4.097253,1.000000,0.000000,1,5,ok
15,354,0.808392,0.405955,1.004352,0.022379,0,4,ok
15,355,1.625986,0.812993,1.000000,0.000000,1,3,ok
15,356,6.419025,3.209512,1.000000,0.000000,1,5,ok
15,357,5.761471,2.880735,1.000000,0.000000,1,5,ok
15,358,6.951679,3.584608,1.031293,0.889640,0,5,ok
15,359,3.212791,1.606396,1.000000,0.000000,1,4,ok
15,360,3.668481,1.834928,1.000375,0.048499,0,5,ok
15,361,2.201846,1.102917,1.001812,0.058725,0,7,ok
15,362,1.035467,0.525575,1.015146,0.082461,0,5,ok
15,363,11.478423,5.739211,1.000000,0.000000,1,7,ok
15,364,6.269843,3.136226,1.000416,0.077803,0,5,ok
15,365,1.712882,0.856441,1.000000,0.000000,1,5,ok
15,366,1.165319,0.630538,1.082172,0.278074,0,3,ok
15,367,1.867259,0.933629,1.000000,0.000000,1,4,ok
15,368,2.543901,1.271950,1.000000,0.000000,1,5,ok
15,369,5.187913,2.593956,1.000000,0.000000,1,3,ok
15,370,2.693051,1.346525,1.000000,0.000000,1,6,ok
15,371,5.337106,2.681247,1.004757,0.178737,0,6,ok
15,372,3.637898,1.818949,1.000000,0.000000,1,4,ok
15,373,3.934854,1.967427,1.000000,0.000000,1,4,ok
15,374,4.017981,2.008990,1.000000,0.000000,1,4,ok
15,375,6.839487,3.419744,1.000000,0.000000,1,6,ok
15,376,1.366544,0.683272,1.000000,0.000000,1,4,ok
15,377,10.412972,5.254135,1.009152,0.501743,0,5,ok
15,378,2.246456,1.182944,1.053164,0.379192,0,4,ok
15,379,0.935803,0.467902,1.000000,0.000000,1,3,ok
15,380,8.365027,4.182513,1.000000,0.000000,1,7,ok
15,381,1.353546,0.678087,1.001942,0.038233,0,3,ok
15,382,2.687536,1.343768,1.000000,0.000000,1,5,ok
15,383,3.091429,1.546261,1.000354,0.003723,0,4,ok
15,384,2.471646,1.235823,1.000000,0.000000,1,4,ok
15,385,2.298844,1.149422,1.000000,0.000000,1,4,ok
15,386,5.363943,2.681971,1.000000,0.000000,1,4,ok
15,387,3.337750,1.700774,1.019114,0.359731,0,3,ok
15,388,3.912804,1.956402,1.000000,0.000000,1,5,ok
15,389,10.313861,5.156930,1.000000,0.000000,1,5,ok
15,390,3.514926,1.757463,1.000000,0.000000,1,5,ok
15,391,3.398456,1.699228,1.000000,0.000000,1,5,ok
15,392,4.547342,2.273671,1.000000,0.000000,1,4,ok
15,393,13.268689,6.634345,1.000000,0.000000,1,7,ok
15,394,6.917701,3.535745,1.022231,0.699765,0,5,ok
15,395,2.559262,1.285515,1.004598,0.114803,0,5,ok
15,396,4.397888,2.204663,1.002601,0.115732,0,4,ok
15,397,2.239005,1.127002,1.006699,0.133014,0,5,ok
15,398,1.623499,0.811749,1.000000,0.000000,1,4,ok
15,399,2.290049,1.145024,1.000000,0.000000,1,5,ok
15,400,3.524554,1.762277,1.000000,0.000000,1,4,ok
15,401,1.105086,0.552543,1.000000,0.000000,1,5,ok
15,402,3.846765,1.930425,1.003661,0.169746,0,4,ok
15,403,11.220722,5.610361,1.000000,0.000000,1,5,ok
15,404,2.355551,1.177776,1.000000,0.000000,1,5,ok
15,405,2.906259,1.453130,1.000000,0.000000,1,5,ok
15,406,2.806668,1.403334,1.000000,0.000000,1,4,ok
15,407,1.636433,0.818216,1.000000,0.000000,1,3,ok
15,408,4.791307,2.395653,1.000000,0.000000,1,6,ok
15,409,5.295164,2.647582,1.000000,0.000000,1,5,ok
15,410,8.120047,4.060023,1.000000,0.000000,1,6,ok
15,411,4.178738,2.110259,1.009998,0.316623,0,5,ok
15,412,4.642766,2.324120,1.001179,0.030026,0,4,ok
15,413,1.972416,1.042645,1.057226,0.355185,0,5,ok
15,414,2.344287,1.174123,1.001689,0.034461,0,4,ok
15,415,5.286679,2.656546,1.004996,0.186629,0,4,ok
15,416,4.555753,2.277876,1.000000,0.000000,1,4,ok
15,417,4.959254,2.479627,1.000000,0.000000,1,9,ok
15,418,2.020967,1.010483,1.000000,0.000000,1,4,ok
15,419,1.639732,0.822797,1.003575,0.051412,0,4,ok
15,420,2.572824,1.288184,1.001378,0.032970,0,5,ok
15,421,1.038203,0.519102,1.000000,0.000000,1,4,ok
15,422,5.435805,2.717902,1.000000,0.000000,1,4,ok
15,423,4.580923,2.290462,1.000000,0.000000,1,5,ok
15,424,6.300008,3.150750,1.000237,0.063381,0,6,ok
15,425,2.043274,1.039776,1.017755,0.148362,0,5,ok
15,426,4.140944,2.070472,1.000000,0.000000,1,4,ok
15,427,4.732241,2.366121,1.000000,0.000000,1,6,ok
15,428,1.331735,0.704762,1.058412,0.244618,0,3,ok
15,429,2.478418,1.239259,1.000040,0.002009,0,4,ok
15,430,5.221962,2.611295,1.000120,0.015982,0,5,ok
15,431,2.667056,1.333528,1.000000,0.000000,1,3,ok
15,432,3.604316,1.845488,1.024044,0.362769,0,4,ok
15,433,2.848561,1.427957,1.002581,0.102292,0,5,ok
15,434,2.899557,1.449779,1.000000,0.000000,1,4,ok
15,435,9.409565,4.706030,1.000265,0.090990,0,5,ok
15,436,1.805127,0.936143,1.037205,0.267641,0,4,ok
15,437,2.837940,1.431967,1.009159,0.204030,0,5,ok
15,438,2.338599,1.251162,1.070010,0.523635,0,4,ok
15,439,2.563877,1.293515,1.009030,0.147842,0,4,ok
15,440,6.694320,3.347160,1.000000,0.000000,1,5,ok
15,441,0.586636,0.293318,1.000000,0.000000,1,4,ok
15,442,3.210141,1.605071,1.000000,0.000000,1,5,ok
15,443,1.426994,0.713497,1.000000,0.000000,1,5,ok
15,444,1.195717,0.597858,1.000000,0.000000,1,3,ok
15,445,4.138740,2.069370,1.000000,0.000000,1,4,ok
15,446,2.072948,1.036474,1.000000,0.000000,1,5,ok
15,447,2.186050,1.093025,1.000000,0.000000,1,4,ok
15,448,2.123372,1.061686,1.000000,0.000000,1,6,ok
15,449,2.249963,1.124981,1.000000,0.000000,1,4,ok
15,450,0.344855,0.172427,1.000000,0.000000,1,3,ok
15,451,4.396324,2.206851,1.003953,0.195540,0,3,ok
15,452,4.484268,2.242134,1.000000,0.000000,1,7,ok
15,453,2.272661,1.136330,1.000000,0.000000,1,4,ok
15,454,1.795240,0.897620,1.000000,0.000000,1,4,ok
15,455,3.419966,1.709983,1.000000,0.000000,1,7,ok
15,456,4.322315,2.193950,1.015174,0.179116,0,7,ok
15,457,0.436785,0.218864,1.002157,0.013963,0,3,ok
15,458,6.859340,3.429670,1.000000,0.000000,1,6,ok
15,459,2.524556,1.262278,1.000000,0.000000,1,5,ok
15,460,6.730564,3.366124,1.000250,0.060590,0,4,ok
15,461,3.348412,1.674206,1.000000,0.000000,1,4,ok
15,462,3.259707,1.629905,1.000032,0.008860,0,4,ok
15,463,3.560601,1.780300,1.000000,0.000000,1,6,ok
15,464,5.006421,2.526135,1.009158,0.346273,0,4,ok
15,465,1.870198,0.935099,1.000000,0.000000,1,4,ok
15,466,6.515436,3.257718,1.000000,0.000000,1,5,ok
15,467,4.819759,2.409880,1.000000,0.000000,1,6,ok
15,468,1.495893,0.747946,1.000000,0.000000,1,4,ok
15,469,2.712200,1.362686,1.004857,0.130101,0,5,ok
15,470,5.396352,2.698176,1.000000,0.000000,1,7,ok
15,471,3.474815,1.741074,1.002111,0.043876,0,5,ok
15,472,2.593802,1.296901,1.000000,0.000000,1,4,ok
15,473,0.767553,0.383777,1.000000,0.000000,1,4,ok
15,474,1.777972,0.890126,1.001282,0.021571,0,4,ok
15,475,6.418843,3.209422,1.000000,0.000151,0,7,ok
15,476,1.735153,0.867576,1.000000,-0.000000,1,4,ok
15,477,1.927223,0.963611,1.000000,0.000000,1,5,ok
15,478,3.309051,1.654526,1.000000,0.000000,1,5,ok
15,479,6.073647,3.112513,1.024924,0.757237,0,5,ok
15,480,2.228994,1.114497,1.000000,0.000000,1,4,ok
15,481,2.855859,1.450297,1.015665,0.261528,0,4,ok
15,482,3.227117,1.613559,1.000000,0.000000,1,4,ok
15,483,12.468768,6.234384,1.000000,0.000000,1,7,ok
15,484,1.906112,0.953192,1.000143,0.005168,0,5,ok
15,485,4.492597,2.246299,1.000000,0.000000,1,6,ok
15,486,4.322890,2.248683,1.040361,0.581905,0,5,ok
15,487,0.676433,0.338348,1.000388,0.005918,0,4,ok
15,488,8.833231,4.416615,1.000000,0.000000,1,5,ok
15,489,0.726454,0.363227,1.000000,0.000000,1,4,ok
15,490,1.341308,0.670654,1.000000,0.000000,1,3,ok
15,491,1.743505,0.871753,1.000000,0.000000,1,4,ok
15,492,4.224938,2.118946,1.003066,0.082106,0,5,ok
15,493,1.836634,0.918317,1.000000,0.000000,1,4,ok
15,494,16.756558,8.378279,1.000000,0.000000,1,6,ok
15,495,2.046282,1.023141,1.000000,0.000000,1,4,ok
15,496,3.308497,1.654248,1.000000,0.000000,1,4,ok
15,497,9.753313,4.893648,1.003484,0.158473,0,6,ok
15,498,0.924824,0.462412,1.000000,0.000000,1,4,ok
15,499,3.994841,2.058473,1.030566,0.556517,0,5,ok
