strategy,scenario,status,cost_m,D_m,d2_m,move_m,S2x,S2y,theta1_err_deg,theta2_err_deg,theta_true_deg,d_true_m,R_eff_true_m,move_time_s
鲁棒最优S2*（本文主策略）,0,localized,46.7415,46.7415,677.2391,1005.0999,995.1139,-141.3296,0.243282,0.401396,22.3734,420.2127,1215.6789,201.0200
鲁棒最优S2*（本文主策略）,1,localized,68.4706,68.4706,592.0801,1005.0999,851.7538,-533.6115,0.755708,-0.836727,357.8777,1185.3384,1299.4520,201.0200
鲁棒最优S2*（本文主策略）,2,localized,39.2863,39.2863,515.3458,1005.0999,-774.3589,-640.7761,0.127649,0.316142,250.1798,930.4587,1243.5681,201.0200
鲁棒最优S2*（本文主策略）,3,localized,104.1802,104.1802,740.1772,1005.0999,996.2491,-133.0921,-0.004837,-0.910582,23.0956,1397.5494,1404.7522,201.0200
鲁棒最优S2*（本文主策略）,4,localized,48.7532,48.7532,543.1113,1005.0999,830.3042,-566.4104,-0.051362,-0.118904,356.4506,1039.4328,1455.8636,201.0200
鲁棒最优S2*（本文主策略）,5,localized,49.0926,49.0926,730.9495,1005.0999,927.4298,387.4272,-0.504767,-0.676482,53.8772,346.7343,1063.6914,201.0200
鲁棒最优S2*（本文主策略）,6,localized,49.1027,49.1027,730.9271,1005.0999,116.2090,998.3593,-0.667997,-0.551883,114.7286,347.7754,1067.1680,201.0200
鲁棒最优S2*（本文主策略）,7,localized,38.0303,38.0303,568.6366,1005.0999,515.6056,-862.7727,-0.892992,-0.347364,332.4562,641.4516,1225.8454,201.0200
鲁棒最优S2*（本文主策略）,8,localized,35.8973,35.8973,532.9257,1005.0999,-801.9987,-605.8249,-0.699077,0.865744,248.4663,758.9304,1116.5329,201.0200
鲁棒最优S2*（本文主策略）,9,localized,35.0786,35.0786,515.7132,1005.0999,-392.2001,-925.4215,-0.163761,-0.827517,277.8962,852.6883,1037.7904,201.0200
鲁棒最优S2*（本文主策略）,10,localized,49.1021,49.1021,725.3333,1005.0999,796.3670,613.2091,-0.580309,-0.159763,68.8769,355.2533,1180.7789,201.0200
鲁棒最优S2*（本文主策略）,11,localized,92.4752,92.4752,711.7375,1005.0999,971.1730,-258.9378,0.127566,0.562479,15.6433,1360.5779,1373.6150,201.0200
鲁棒最优S2*（本文主策略）,12,localized,35.5400,35.5400,526.0144,1005.0999,-980.2014,-222.3307,-0.497693,0.554266,223.9774,784.7069,1107.0536,201.0200
鲁棒最优S2*（本文主策略）,13,localized,40.8094,40.8094,520.0407,1005.0999,-831.0760,-565.2773,0.060484,0.683507,244.8621,954.5486,1183.6276,201.0200
鲁棒最优S2*（本文主策略）,14,localized,40.7107,40.7107,503.5899,1005.0999,-261.3581,970.5245,0.995427,0.322058,134.7765,947.4791,1429.2412,201.0200
鲁棒最优S2*（本文主策略）,15,localized,54.2222,54.2222,783.0812,1005.0999,-1004.8751,21.2566,-0.512387,0.870459,210.0006,274.8691,1070.1150,201.0200
鲁棒最优S2*（本文主策略）,16,localized,40.2064,40.2064,523.5477,1005.0999,-812.9989,590.9811,-0.229219,0.670874,174.9153,947.1871,1224.6156,201.0200
鲁棒最优S2*（本文主策略）,17,localized,35.3433,35.3433,516.7758,1005.0999,951.8957,322.6770,-0.042706,0.827175,49.4685,808.3895,1428.9288,201.0200
鲁棒最优S2*（本文主策略）,18,localized,45.7382,45.7382,660.4530,1005.0999,370.8176,-934.1949,0.574412,0.297077,321.7756,443.0502,1045.8684,201.0200
鲁棒最优S2*（本文主策略）,19,localized,37.1372,37.1372,522.7171,1005.0999,781.2399,632.3685,-0.571490,-0.681650,70.2597,891.0030,1313.2764,201.0200
鲁棒最优S2*（本文主策略）,20,localized,64.8125,64.8125,624.1988,1005.0999,1004.0915,-45.0114,-0.898987,0.002177,29.0323,1191.1490,1418.5753,201.0200
鲁棒最优S2*（本文主策略）,21,localized,88.1145,88.1145,682.4772,1005.0999,596.5681,808.9081,0.670800,0.989519,83.6205,1331.4586,1358.4924,201.0200
鲁棒最优S2*（本文主策略）,22,localized,38.3000,38.3000,564.0759,1005.0999,-225.6525,979.4421,-0.290068,-0.061333,133.9640,637.2193,1333.7048,201.0200
鲁棒最优S2*（本文主策略）,23,localized,75.1535,75.1535,632.4022,1005.0999,-912.1496,-422.1481,0.255857,-0.406936,235.2791,1241.4392,1336.2100,201.0200
鲁棒最优S2*（本文主策略）,24,localized,36.8450,36.8450,548.4178,1005.0999,859.3221,521.3362,-0.696197,-0.176375,62.6407,694.8591,1308.1274,201.0200
鲁棒最优S2*（本文主策略）,25,localized,38.0731,38.0731,546.7480,1005.0999,-1005.0433,-10.6668,0.768234,0.178128,210.5398,653.2828,1370.7592,201.0200
鲁棒最优S2*（本文主策略）,26,localized,54.0414,54.0414,571.4027,1005.0999,1004.8197,-23.7300,-0.402901,0.409563,29.7500,1099.1884,1368.8053,201.0200
鲁棒最优S2*（本文主策略）,27,localized,55.8865,55.8865,809.4657,1005.0999,-455.4871,-895.9672,-0.450971,0.636424,274.2033,239.7651,1378.8531,201.0200
鲁棒最优S2*（本文主策略）,28,localized,36.0788,36.0788,539.6663,1005.0999,-209.6745,982.9865,-0.860568,-0.219245,133.6015,736.0534,1324.4620,201.0200
鲁棒最优S2*（本文主策略）,29,localized,40.3755,40.3755,592.0922,1005.0999,-621.6192,-789.8198,0.068252,-0.374686,262.4276,567.6788,1221.4049,201.0200
鲁棒最优S2*（本文主策略）,30,localized,57.5870,57.5870,847.4286,1005.0999,-532.3799,852.5241,-0.235877,-0.192135,152.9196,190.4361,1145.1937,201.0200
鲁棒最优S2*（本文主策略）,31,localized,35.1989,35.1989,501.6579,1005.0999,809.6324,-595.5847,0.949730,-0.461300,353.4112,818.7000,1328.4043,201.0200
鲁棒最优S2*（本文主策略）,32,localized,74.2484,74.2484,625.7565,1005.0999,177.9411,989.2233,0.773389,0.916535,109.7293,1245.4305,1347.0574,201.0200
鲁棒最优S2*（本文主策略）,33,localized,48.7432,48.7432,553.3313,1005.0999,942.8958,-348.0996,-0.519048,0.250582,10.9558,1046.0519,1436.5989,201.0200
鲁棒最优S2*（本文主策略）,34,localized,69.4582,69.4582,631.5352,1005.0999,-392.0715,925.4760,-0.211897,0.743638,143.8715,1225.9688,1419.8553,201.0200
鲁棒最优S2*（本文主策略）,35,localized,35.2493,35.2493,509.3005,1005.0999,-404.2214,920.2341,0.257920,0.777908,144.1560,873.6367,1197.1975,201.0200
鲁棒最优S2*（本文主策略）,36,localized,36.9438,36.9438,499.3148,1005.0999,-931.6803,-377.0910,0.930668,-0.457458,231.8046,888.9754,1031.8554,201.0200
鲁棒最优S2*（本文主策略）,37,localized,55.1543,55.1543,580.0572,1005.0999,-290.6464,962.1593,-0.629568,0.294166,138.1379,1110.2280,1111.1616,201.0200
鲁棒最优S2*（本文主策略）,38,localized,46.8239,46.8239,535.7330,1005.0999,971.2622,-258.6029,0.156412,0.829313,15.6342,1027.2150,1373.9745,201.0200
鲁棒最优S2*（本文主策略）,39,localized,42.0224,42.0224,538.0911,1005.0999,719.9118,-701.3935,-0.817805,0.632954,347.2643,972.8677,1020.0942,201.0200
鲁棒最优S2*（本文主策略）,40,localized,41.5658,41.5658,534.8063,1005.0999,-843.1503,547.1046,-0.757230,0.117288,178.4784,961.7500,1184.0600,201.0200
鲁棒最优S2*（本文主策略）,41,localized,35.1452,35.1452,527.2485,1005.0999,-948.8762,-331.4509,-0.867800,-0.962985,230.8226,822.7689,1261.9453,201.0200
鲁棒最优S2*（本文主策略）,42,localized,93.3406,93.3406,705.5279,1005.0999,280.1655,965.2632,0.520863,0.856340,103.9939,1361.2819,1498.5670,201.0200
鲁棒最优S2*（本文主策略）,43,localized,43.5669,43.5669,532.3089,1005.0999,883.2813,479.6248,-0.379675,-0.499054,59.5818,979.7075,1220.9163,201.0200
鲁棒最优S2*（本文主策略）,44,localized,103.1177,103.1177,722.8390,1005.0999,52.6395,-1003.7205,0.516709,-0.568713,303.1854,1385.6818,1427.8000,201.0200
鲁棒最优S2*（本文主策略）,45,localized,38.9929,38.9929,574.4880,1005.0999,-960.6804,295.4980,0.063469,-0.970800,193.5390,604.6151,1331.4967,201.0200
鲁棒最优S2*（本文主策略）,46,localized,35.6908,35.6908,516.9469,1005.0999,734.4990,686.1028,-0.232372,0.633260,73.9812,879.7426,1121.5398,201.0200
鲁棒最优S2*（本文主策略）,47,localized,40.8399,40.8399,602.8334,1005.0999,804.6530,-602.2951,-0.727211,0.462553,354.6118,559.7382,1050.8626,201.0200
鲁棒最优S2*（本文主策略）,48,localized,55.0013,55.0013,810.0891,1005.0999,-734.1770,686.4474,-0.124272,-0.272924,167.7485,237.8234,1064.4481,201.0200
鲁棒最优S2*（本文主策略）,49,localized,51.2520,51.2520,740.7965,1005.0999,-810.0415,595.0282,0.600818,0.288212,173.7995,326.7016,1177.9894,201.0200
鲁棒最优S2*（本文主策略）,50,localized,37.8044,37.8044,541.7422,1005.0999,-1003.9783,47.4691,0.852923,0.170835,207.1401,663.7909,1480.8471,201.0200
鲁棒最优S2*（本文主策略）,51,localized,37.0524,37.0524,503.3424,1005.0999,-901.1115,445.2233,0.709809,0.746215,183.6970,901.2988,1135.8907,201.0200
鲁棒最优S2*（本文主策略）,52,localized,37.0011,37.0011,499.5971,1005.0999,869.6446,503.9287,0.908175,-0.799586,59.8826,886.8533,1216.3460,201.0200
鲁棒最优S2*（本文主策略）,53,localized,63.2931,63.2931,942.8621,1005.0999,696.3807,-724.7619,0.117159,-0.693973,344.4388,73.1478,1043.5484,201.0200
鲁棒最优S2*（本文主策略）,54,localized,35.3116,35.3116,517.4552,1005.0999,987.8692,185.3113,-0.116302,0.788476,41.4408,811.8322,1070.4476,201.0200
鲁棒最优S2*（本文主策略）,55,localized,36.8787,36.8787,548.8998,1005.0999,-797.2308,-612.0857,-0.594452,-0.596363,248.8102,689.4038,1236.1484,201.0200
鲁棒最优S2*（本文主策略）,56,localized,49.4023,49.4023,537.5622,1005.0999,-739.6635,-680.5320,0.362823,-0.033832,252.9530,1044.2485,1149.4679,201.0200
鲁棒最优S2*（本文主策略）,57,localized,38.3756,38.3756,507.4833,1005.0999,587.9358,815.2038,0.483645,-0.538889,84.4167,909.4289,1021.4485,201.0200
鲁棒最优S2*（本文主策略）,58,localized,35.0880,35.0880,501.3102,1005.0999,511.8873,-864.9839,0.796867,0.454281,330.5197,856.0219,1038.4913,201.0200
鲁棒最优S2*（本文主策略）,59,localized,43.1933,43.1933,619.0722,1005.0999,-644.6474,-771.1392,0.762128,0.580764,260.0433,508.1614,1087.9706,201.0200
鲁棒最优S2*（本文主策略）,60,localized,57.2193,57.2193,853.3315,1005.0999,-875.8219,493.1144,-0.032534,-0.834303,181.3517,182.5126,1144.7831,201.0200
鲁棒最优S2*（本文主策略）,61,localized,35.1511,35.1511,503.3049,1005.0999,610.3476,-798.5622,0.750112,0.009899,337.3409,831.8410,1274.8428,201.0200
鲁棒最优S2*（本文主策略）,62,localized,77.2955,77.2955,632.2867,1005.0999,-189.5501,987.0646,0.494534,-0.597072,131.0759,1248.2211,1393.4766,201.0200
鲁棒最优S2*（本文主策略）,63,localized,61.7718,61.7718,885.6417,1005.0999,884.9394,476.5585,0.916431,0.629403,58.0870,140.8272,1165.3279,201.0200
鲁棒最优S2*（本文主策略）,64,localized,64.4152,64.4152,615.2763,1005.0999,733.3632,-687.3167,-0.710062,-0.392515,348.2665,1180.5815,1199.2516,201.0200
鲁棒最优S2*（本文主策略）,65,localized,64.3687,64.3687,610.3072,1005.0999,-889.6020,-467.7971,-0.475650,-0.258146,238.9133,1178.9449,1464.4462,201.0200
鲁棒最优S2*（本文主策略）,66,localized,91.7005,91.7005,697.7510,1005.0999,359.3531,-938.6645,0.071223,-0.546779,321.5773,1338.8354,1488.6349,201.0200
鲁棒最优S2*（本文主策略）,67,localized,45.2133,45.2133,668.1510,1005.0999,105.0545,999.5946,-0.965186,0.311698,115.6656,445.5558,1259.1465,201.0200
鲁棒最优S2*（本文主策略）,68,localized,87.3885,87.3885,711.3891,1005.0999,-240.7276,975.8463,-0.782832,-0.282479,135.3402,1337.2997,1377.7037,201.0200
鲁棒最优S2*（本文主策略）,69,localized,73.7402,73.7402,650.5737,1005.0999,477.7246,-884.3105,-0.187381,0.977626,329.2663,1258.8131,1344.7853,201.0200
鲁棒最优S2*（本文主策略）,70,localized,35.5043,35.5043,526.4391,1005.0999,2.6161,-1005.0965,-0.568208,0.624921,301.4173,788.5683,1149.8990,201.0200
鲁棒最优S2*（本文主策略）,71,localized,35.7558,35.7558,533.9323,1005.0999,-348.1792,942.8664,-0.805425,0.022689,141.7735,761.0114,1445.8587,201.0200
鲁棒最优S2*（本文主策略）,72,localized,39.7459,39.7459,571.6409,1005.0999,981.7076,-215.5829,0.650030,0.397660,17.6644,598.9805,1285.2492,201.0200
鲁棒最优S2*（本文主策略）,73,localized,38.2663,38.2663,509.9022,1005.0999,875.6444,493.4296,0.315697,-0.721108,59.7858,906.4608,1497.0776,201.0200
鲁棒最优S2*（本文主策略）,74,localized,44.8814,44.8814,656.2193,1005.0999,-321.4416,-952.3135,-0.753918,0.899730,282.8024,463.0111,1058.8711,201.0200
鲁棒最优S2*（本文主策略）,75,localized,43.6767,43.6767,533.0354,1005.0999,-136.5053,995.7872,-0.274258,0.528323,128.7799,990.4206,1171.6797,201.0200
鲁棒最优S2*（本文主策略）,76,localized,35.3325,35.3325,529.3586,1005.0999,696.2755,724.8629,-0.817025,-0.923881,77.6694,792.3607,1387.9486,201.0200
鲁棒最优S2*（本文主策略）,77,localized,44.3066,44.3066,638.3684,1005.0999,-231.0419,-978.1848,0.916147,0.024111,286.4945,474.5240,1142.1365,201.0200
鲁棒最优S2*（本文主策略）,78,localized,35.7683,35.7683,511.6717,1005.0999,-150.2165,-993.8112,0.742843,0.805634,291.3619,771.2918,1185.3799,201.0200
鲁棒最优S2*（本文主策略）,79,localized,35.5139,35.5139,525.3252,1005.0999,-991.6117,164.1099,-0.434333,0.152801,201.7372,783.5376,1080.3067,201.0200
鲁棒最优S2*（本文主策略）,80,localized,35.2826,35.2826,522.3183,1005.0999,-382.9162,-929.3013,-0.391305,-0.635489,278.6973,802.2575,1231.3338,201.0200
鲁棒最优S2*（本文主策略）,81,localized,35.7389,35.7389,515.2060,1005.0999,669.6186,-749.5577,0.695178,-0.953758,341.7809,757.2310,1304.7607,201.0200
鲁棒最优S2*（本文主策略）,82,localized,35.7172,35.7172,510.0661,1005.0999,194.6724,986.0672,0.794258,0.906075,108.7379,776.1417,1321.8396,201.0200
鲁棒最优S2*（本文主策略）,83,localized,37.8592,37.8592,561.0927,1005.0999,-549.1511,841.8188,-0.877152,0.945310,154.6951,661.8180,1211.7598,201.0200
鲁棒最优S2*（本文主策略）,84,localized,52.6765,52.6765,538.7421,1005.0999,-711.6390,709.7857,0.728885,-0.704093,165.0458,1065.9581,1077.1375,201.0200
鲁棒最优S2*（本文主策略）,85,localized,35.5036,35.5036,531.6378,1005.0999,-925.8331,-391.2274,-0.791284,-0.946354,234.3986,773.5268,1173.4065,201.0200
鲁棒最优S2*（本文主策略）,86,localized,35.9007,35.9007,524.9534,1005.0999,447.3246,-900.0703,-0.751499,0.326278,327.8783,880.6970,1410.2699,201.0200
鲁棒最优S2*（本文主策略）,87,localized,42.4960,42.4960,521.5130,1005.0999,-997.2438,-125.4218,0.140452,0.012117,217.7279,969.5491,1232.7145,201.0200
鲁棒最优S2*（本文主策略）,88,localized,46.7519,46.7519,532.4559,1005.0999,-931.6439,-377.1808,0.111358,-0.548692,232.6295,1013.2596,1075.8270,201.0200
鲁棒最优S2*（本文主策略）,89,localized,35.4821,35.4821,522.1040,1005.0999,-212.9687,982.2780,-0.568466,0.991424,133.5015,879.7435,1158.2183,201.0200
鲁棒最优S2*（本文主策略）,90,localized,47.9970,47.9970,719.7848,1005.0999,255.2756,-972.1420,-0.870097,-0.849884,316.2833,365.2326,1165.8102,201.0200
鲁棒最优S2*（本文主策略）,91,localized,59.7228,59.7228,584.8096,1005.0999,201.5156,-984.6915,-0.223671,-0.505232,312.4895,1136.4773,1352.4500,201.0200
鲁棒最优S2*（本文主策略）,92,localized,37.5569,37.5569,551.3587,1005.0999,640.8962,774.2596,-0.352454,0.688585,81.4361,673.4407,1356.5542,201.0200
鲁棒最优S2*（本文主策略）,93,localized,39.8335,39.8335,519.2195,1005.0999,-973.3481,250.6376,-0.041684,0.369819,196.3017,938.8563,1238.2300,201.0200
鲁棒最优S2*（本文主策略）,94,localized,40.8595,40.8595,595.8119,1005.0999,-985.3547,-198.2473,-0.025118,0.357057,222.1008,561.8809,1045.8640,201.0200
鲁棒最优S2*（本文主策略）,95,localized,40.2367,40.2367,579.0963,1005.0999,-102.0414,999.9067,0.646684,0.348468,125.8802,583.6499,1111.2467,201.0200
鲁棒最优S2*（本文主策略）,96,localized,47.9018,47.9018,531.6528,1005.0999,83.0641,1001.6617,0.425771,-0.003519,115.5337,1028.9597,1087.6039,201.0200
鲁棒最优S2*（本文主策略）,97,localized,81.3854,81.3854,652.1369,1005.0999,522.6267,858.5378,0.242293,-0.831968,89.1271,1273.4686,1451.6237,201.0200
鲁棒最优S2*（本文主策略）,98,localized,39.1051,39.1051,572.0576,1005.0999,980.4009,221.4497,0.418278,-0.978278,43.0099,602.6691,1452.8593,201.0200
鲁棒最优S2*（本文主策略）,99,localized,45.7590,45.7590,552.6495,1005.0999,87.4335,1001.2898,-0.994516,0.481214,116.7041,1018.1850,1276.5310,201.0200
鲁棒最优S2*（本文主策略）,100,localized,38.3365,38.3365,553.9106,1005.0999,698.4763,722.7425,0.331610,0.670584,76.3466,646.7057,1106.9787,201.0200
鲁棒最优S2*（本文主策略）,101,localized,50.7600,50.7600,727.7919,1005.0999,-272.3726,-967.4911,0.206636,0.983771,284.7701,346.8965,1387.1133,201.0200
鲁棒最优S2*（本文主策略）,102,localized,35.3598,35.3598,514.2561,1005.0999,934.8445,369.1769,0.221565,-0.081148,52.0279,798.6689,1001.3763,201.0200
鲁棒最优S2*（本文主策略）,103,localized,77.0404,77.0404,667.3235,1005.0999,932.2977,375.5620,-0.606774,0.017187,53.2481,1274.1515,1307.0870,201.0200
鲁棒最优S2*（本文主策略）,104,localized,39.6459,39.6459,503.2612,1005.0999,-1004.0820,-45.2240,0.898891,0.272623,212.3800,933.3880,1017.6875,201.0200
鲁棒最优S2*（本文主策略）,105,localized,47.6721,47.6721,683.9531,1005.0999,-996.6379,-130.1490,0.384613,0.891269,217.7554,408.9640,1168.3785,201.0200
鲁棒最优S2*（本文主策略）,106,localized,35.7286,35.7286,533.2358,1005.0999,892.0280,463.1543,-0.843129,0.537804,58.9821,767.9019,1182.9939,201.0200
鲁棒最优S2*（本文主策略）,107,localized,35.2648,35.2648,528.3666,1005.0999,998.3821,116.0133,-0.920577,0.813914,38.2487,817.4294,1133.1740,201.0200
鲁棒最优S2*（本文主策略）,108,localized,35.3506,35.3506,516.9821,1005.0999,-946.1279,-339.2164,0.082987,-0.834956,230.3414,792.6288,1424.4947,201.0200
鲁棒最优S2*（本文主策略）,109,localized,66.6502,66.6502,600.1872,1005.0999,-120.0960,997.8992,0.461277,0.317616,127.1012,1190.8531,1335.0386,201.0200
鲁棒最优S2*（本文主策略）,110,localized,49.4803,49.4803,557.0354,1005.0999,-870.2480,-502.8859,-0.571948,0.257594,241.2941,1054.1806,1292.4468,201.0200
鲁棒最优S2*（本文主策略）,111,localized,35.1732,35.1732,500.3861,1005.0999,-992.5508,158.3312,0.963713,0.265286,200.6729,829.7829,1024.8809,201.0200
鲁棒最优S2*（本文主策略）,112,localized,95.4377,95.4377,705.0403,1005.0999,-545.7547,844.0246,0.676421,0.601523,152.9107,1364.3659,1408.7248,201.0200
鲁棒最优S2*（本文主策略）,113,localized,36.6863,36.6863,536.6864,1005.0999,-211.7144,-982.5491,-0.012911,0.056628,288.5530,707.5556,1328.9897,201.0200
鲁棒最优S2*（本文主策略）,114,localized,48.3673,48.3673,556.5544,1005.0999,-927.5648,-387.1038,-0.670236,0.721467,234.0226,1047.8928,1058.6504,201.0200
鲁棒最优S2*（本文主策略）,115,localized,64.3919,64.3919,613.6801,1005.0999,991.6191,164.0650,-0.629695,-0.325529,40.7243,1180.2260,1249.5452,201.0200
鲁棒最优S2*（本文主策略）,116,localized,68.2336,68.2336,595.5380,1005.0999,-1003.4025,58.3894,0.929443,0.462928,206.4402,1197.4158,1282.3104,201.0200
鲁棒最优S2*（本文主策略）,117,localized,37.5195,37.5195,548.1155,1005.0999,990.4236,171.1340,-0.122724,0.643686,40.6260,675.4955,1207.7545,201.0200
鲁棒最优S2*（本文主策略）,118,localized,39.1789,39.1789,578.5602,1005.0999,457.6683,-894.8550,-0.158647,-0.699661,327.9459,600.2246,1029.2018,201.0200
鲁棒最优S2*（本文主策略）,119,localized,44.3405,44.3405,514.6157,1005.0999,-964.9867,-281.1164,0.792021,-0.061260,226.1497,988.1954,1449.5765,201.0200
鲁棒最优S2*（本文主策略）,120,localized,37.4436,37.4436,551.9683,1005.0999,134.0958,-996.1145,-0.335037,-0.005050,308.7020,671.0995,1350.5946,201.0200
鲁棒最优S2*（本文主策略）,121,localized,55.7997,55.7997,811.8068,1005.0999,-988.3967,182.4767,-0.743200,0.537745,200.9831,237.7300,1254.1499,201.0200
鲁棒最优S2*（本文主策略）,122,localized,39.3833,39.3833,584.2916,1005.0999,-250.6003,973.3577,-0.974740,0.659395,136.1125,604.6823,1002.5622,201.0200
鲁棒最优S2*（本文主策略）,123,localized,39.7265,39.7265,572.1868,1005.0999,964.0373,284.3553,0.556249,0.451003,46.5779,599.6546,1444.9643,201.0200
鲁棒最优S2*（本文主策略）,124,localized,54.9927,54.9927,580.6734,1005.0999,374.9665,-932.5374,-0.670035,0.374121,323.2747,1110.0200,1165.1411,201.0200
鲁棒最优S2*（本文主策略）,125,localized,49.1313,49.1313,545.0668,1005.0999,891.2214,464.7045,-0.014019,0.302469,58.2526,1047.3092,1282.7359,201.0200
鲁棒最优S2*（本文主策略）,126,localized,39.2392,39.2392,561.8836,1005.0999,-866.5837,-509.1744,0.982038,0.079018,240.1550,613.1920,1132.8908,201.0200
鲁棒最优S2*（本文主策略）,127,localized,49.0063,49.0063,707.1331,1005.0999,-824.2358,575.2053,0.771633,0.230498,175.0185,372.4979,1260.5491,201.0200
鲁棒最优S2*（本文主策略）,128,localized,62.2367,62.2367,597.2224,1005.0999,652.3413,-764.6415,-0.468515,-0.995495,341.6371,1153.3899,1365.1810,201.0200
鲁棒最优S2*（本文主策略）,129,localized,36.6459,36.6459,500.8940,1005.0999,-879.2283,-487.0147,0.818939,-0.541958,238.8636,883.8241,1319.9999,201.0200
鲁棒最优S2*（本文主策略）,130,localized,58.8834,58.8834,595.1968,1005.0999,-335.6114,947.4127,-0.547615,0.640370,140.7538,1146.3803,1267.6127,201.0200
鲁棒最优S2*（本文主策略）,131,localized,52.9768,52.9768,544.0378,1005.0999,675.9913,743.8155,0.560464,-0.456999,77.8745,1072.4076,1144.4434,201.0200
鲁棒最优S2*（本文主策略）,132,localized,42.6899,42.6899,524.6137,1005.0999,-985.1363,-199.3296,-0.107477,-0.882564,222.2461,964.4395,1329.8721,201.0200
鲁棒最优S2*（本文主策略）,133,localized,54.3682,54.3682,786.9269,1005.0999,494.9660,874.7768,-0.959448,0.958098,92.1574,271.6153,1446.9806,201.0200
鲁棒最优S2*（本文主策略）,134,localized,64.3816,64.3816,932.3227,1005.0999,335.1157,-947.5881,-0.705288,0.459100,320.8815,86.5476,1023.1840,201.0200
鲁棒最优S2*（本文主策略）,135,localized,41.2694,41.2694,615.3924,1005.0999,-997.6421,-122.2132,-0.527619,-0.875512,218.2117,532.0919,1313.4993,201.0200
鲁棒最优S2*（本文主策略）,136,localized,44.9318,44.9318,649.8143,1005.0999,161.2756,-992.0766,0.140233,0.669646,309.7932,464.1093,1450.5948,201.0200
鲁棒最优S2*（本文主策略）,137,localized,69.7163,69.7163,649.4061,1005.0999,123.6682,997.4628,-0.937446,0.449142,114.5698,1234.8964,1466.2418,201.0200
鲁棒最优S2*（本文主策略）,138,localized,36.7364,36.7364,541.8941,1005.0999,999.5847,-105.1490,-0.364170,0.070109,25.0592,703.8825,1469.3996,201.0200
鲁棒最优S2*（本文主策略）,139,localized,55.7869,55.7869,818.3077,1005.0999,956.7203,-308.0781,-0.117282,-0.082836,12.9680,227.1896,1074.9381,201.0200
鲁棒最优S2*（本文主策略）,140,localized,40.0814,40.0814,511.4959,1005.0999,-766.8939,-649.6919,0.482541,0.742716,250.4878,944.3165,1215.0917,201.0200
鲁棒最优S2*（本文主策略）,141,localized,35.3587,35.3587,519.0742,1005.0999,-17.3288,-1004.9505,-0.172824,0.571268,299.8849,804.0443,1284.5682,201.0200
鲁棒最优S2*（本文主策略）,142,localized,59.9671,59.9671,565.6872,1005.0999,666.2774,-752.5292,0.576843,-0.929152,341.6443,1125.4119,1268.5104,201.0200
鲁棒最优S2*（本文主策略）,143,localized,39.2102,39.2102,534.3811,1005.0999,-599.1823,806.9736,-0.995749,0.856240,158.2898,936.9581,1000.8228,201.0200
鲁棒最优S2*（本文主策略）,144,localized,51.9111,51.9111,746.5360,1005.0999,-846.1782,542.4097,0.979275,0.342260,177.0604,316.9929,1252.8301,201.0200
鲁棒最优S2*（本文主策略）,145,localized,44.4174,44.4174,634.6272,1005.0999,-994.3951,146.3020,0.892271,0.664178,201.4380,480.8112,1143.7037,201.0200
鲁棒最优S2*（本文主策略）,146,localized,42.6956,42.6956,527.1534,1005.0999,-953.6419,-317.4791,-0.259430,-0.927356,229.3727,964.5953,1145.1125,201.0200
鲁棒最优S2*（本文主策略）,147,localized,40.3390,40.3390,586.8851,1005.0999,-601.1671,805.4961,0.599238,-0.615160,156.8359,568.9950,1429.2292,201.0200
鲁棒最优S2*（本文主策略）,148,localized,63.9940,63.9940,613.7110,1005.0999,1004.9871,15.0564,-0.696650,-0.322063,32.2550,1178.0390,1370.8475,201.0200
鲁棒最优S2*（本文主策略）,149,localized,36.8722,36.8722,499.0006,1005.0999,-767.1639,649.3730,0.970911,0.552856,169.4825,896.6939,1250.0602,201.0200
鲁棒最优S2*（本文主策略）,150,localized,35.3633,35.3633,520.9835,1005.0999,-965.7720,-278.4067,-0.281753,0.274954,227.0626,800.6211,1419.5848,201.0200
鲁棒最优S2*（本文主策略）,151,localized,45.3595,45.3595,546.3416,1005.0999,970.6558,-260.8701,-0.802956,-0.025660,16.4598,1007.4482,1475.3352,201.0200
鲁棒最优S2*（本文主策略）,152,localized,62.5727,62.5727,921.2213,1005.0999,627.5725,785.0978,0.319292,-0.287143,81.7434,98.8018,1390.6967,201.0200
鲁棒最优S2*（本文主策略）,153,localized,41.1460,41.1460,596.1552,1005.0999,-578.2995,-822.0678,0.302620,0.366073,265.2722,555.8848,1020.8419,201.0200
鲁棒最优S2*（本文主策略）,154,localized,39.8946,39.8946,580.7409,1005.0999,1004.6572,29.8296,-0.044981,0.626456,32.4457,593.1982,1153.2474,201.0200
鲁棒最优S2*（本文主策略）,155,localized,36.9679,36.9679,532.5990,1005.0999,-596.5875,808.8938,0.436714,0.843377,156.6734,703.5808,1230.0864,201.0200
鲁棒最优S2*（本文主策略）,156,localized,67.8740,67.8740,619.1804,1005.0999,655.3980,-762.0231,-0.295310,-0.346955,341.6934,1201.4055,1273.3841,201.0200
鲁棒最优S2*（本文主策略）,157,localized,51.1760,51.1760,535.3102,1005.0999,-826.3507,-572.1628,0.736196,-0.259042,244.6624,1056.6437,1198.8299,201.0200
鲁棒最优S2*（本文主策略）,158,localized,49.0167,49.0167,559.2656,1005.0999,52.0176,-1003.7529,-0.996514,-0.985365,304.6631,1039.2719,1234.0425,201.0200
鲁棒最优S2*（本文主策略）,159,localized,68.5468,68.5468,596.7617,1005.0999,1003.8659,49.7906,0.570891,-0.853981,32.9686,1188.0456,1207.2744,201.0200
鲁棒最优S2*（本文主策略）,160,localized,92.9265,92.9265,682.9380,1005.0999,-725.7083,-695.3943,0.821248,-0.127398,253.6567,1335.9355,1432.4015,201.0200
鲁棒最优S2*（本文主策略）,161,localized,45.7226,45.7226,662.0576,1005.0999,796.6463,-612.8462,0.913932,-0.235589,352.2156,437.5441,1197.3179,201.0200
鲁棒最优S2*（本文主策略）,162,localized,45.7298,45.7298,673.5175,1005.0999,688.1399,-732.5908,0.246732,-0.699733,343.6612,425.8522,1337.5755,201.0200
鲁棒最优S2*（本文主策略）,163,localized,38.2909,38.2909,507.2889,1005.0999,-581.1632,-820.0458,0.515276,0.012560,264.8597,913.0856,1211.3510,201.0200
鲁棒最优S2*（本文主策略）,164,localized,99.8244,99.8244,812.8921,1005.0999,-700.4141,720.8647,-0.278990,0.822662,165.1546,1488.7404,1497.8765,201.0200
鲁棒最优S2*（本文主策略）,165,localized,60.7720,60.7720,602.0830,1005.0999,-908.5298,-429.8831,-0.663783,0.036356,236.6856,1156.3033,1464.6664,201.0200
鲁棒最优S2*（本文主策略）,166,localized,42.3033,42.3033,618.1875,1005.0999,116.3553,-998.3423,-0.013246,0.111508,307.3610,519.6900,1196.1629,201.0200
鲁棒最优S2*（本文主策略）,167,localized,35.8962,35.8962,523.7084,1005.0999,120.1725,997.8900,0.121361,-0.107759,113.7118,752.0637,1269.0582,201.0200
鲁棒最优S2*（本文主策略）,168,localized,39.4688,39.4688,507.2552,1005.0999,992.8615,156.3706,0.684556,0.952690,38.9657,937.5042,1076.7488,201.0200
鲁棒最优S2*（本文主策略）,169,localized,47.2793,47.2793,549.0903,1005.0999,828.0108,569.7578,-0.495023,0.664040,65.7271,1034.3622,1356.5509,201.0200
鲁棒最优S2*（本文主策略）,170,localized,83.5134,83.5134,645.6309,1005.0999,-470.3098,-888.2761,0.914975,-0.267759,271.8854,1281.6602,1472.8231,201.0200
鲁棒最优S2*（本文主策略）,171,localized,43.7416,43.7416,531.6879,1005.0999,576.7108,823.1831,-0.217023,0.303115,85.9025,988.8026,1445.3485,201.0200
鲁棒最优S2*（本文主策略）,172,localized,61.1888,61.1888,878.3670,1005.0999,671.4701,747.8995,0.825550,0.595227,77.9567,149.8163,1312.3678,201.0200
鲁棒最优S2*（本文主策略）,173,localized,41.9015,41.9015,604.1286,1005.0999,980.2096,222.2948,0.848993,-0.085346,42.6286,533.0919,1366.5967,201.0200
鲁棒最优S2*（本文主策略）,174,localized,51.7441,51.7441,768.0537,1005.0999,-916.0057,413.7141,-0.898167,-0.289867,187.2918,297.0110,1264.1494,201.0200
鲁棒最优S2*（本文主策略）,175,localized,35.0777,35.0777,525.6361,1005.0999,534.6040,-851.1312,-0.818627,0.959051,333.6520,871.1058,1394.1882,201.0200
鲁棒最优S2*（本文主策略）,176,localized,47.8107,47.8107,560.0453,1005.0999,914.9107,416.1300,-0.975671,0.612766,56.1332,1042.6983,1246.3821,201.0200
鲁棒最优S2*（本文主策略）,177,localized,36.7957,36.7957,513.1389,1005.0999,-608.4920,-799.9770,0.066999,0.619770,263.3750,896.9082,1051.7981,201.0200
鲁棒最优S2*（本文主策略）,178,localized,50.0319,50.0319,529.5260,1005.0999,853.6481,-530.5758,0.750630,-0.838537,358.0868,1040.0427,1323.1529,201.0200
鲁棒最优S2*（本文主策略）,179,localized,36.9900,36.9900,547.4901,1005.0999,57.1121,-1003.4760,-0.506493,0.022892,304.4639,690.7066,1297.8511,201.0200
鲁棒最优S2*（本文主策略）,180,localized,50.3051,50.3051,728.6040,1005.0999,-844.5951,-544.8714,0.551379,0.196408,242.9758,343.7456,1145.4553,201.0200
鲁棒最优S2*（本文主策略）,181,localized,43.1687,43.1687,635.4016,1005.0999,893.7363,-459.8491,-0.121083,-0.327103,3.5942,490.9425,1387.9749,201.0200
鲁棒最优S2*（本文主策略）,182,localized,47.0205,47.0205,551.9069,1005.0999,571.3338,826.9241,-0.791581,0.062456,86.8504,1027.1745,1355.8306,201.0200
鲁棒最优S2*（本文主策略）,183,localized,37.8592,37.8592,539.3404,1005.0999,-458.4871,894.4358,0.943161,0.701354,146.8965,667.5416,1407.2118,201.0200
鲁棒最优S2*（本文主策略）,184,localized,43.4148,43.4148,644.2150,1005.0999,787.5729,624.4635,-0.785842,-0.108603,69.8966,483.7030,1417.1530,201.0200
鲁棒最优S2*（本文主策略）,185,localized,43.2974,43.2974,638.8508,1005.0999,382.5528,929.4510,-0.430752,-0.113882,98.7592,488.7161,1065.6343,201.0200
鲁棒最优S2*（本文主策略）,186,localized,53.6023,53.6023,559.6695,1005.0999,60.5767,1003.2728,-0.187068,-0.886170,117.4318,1079.3741,1469.6136,201.0200
鲁棒最优S2*（本文主策略）,187,localized,37.6144,37.6144,552.7178,1005.0999,-749.4481,669.7412,-0.267385,0.236258,169.1820,666.8260,1052.5288,201.0200
鲁棒最优S2*（本文主策略）,188,localized,72.1567,72.1567,635.9213,1005.0999,-724.7178,696.4266,0.113534,0.989127,166.7269,1243.1839,1444.5614,201.0200
鲁棒最优S2*（本文主策略）,189,localized,92.4367,92.4367,690.0143,1005.0999,-78.0861,-1002.0621,0.473361,-0.331420,295.7708,1337.5899,1425.5749,201.0200
鲁棒最优S2*（本文主策略）,190,localized,43.2848,43.2848,618.6136,1005.0999,354.2948,-940.5855,0.947301,0.549487,320.3928,506.6891,1336.9849,201.0200
鲁棒最优S2*（本文主策略）,191,localized,38.8132,38.8132,514.5367,1005.0999,882.7150,-480.6663,0.080111,-0.493798,2.0502,916.6041,1057.5761,201.0200
鲁棒最优S2*（本文主策略）,192,localized,61.8198,61.8198,573.7746,1005.0999,421.8082,912.3068,0.928721,0.817279,94.9577,1155.5405,1490.4839,201.0200
鲁棒最优S2*（本文主策略）,193,localized,38.0960,38.0960,564.7839,1005.0999,-749.3275,-669.8761,-0.379553,-0.682737,252.8753,637.7391,1353.3196,201.0200
鲁棒最优S2*（本文主策略）,194,localized,35.2071,35.2071,507.9976,1005.0999,937.7364,-361.7683,0.449993,0.743584,9.1539,827.2775,1107.0876,201.0200
鲁棒最优S2*（本文主策略）,195,localized,35.1079,35.1079,521.8866,1005.0999,754.3732,-664.1889,-0.573894,0.582389,349.9115,869.7388,1179.7576,201.0200
鲁棒最优S2*（本文主策略）,196,localized,41.0603,41.0603,591.1808,1005.0999,-843.2661,-546.9260,0.549334,0.511302,243.1173,561.4909,1119.4532,201.0200
鲁棒最优S2*（本文主策略）,197,localized,86.3618,86.3618,667.9246,1005.0999,-329.1523,949.6760,0.839382,0.730610,138.9766,1314.0330,1499.2049,201.0200
鲁棒最优S2*（本文主策略）,198,localized,47.0781,47.0781,537.5718,1005.0999,1004.4650,35.7204,-0.039836,-0.079268,32.7765,1022.1430,1175.6290,201.0200
鲁棒最优S2*（本文主策略）,199,localized,72.2303,72.2303,619.5861,1005.0999,503.9833,869.6129,0.222424,-0.766471,90.3832,1218.3640,1398.5884,201.0200
鲁棒最优S2*（本文主策略）,200,localized,44.3665,44.3665,649.6357,1005.0999,-409.0825,918.0835,0.294497,-0.409156,144.4224,462.8177,1270.0022,201.0200
鲁棒最优S2*（本文主策略）,201,localized,52.8965,52.8965,549.3547,1005.0999,-773.4441,641.8800,0.409234,0.188107,170.6015,1079.4965,1298.7189,201.0200
鲁棒最优S2*（本文主策略）,202,localized,35.5245,35.5245,531.6644,1005.0999,688.9577,731.8218,-0.941234,0.789929,78.3693,787.5081,1170.2434,201.0200
鲁棒最优S2*（本文主策略）,203,localized,36.2056,36.2056,512.0934,1005.0999,-976.4978,-238.0713,0.074611,-0.964533,224.3269,873.5268,1172.0821,201.0200
鲁棒最优S2*（本文主策略）,204,localized,45.8920,45.8920,677.9240,1005.0999,-368.8089,934.9897,-0.975326,0.301718,143.2022,429.9062,1332.8232,201.0200
鲁棒最优S2*（本文主策略）,205,localized,36.3605,36.3605,541.9752,1005.0999,161.0143,-992.1190,-0.586819,-0.936493,310.5052,713.0483,1268.8385,201.0200
鲁棒最优S2*（本文主策略）,206,localized,50.8293,50.8293,540.9608,1005.0999,-948.5537,332.3727,0.298157,-0.783848,191.0914,1051.0740,1089.5261,201.0200
鲁棒最优S2*（本文主策略）,207,localized,60.4227,60.4227,866.4562,1005.0999,45.2434,-1004.0811,0.966010,0.601004,302.3140,164.0764,1137.7695,201.0200
鲁棒最优S2*（本文主策略）,208,localized,55.4229,55.4229,563.0922,1005.0999,804.4019,602.6304,0.077292,-0.330780,67.4620,1099.3408,1487.0539,201.0200
鲁棒最优S2*（本文主策略）,209,localized,38.2852,38.2852,556.5941,1005.0999,505.7787,-868.5699,0.280755,0.011241,330.6320,641.3262,1304.5178,201.0200
鲁棒最优S2*（本文主策略）,210,localized,65.3846,65.3846,586.3752,1005.0999,551.8381,840.0598,0.566034,-0.716059,86.8329,1167.9803,1171.0498,201.0200
鲁棒最优S2*（本文主策略）,211,localized,74.4427,74.4427,629.1114,1005.0999,691.0820,729.8161,0.362147,-0.130200,76.8994,1239.0121,1460.9159,201.0200
鲁棒最优S2*（本文主策略）,212,localized,58.2371,58.2371,586.1616,1005.0999,-415.4616,-915.2144,-0.500979,-0.339711,276.7853,1128.9277,1493.7380,201.0200
鲁棒最优S2*（本文主策略）,213,localized,44.7012,44.7012,534.4216,1005.0999,837.8702,-555.1571,-0.117714,0.980561,357.2900,1006.2291,1392.8732,201.0200
鲁棒最优S2*（本文主策略）,214,localized,47.6215,47.6215,700.6151,1005.0999,-998.0190,-119.0963,-0.140365,-0.237375,217.6454,388.2502,1145.3194,201.0200
鲁棒最优S2*（本文主策略）,215,localized,42.8727,42.8727,516.9809,1005.0999,-936.7984,364.1903,0.474661,0.188440,188.9812,974.5920,1023.7034,201.0200
鲁棒最优S2*（本文主策略）,216,localized,71.4734,71.4734,630.3848,1005.0999,-261.0396,970.6102,-0.303254,-0.760133,136.0564,1221.1725,1225.3224,201.0200
鲁棒最优S2*（本文主策略）,217,localized,57.3798,57.3798,569.7075,1005.0999,658.8474,759.0428,0.121545,-0.248763,79.6206,1116.5740,1451.7774,201.0200
鲁棒最优S2*（本文主策略）,218,localized,35.5544,35.5544,526.9614,1005.0999,-888.6296,469.6415,-0.415322,-0.739620,183.2588,771.5326,1023.5185,201.0200
鲁棒最优S2*（本文主策略）,219,localized,51.6487,51.6487,572.3133,1005.0999,-122.3152,-997.6296,-0.877660,0.494814,294.5877,1081.0540,1349.7099,201.0200
鲁棒最优S2*（本文主策略）,220,localized,35.8070,35.8070,513.4013,1005.0999,549.2502,-841.7541,-0.015681,-0.827954,333.8404,868.4148,1281.4934,201.0200
鲁棒最优S2*（本文主策略）,221,localized,81.6972,81.6972,633.6295,1005.0999,-942.1757,-350.0440,0.945303,-0.805597,230.1361,1263.3109,1327.1946,201.0200
鲁棒最优S2*（本文主策略）,222,localized,39.5535,39.5535,576.3361,1005.0999,925.3979,-392.2556,0.366693,-0.379264,7.3623,594.5563,1070.7270,201.0200
鲁棒最优S2*（本文主策略）,223,localized,48.3945,48.3945,537.3220,1005.0999,21.8437,-1004.8625,0.148347,-0.378600,301.7970,1031.9622,1074.4141,201.0200
鲁棒最优S2*（本文主策略）,224,localized,41.4346,41.4346,513.4802,1005.0999,-973.7367,249.1239,0.534820,0.729354,195.8143,961.6129,1162.6546,201.0200
鲁棒最优S2*（本文主策略）,225,localized,38.2435,38.2435,515.2151,1005.0999,164.8263,-991.4929,-0.015642,-0.614772,310.1542,907.5127,1051.3022,201.0200
鲁棒最优S2*（本文主策略）,226,localized,83.6218,83.6218,692.8016,1005.0999,916.9531,-411.6101,-0.498061,0.210583,7.0233,1316.8089,1395.0647,201.0200
鲁棒最优S2*（本文主策略）,227,localized,60.0504,60.0504,575.6649,1005.0999,-1004.4320,36.6359,0.196519,-0.685613,208.4146,1132.6516,1191.7100,201.0200
鲁棒最优S2*（本文主策略）,228,localized,56.6299,56.6299,813.9747,1005.0999,-19.9215,-1004.9025,0.302702,0.696867,299.2616,231.3990,1228.6234,201.0200
鲁棒最优S2*（本文主策略）,229,localized,63.3525,63.3525,605.8987,1005.0999,196.2996,-985.7445,-0.153049,0.892623,312.1155,1181.3303,1185.2393,201.0200
鲁棒最优S2*（本文主策略）,230,localized,43.2283,43.2283,522.9871,1005.0999,226.9413,979.1442,0.217717,0.489380,107.4330,982.6256,1477.3510,201.0200
鲁棒最优S2*（本文主策略）,231,localized,48.4898,48.4898,535.8747,1005.0999,-1003.5800,-55.2535,0.155800,-0.911612,213.6955,1027.6497,1214.4969,201.0200
鲁棒最优S2*（本文主策略）,232,localized,38.9747,38.9747,571.0775,1005.0999,1000.2822,-98.2922,-0.321236,0.617843,25.4091,620.8847,1081.9174,201.0200
鲁棒最优S2*（本文主策略）,233,localized,41.3723,41.3723,515.3816,1005.0999,-32.3517,-1004.5791,0.262658,-0.950401,298.5928,946.2960,1496.2534,201.0200
鲁棒最优S2*（本文主策略）,234,localized,46.7079,46.7079,536.3664,1005.0999,733.2503,687.4371,-0.104185,-0.522363,73.9572,1014.1508,1223.5573,201.0200
鲁棒最优S2*（本文主策略）,235,localized,39.5624,39.5624,532.6752,1005.0999,-499.1470,872.3979,-0.934206,-0.174978,151.4105,932.1469,1219.5702,201.0200
鲁棒最优S2*（本文主策略）,236,localized,35.0776,35.0776,527.4206,1005.0999,-859.1170,-521.6741,-0.941424,0.530543,242.9084,867.9988,1085.5722,201.0200
鲁棒最优S2*（本文主策略）,237,localized,35.4344,35.4344,509.3859,1005.0999,-520.6598,859.7320,0.249115,-0.517404,151.6503,865.1458,1201.7690,201.0200
鲁棒最优S2*（本文主策略）,238,localized,44.1325,44.1325,638.6246,1005.0999,602.5791,-804.4403,0.035666,0.783641,337.5000,483.6711,1079.9277,201.0200
鲁棒最优S2*（本文主策略）,239,localized,38.3659,38.3659,557.5478,1005.0999,-605.2122,802.4612,0.224842,0.222752,157.4986,640.3833,1087.9305,201.0200
鲁棒最优S2*（本文主策略）,240,localized,48.5856,48.5856,546.8231,1005.0999,-948.1572,-333.5022,-0.323673,-0.409853,230.4023,1036.4536,1202.4209,201.0200
鲁棒最优S2*（本文主策略）,241,localized,35.2354,35.2354,522.7430,1005.0999,84.6633,1001.5278,-0.551640,0.834288,116.4197,822.4219,1015.8283,201.0200
鲁棒最优S2*（本文主策略）,242,localized,36.0424,36.0424,522.3822,1005.0999,-775.2161,-639.7388,0.355672,0.060801,249.8751,744.7241,1367.5991,201.0200
鲁棒最优S2*（本文主策略）,243,localized,35.9058,35.9058,520.8552,1005.0999,-998.6324,113.8385,-0.487976,0.190821,204.6846,879.3771,1154.7666,201.0200
鲁棒最优S2*（本文主策略）,244,localized,50.4944,50.4944,721.1933,1005.0999,-273.1394,-967.2749,0.717515,0.859610,284.2139,353.0720,1093.4904,201.0200
鲁棒最优S2*（本文主策略）,245,localized,40.3804,40.3804,588.5644,1005.0999,910.0912,426.5675,-0.173928,0.721987,55.9868,579.1414,1428.5166,201.0200
鲁棒最优S2*（本文主策略）,246,localized,46.6169,46.6169,536.5709,1005.0999,1003.7191,52.6667,-0.078226,-0.173403,33.7819,1016.4315,1280.6574,201.0200
鲁棒最优S2*（本文主策略）,247,localized,59.8710,59.8710,580.5031,1005.0999,997.4152,-124.0511,0.210978,0.399335,23.3994,1143.4725,1224.1283,201.0200
鲁棒最优S2*（本文主策略）,248,localized,42.6589,42.6589,512.0917,1005.0999,-410.0431,917.6549,0.710969,0.032636,144.0659,969.7799,1448.9645,201.0200
鲁棒最优S2*（本文主策略）,249,localized,56.7499,56.7499,842.6656,1005.0999,-287.2354,963.1831,0.300293,-0.751483,137.0051,195.0510,1086.9611,201.0200
鲁棒最优S2*（本文主策略）,250,localized,38.8526,38.8526,579.6807,1005.0999,-727.0943,693.9450,-0.582905,-0.912868,167.6192,606.7081,1261.4959,201.0200
鲁棒最优S2*（本文主策略）,251,localized,47.6546,47.6546,697.8412,1005.0999,950.1561,-327.7638,-0.264549,0.157550,11.9323,393.2895,1415.1105,201.0200
鲁棒最优S2*（本文主策略）,252,localized,35.0904,35.0904,521.9479,1005.0999,-394.3123,924.5235,-0.585115,0.798030,144.3835,857.3657,1243.6467,201.0200
鲁棒最优S2*（本文主策略）,253,localized,40.5835,40.5835,602.3744,1005.0999,457.2050,-895.0919,-0.222807,-0.997856,327.9803,552.2692,1345.9416,201.0200
鲁棒最优S2*（本文主策略）,254,localized,65.1546,65.1546,608.4131,1005.0999,-856.0087,526.7589,-0.338519,-0.516613,179.4318,1179.9223,1277.8628,201.0200
鲁棒最优S2*（本文主策略）,255,localized,39.0299,39.0299,556.9297,1005.0999,108.5145,-999.2249,0.940096,0.559461,305.9579,625.0094,1094.3302,201.0200
鲁棒最优S2*（本文主策略）,256,localized,54.0889,54.0889,553.8580,1005.0999,-438.4452,-904.4289,0.334834,-0.115125,274.5022,1087.6890,1349.0321,201.0200
鲁棒最优S2*（本文主策略）,257,localized,36.9646,36.9646,533.7809,1005.0999,-792.8868,617.7025,0.423693,0.495973,172.3558,700.2741,1115.8088,201.0200
鲁棒最优S2*（本文主策略）,258,localized,45.2266,45.2266,657.5981,1005.0999,764.6022,-652.3874,0.954714,-0.587109,349.2732,443.9973,1164.8304,201.0200
鲁棒最优S2*（本文主策略）,259,localized,51.5466,51.5466,564.0939,1005.0999,-199.5528,985.0911,-0.674589,-0.406480,132.8262,1068.7862,1121.3144,201.0200
鲁棒最优S2*（本文主策略）,260,localized,35.6913,35.6913,501.8464,1005.0999,795.1428,-614.7957,0.746550,-0.114970,352.2426,872.8131,1443.7037,201.0200
鲁棒最优S2*（本文主策略）,261,localized,68.4474,68.4474,595.8207,1005.0999,-539.3853,848.1092,0.914624,0.332825,152.2412,1197.4582,1288.1629,201.0200
鲁棒最优S2*（本文主策略）,262,localized,36.6104,36.6104,521.2121,1005.0999,-665.0175,-753.6429,-0.453079,0.800554,259.7278,896.1913,1165.5505,201.0200
鲁棒最优S2*（本文主策略）,263,localized,51.5987,51.5987,741.7665,1005.0999,696.2762,724.8623,0.343081,0.734000,76.5093,326.7471,1455.2998,201.0200
鲁棒最优S2*（本文主策略）,264,localized,56.6943,56.6943,583.4327,1005.0999,265.9324,-969.2811,-0.587947,-0.070014,316.6301,1119.5455,1240.4447,201.0200
鲁棒最优S2*（本文主策略）,265,localized,65.9420,65.9420,605.4919,1005.0999,315.6687,-954.2427,-0.176518,-0.830039,319.1810,1179.7704,1362.5582,201.0200
鲁棒最优S2*（本文主策略）,266,localized,57.1923,57.1923,573.1526,1005.0999,-1001.4170,85.9635,-0.197429,-0.817403,205.9911,1111.7078,1209.0219,201.0200
鲁棒最优S2*（本文主策略）,267,localized,41.7966,41.7966,518.5654,1005.0999,-733.5994,-687.0645,0.153588,-0.632722,253.6703,954.8551,1161.8204,201.0200
鲁棒最优S2*（本文主策略）,268,localized,41.6036,41.6036,608.8283,1005.0999,-592.4543,811.9259,0.604426,-0.992659,156.2134,528.0551,1192.7246,201.0200
鲁棒最优S2*（本文主策略）,269,localized,35.1291,35.1291,523.1430,1005.0999,-1002.1616,-76.7980,-0.660315,0.225251,215.7425,866.8645,1021.7047,201.0200
鲁棒最优S2*（本文主策略）,270,localized,35.4182,35.4182,519.3348,1005.0999,-962.8887,-288.2206,-0.158604,0.861391,227.5226,800.1219,1033.6796,201.0200
鲁棒最优S2*（本文主策略）,271,localized,85.9884,85.9884,675.6526,1005.0999,-1000.3146,97.9614,0.579933,0.842003,204.5269,1318.9584,1359.8488,201.0200
鲁棒最优S2*（本文主策略）,272,localized,67.9271,67.9271,613.3551,1005.0999,-971.5029,257.6972,0.044999,0.007602,195.7991,1201.6584,1405.7202,201.0200
鲁棒最优S2*（本文主策略）,273,localized,45.5217,45.5217,524.3638,1005.0999,544.6741,844.7224,0.542757,0.786490,87.3435,1010.4671,1193.7543,201.0200
鲁棒最优S2*（本文主策略）,274,localized,40.1202,40.1202,514.1219,1005.0999,-825.2548,-573.7424,0.249108,-0.284472,245.2591,936.0945,1488.3024,201.0200
鲁棒最优S2*（本文主策略）,275,localized,43.7122,43.7122,519.7489,1005.0999,-874.2988,-495.8098,0.468418,0.437039,239.7889,986.8862,1355.0765,201.0200
鲁棒最优S2*（本文主策略）,276,localized,48.6358,48.6358,556.4846,1005.0999,920.6365,-403.3041,-0.640252,0.588718,7.6834,1049.1974,1443.2486,201.0200
鲁棒最优S2*（本文主策略）,277,localized,105.5354,105.5354,756.1778,1005.0999,158.1510,-992.5795,0.854978,0.422934,308.8981,1438.9059,1442.3702,201.0200
鲁棒最优S2*（本文主策略）,278,localized,48.3477,48.3477,697.5711,1005.0999,-8.8365,-1005.0611,0.607272,0.351533,299.5890,387.3085,1023.4705,201.0200
鲁棒最优S2*（本文主策略）,279,localized,35.3484,35.3484,515.7180,1005.0999,-782.6993,-630.5614,0.165042,-0.772366,249.3907,793.6255,1456.2697,201.0200
鲁棒最优S2*（本文主策略）,280,localized,48.0041,48.0041,524.7906,1005.0999,-337.2940,-946.8149,0.816498,0.057953,280.2755,1028.3871,1034.7628,201.0200
鲁棒最优S2*（本文主策略）,281,localized,91.8617,91.8617,726.6376,1005.0999,-956.0741,-310.0777,-0.787740,-0.503796,229.4569,1359.4936,1442.9277,201.0200
鲁棒最优S2*（本文主策略）,282,localized,41.0303,41.0303,599.6894,1005.0999,-1005.0744,-7.1593,0.200864,-0.269486,210.9073,550.7353,1178.2157,201.0200
鲁棒最优S2*（本文主策略）,283,localized,70.4702,70.4702,620.0590,1005.0999,-525.5824,856.7315,0.034699,-0.461451,152.1933,1213.3900,1468.2816,201.0200
鲁棒最优S2*（本文主策略）,284,localized,63.4322,63.4322,608.4837,1005.0999,-470.7517,-888.0420,-0.237119,0.925222,273.0090,1183.4379,1434.9892,201.0200
鲁棒最优S2*（本文主策略）,285,localized,50.2636,50.2636,735.9927,1005.0999,-74.6978,1002.3203,-0.215894,0.086213,125.1780,337.8772,1043.5702,201.0200
鲁棒最优S2*（本文主策略）,286,localized,35.6452,35.6452,532.3091,1005.0999,8.3380,-1005.0653,-0.850639,0.502755,302.0260,774.3010,1402.5592,201.0200
鲁棒最优S2*（本文主策略）,287,localized,52.0925,52.0925,752.7353,1005.0999,765.6155,651.1978,0.666013,0.275743,70.4170,310.2019,1045.8939,201.0200
鲁棒最优S2*（本文主策略）,288,localized,66.5408,66.5408,994.0039,1005.0999,881.2271,483.3887,0.201561,-0.736143,59.2450,12.9027,1034.4570,201.0200
鲁棒最优S2*（本文主策略）,289,localized,38.4048,38.4048,514.3883,1005.0999,-205.5139,983.8648,0.117611,0.635175,132.3809,920.9171,1230.9509,201.0200
鲁棒最优S2*（本文主策略）,290,localized,40.1872,40.1872,521.2823,1005.0999,931.8777,-376.6029,-0.176379,-0.279214,8.8711,938.0249,1074.0932,201.0200
鲁棒最优S2*（本文主策略）,291,localized,46.7478,46.7478,525.8733,1005.0999,-572.0916,826.4001,0.483177,-0.447979,154.9105,1012.2987,1342.2390,201.0200
鲁棒最优S2*（本文主策略）,292,localized,88.5718,88.5718,677.7170,1005.0999,977.0536,235.7796,0.319018,-0.638074,43.9480,1315.3047,1367.9787,201.0200
鲁棒最优S2*（本文主策略）,293,localized,47.1475,47.1475,688.0097,1005.0999,478.5105,883.8855,-0.315343,0.440514,92.5855,408.4744,1134.4164,201.0200
鲁棒最优S2*（本文主策略）,294,localized,35.1057,35.1057,525.9084,1005.0999,351.8969,-941.4852,-0.835971,-0.148069,322.0301,841.8955,1046.2082,201.0200
鲁棒最优S2*（本文主策略）,295,localized,35.8419,35.8419,521.8024,1005.0999,-957.1757,306.6601,0.137231,0.353679,192.7983,760.2030,1139.9812,201.0200
鲁棒最优S2*（本文主策略）,296,localized,65.7858,65.7858,576.8309,1005.0999,-749.8882,669.2484,0.989331,-0.878328,167.9629,1163.7994,1434.7820,201.0200
鲁棒最优S2*（本文主策略）,297,localized,57.7414,57.7414,837.6666,1005.0999,159.6658,-992.3370,-0.063191,0.387919,309.9037,202.3186,1010.9216,201.0200
鲁棒最优S2*（本文主策略）,298,localized,49.0276,49.0276,536.4719,1005.0999,863.8468,-513.8039,0.348071,-0.081822,359.6083,1040.1189,1042.1356,201.0200
鲁棒最优S2*（本文主策略）,299,localized,35.1721,35.1721,524.9660,1005.0999,951.0583,-325.1367,-0.705958,-0.393239,12.5320,822.2259,1468.2022,201.0200
鲁棒最优S2*（本文主策略）,300,localized,49.1085,49.1085,533.2317,1005.0999,938.7201,-359.2079,0.504832,-0.239640,9.2555,1038.4120,1045.2087,201.0200
鲁棒最优S2*（本文主策略）,301,localized,39.2234,39.2234,579.5837,1005.0999,-685.7861,-734.7946,-0.708953,0.528358,258.3848,609.7292,1277.9532,201.0200
鲁棒最优S2*（本文主策略）,302,localized,66.1130,66.1130,610.8764,1005.0999,-582.3841,819.1792,-0.047909,0.348501,156.1583,1194.1239,1362.4830,201.0200
鲁棒最优S2*（本文主策略）,303,localized,42.6279,42.6279,632.7615,1005.0999,-424.2052,911.1947,-0.146833,-0.986402,145.8111,495.7800,1240.8032,201.0200
鲁棒最优S2*（本文主策略）,304,localized,49.2941,49.2941,548.4301,1005.0999,-997.2751,-125.1723,-0.233537,-0.124614,218.0876,1046.0758,1281.9972,201.0200
鲁棒最优S2*（本文主策略）,305,localized,48.4106,48.4106,547.4109,1005.0999,-498.5806,-872.7217,-0.259167,0.328898,271.2201,1041.6780,1175.9953,201.0200
鲁棒最优S2*（本文主策略）,306,localized,42.0572,42.0572,619.6222,1005.0999,-393.1009,-925.0392,-0.835365,0.687333,278.5120,528.6711,1459.3261,201.0200
鲁棒最优S2*（本文主策略）,307,localized,37.6803,37.6803,561.3910,1005.0999,190.8825,986.8078,-0.659144,-0.535015,110.4114,654.3812,1097.7627,201.0200
鲁棒最优S2*（本文主策略）,308,localized,37.5320,37.5320,557.9291,1005.0999,-1003.5540,-55.7239,-0.661738,-0.179498,214.5399,664.1969,1082.1700,201.0200
鲁棒最优S2*（本文主策略）,309,localized,83.2339,83.2339,672.6658,1005.0999,13.2554,1005.0125,0.072847,0.078304,119.8715,1301.1078,1407.5041,201.0200
鲁棒最优S2*（本文主策略）,310,localized,35.1401,35.1401,517.1623,1005.0999,1003.9877,47.2708,-0.239307,0.899896,33.6350,841.4850,1196.1575,201.0200
鲁棒最优S2*（本文主策略）,311,localized,108.3433,108.3433,783.1894,1005.0999,866.4083,509.4727,-0.075110,0.833523,61.2318,1454.2438,1472.1637,201.0200
鲁棒最优S2*（本文主策略）,312,localized,72.8328,72.8328,620.5558,1005.0999,1002.3570,74.2043,0.330034,-0.563270,34.6038,1223.3571,1320.9584,201.0200
鲁棒最优S2*（本文主策略）,313,localized,44.9200,44.9200,668.2914,1005.0999,251.5006,973.1255,-0.671078,-0.482257,106.8803,442.4278,1088.7239,201.0200
鲁棒最优S2*（本文主策略）,314,localized,47.5954,47.5954,706.5981,1005.0999,969.2481,-266.0527,-0.320343,-0.653686,15.6711,380.7434,1155.9324,201.0200
鲁棒最优S2*（本文主策略）,315,localized,42.7115,42.7115,521.7598,1005.0999,-749.5836,-669.5896,0.263400,0.954479,252.2104,980.5220,1076.1405,201.0200
鲁棒最优S2*（本文主策略）,316,localized,46.9265,46.9265,680.6388,1005.0999,-348.9018,942.5992,-0.382879,0.918069,141.3948,420.3334,1158.1128,201.0200
鲁棒最优S2*（本文主策略）,317,localized,48.2588,48.2588,703.3134,1005.0999,-745.6783,-673.9360,0.832455,-0.419494,251.9745,377.5234,1128.6945,201.0200
鲁棒最优S2*（本文主策略）,318,localized,37.6448,37.6448,554.5649,1005.0999,-427.1070,909.8381,-0.023100,-0.929607,145.8700,654.5904,1265.9828,201.0200
鲁棒最优S2*（本文主策略）,319,localized,38.4814,38.4814,572.1416,1005.0999,-751.6926,667.2212,-0.700161,-0.174256,169.8071,627.4318,1006.0391,201.0200
鲁棒最优S2*（本文主策略）,320,localized,70.8700,70.8700,635.3365,1005.0999,-337.3774,-946.7852,-0.173692,0.616585,281.2607,1233.6761,1244.8827,201.0200
鲁棒最优S2*（本文主策略）,321,localized,35.1252,35.1252,525.9819,1005.0999,662.7821,755.6095,-0.844575,0.766117,80.2890,843.9331,1215.3813,201.0200
鲁棒最优S2*（本文主策略）,322,localized,66.8959,66.8959,592.7189,1005.0999,-998.8685,-111.7472,0.690717,-0.103905,216.3926,1184.3948,1331.0983,201.0200
鲁棒最优S2*（本文主策略）,323,localized,41.1977,41.1977,603.5527,1005.0999,724.6591,696.4876,-0.483707,0.719597,75.0481,554.2044,1070.5089,201.0200
鲁棒最优S2*（本文主策略）,324,localized,37.7118,37.7118,543.3192,1005.0999,3.0093,1005.0954,0.766303,-0.306588,119.7622,662.0946,1056.8312,201.0200
鲁棒最优S2*（本文主策略）,325,localized,65.7773,65.7773,632.2986,1005.0999,446.4176,-900.5205,-0.993410,0.236880,328.0625,1203.0060,1240.4390,201.0200
鲁棒最优S2*（本文主策略）,326,localized,35.8822,35.8822,519.1006,1005.0999,868.3402,506.1729,0.318773,0.784647,60.6200,761.8856,1384.9907,201.0200
鲁棒最优S2*（本文主策略）,327,localized,55.8692,55.8692,582.7386,1005.0999,-810.1042,594.9429,-0.827900,-0.605441,175.2342,1108.4257,1248.6030,201.0200
鲁棒最优S2*（本文主策略）,328,localized,60.7018,60.7018,605.6971,1005.0999,-85.2389,1001.4790,-0.982029,-0.544820,126.5469,1152.3146,1378.9059,201.0200
鲁棒最优S2*（本文主策略）,329,localized,39.2070,39.2070,577.4894,1005.0999,-1005.0910,-4.2263,-0.100305,-0.542343,211.0412,601.3829,1331.4834,201.0200
鲁棒最优S2*（本文主策略）,330,localized,35.1872,35.1872,517.6964,1005.0999,-459.2558,-894.0413,-0.192159,-0.247116,273.7033,821.1603,1216.8985,201.0200
鲁棒最优S2*（本文主策略）,331,localized,56.8520,56.8520,841.3298,1005.0999,890.7455,465.6160,0.669131,-0.709390,57.6281,195.7768,1122.7533,201.0200
鲁棒最优S2*（本文主策略）,332,localized,38.2290,38.2290,548.3644,1005.0999,994.5709,-145.1017,0.921213,-0.101783,21.4782,645.4015,1442.9767,201.0200
鲁棒最优S2*（本文主策略）,333,localized,43.7872,43.7872,543.2657,1005.0999,999.3843,-107.0361,-0.815690,0.617149,25.4025,995.0282,1097.7633,201.0200
鲁棒最优S2*（本文主策略）,334,localized,63.3480,63.3480,919.0382,1005.0999,-947.1434,336.3707,0.866823,0.204338,190.2811,100.7869,1223.1268,201.0200
鲁棒最优S2*（本文主策略）,335,localized,62.4645,62.4645,607.8647,1005.0999,1000.2221,-98.9019,-0.506759,0.446195,25.5597,1173.1898,1436.4824,201.0200
鲁棒最优S2*（本文主策略）,336,localized,73.0051,73.0051,648.2780,1005.0999,650.3648,-766.3233,-0.380352,0.448153,341.4010,1249.4451,1492.6312,201.0200
鲁棒最优S2*（本文主策略）,337,localized,64.6259,64.6259,581.8012,1005.0999,-918.8689,407.3153,0.983211,0.619297,185.8101,1173.3289,1480.1179,201.0200
鲁棒最优S2*（本文主策略）,338,localized,35.5938,35.5938,516.9819,1005.0999,995.3938,139.3450,0.204333,0.589491,38.4647,781.7543,1328.6534,201.0200
鲁棒最优S2*（本文主策略）,339,localized,36.1356,36.1356,517.1359,1005.0999,373.4362,-933.1512,-0.229227,0.498796,322.7399,885.7113,1228.0446,201.0200
鲁棒最优S2*（本文主策略）,340,localized,46.0833,46.0833,669.8145,1005.0999,-987.9654,184.7974,0.968978,-0.510814,199.1364,425.3646,1114.9673,201.0200
鲁棒最优S2*（本文主策略）,341,localized,54.3884,54.3884,789.1307,1005.0999,-513.2759,-864.1607,-0.418914,0.586758,270.4103,266.4109,1362.1303,201.0200
鲁棒最优S2*（本文主策略）,342,localized,43.5505,43.5505,640.3308,1005.0999,145.8670,-994.4590,0.171415,-0.605236,308.8732,479.3062,1235.5120,201.0200
鲁棒最优S2*（本文主策略）,343,localized,41.5533,41.5533,514.6366,1005.0999,-137.8948,-995.5957,0.383758,-0.322962,292.4307,953.9694,1141.8077,201.0200
鲁棒最优S2*（本文主策略）,344,localized,36.6580,36.6580,524.5659,1005.0999,976.9806,-236.0818,0.970170,-0.302762,16.1450,709.3180,1361.0767,201.0200
鲁棒最优S2*（本文主策略）,345,localized,35.8073,35.8073,520.0349,1005.0999,591.4342,-812.6693,0.420472,-0.950750,336.3254,751.3626,1168.8124,201.0200
鲁棒最优S2*（本文主策略）,346,localized,40.3782,40.3782,508.0312,1005.0999,-917.9685,-409.3405,0.711919,0.578730,234.0211,946.1854,1419.4409,201.0200
鲁棒最优S2*（本文主策略）,347,localized,44.6911,44.6911,535.3677,1005.0999,572.0681,-826.4163,-0.326147,-0.131710,335.7182,996.3382,1112.6052,201.0200
鲁棒最优S2*（本文主策略）,348,localized,36.5697,36.5697,543.1647,1005.0999,856.8674,-525.3609,-0.664934,0.153350,359.8517,712.1050,1007.4009,201.0200
鲁棒最优S2*（本文主策略）,349,localized,35.7585,35.7585,516.2488,1005.0999,781.3621,-632.2175,0.615983,-0.778798,351.1069,757.1324,1352.1921,201.0200
鲁棒最优S2*（本文主策略）,350,localized,41.7635,41.7635,624.8020,1005.0999,924.0840,-395.3410,-0.963466,-0.482052,8.5013,520.8088,1163.7686,201.0200
鲁棒最优S2*（本文主策略）,351,localized,49.7357,49.7357,719.8742,1005.0999,-899.5803,448.3092,0.918608,-0.026386,183.2919,353.7077,1031.2814,201.0200
鲁棒最优S2*（本文主策略）,352,localized,40.1225,40.1225,520.4222,1005.0999,656.5522,-761.0289,-0.087804,0.264490,341.5727,941.9319,1207.7700,201.0200
鲁棒最优S2*（本文主策略）,353,localized,38.7051,38.7051,552.6181,1005.0999,597.0312,-808.5664,0.868132,0.665137,336.2734,636.5554,1353.0612,201.0200
鲁棒最优S2*（本文主策略）,354,localized,41.6963,41.6963,519.1810,1005.0999,789.1872,-622.4222,0.219563,0.550960,352.2180,964.2853,1197.3097,201.0200
鲁棒最优S2*（本文主策略）,355,localized,35.0777,35.0777,503.4037,1005.0999,10.6869,1005.0431,0.643806,0.779100,119.4470,869.3733,1290.9858,201.0200
鲁棒最优S2*（本文主策略）,356,localized,43.1730,43.1730,537.7606,1005.0999,-221.8881,980.3017,-0.812081,-0.997909,134.2659,971.7698,1412.7069,201.0200
鲁棒最优S2*（本文主策略）,357,localized,40.2254,40.2254,502.6607,1005.0999,-128.1332,-996.8990,0.925628,-0.740511,292.4502,931.9854,1126.8285,201.0200
鲁棒最优S2*（本文主策略）,358,localized,61.9962,61.9962,570.1270,1005.0999,50.4446,1003.8332,0.935045,0.074793,116.8881,1148.3022,1393.1054,201.0200
鲁棒最优S2*（本文主策略）,359,localized,50.5742,50.5742,739.7750,1005.0999,-774.5045,640.6002,-0.996314,0.639063,172.1018,337.1289,1430.2349,201.0200
鲁棒最优S2*（本文主策略）,360,localized,39.4044,39.4044,583.5915,1005.0999,972.7655,252.8894,-0.605060,-0.009380,45.8776,598.3096,1282.0176,201.0200
鲁棒最优S2*（本文主策略）,361,localized,38.5125,38.5125,574.5764,1005.0999,-292.2202,961.6825,-0.927094,-0.008856,138.5292,627.0363,1227.4418,201.0200
鲁棒最优S2*（本文主策略）,362,localized,35.0796,35.0796,504.8284,1005.0999,19.5255,1004.9102,0.562263,-0.362016,119.0246,855.4772,1250.2610,201.0200
鲁棒最优S2*（本文主策略）,363,localized,37.3370,37.3370,520.2869,1005.0999,-411.5498,916.9801,-0.364902,0.246958,145.2359,902.3125,1146.0246,201.0200
鲁棒最优S2*（本文主策略）,364,localized,76.1461,76.1461,627.1749,1005.0999,-334.1623,-947.9247,0.570936,-0.457813,280.7105,1241.8915,1283.8569,201.0200
鲁棒最优S2*（本文主策略）,365,localized,85.1045,85.1045,678.9017,1005.0999,696.9490,-724.2153,0.097148,0.059409,344.5037,1311.3019,1368.5340,201.0200
鲁棒最优S2*（本文主策略）,366,localized,35.5072,35.5072,529.2888,1005.0999,-969.2651,265.9907,-0.775864,0.681708,196.1302,788.4400,1427.2050,201.0200
鲁棒最优S2*（本文主策略）,367,localized,38.5959,38.5959,559.1764,1005.0999,997.6711,-121.9765,0.685440,-0.616361,23.0441,625.5708,1004.9471,201.0200
鲁棒最优S2*（本文主策略）,368,localized,47.8909,47.8909,697.0600,1005.0999,-976.9310,-236.2872,-0.611494,0.830690,224.9083,397.1355,1194.2632,201.0200
鲁棒最优S2*（本文主策略）,369,localized,36.5039,36.5039,526.6177,1005.0999,-679.9047,740.2401,0.718013,-0.700531,162.5492,712.3448,1171.4046,201.0200
鲁棒最优S2*（本文主策略）,370,localized,35.6118,35.6118,523.7567,1005.0999,988.0136,-184.5400,-0.219432,0.138104,20.3397,775.1013,1438.9984,201.0200
鲁棒最优S2*（本文主策略）,371,localized,43.3085,43.3085,622.0439,1005.0999,-904.7005,-437.8844,0.906944,0.218798,235.6205,501.3938,1197.0032,201.0200
鲁棒最优S2*（本文主策略）,372,localized,49.1101,49.1101,562.6067,1005.0999,338.1196,946.5204,-0.788179,0.981806,101.8302,1059.3729,1192.8839,201.0200
鲁棒最优S2*（本文主策略）,373,localized,47.6550,47.6550,680.1671,1005.0999,-291.9812,-961.7551,0.803763,0.843811,283.0084,411.2925,1142.9993,201.0200
鲁棒最优S2*（本文主策略）,374,localized,36.1884,36.1884,521.7140,1005.0999,-672.8480,746.6601,0.583031,-0.017305,162.1404,735.8444,1017.2632,201.0200
鲁棒最优S2*（本文主策略）,375,localized,35.0859,35.0859,513.0688,1005.0999,243.1177,-975.2536,0.025906,-0.721174,314.6719,846.5517,1035.8794,201.0200
鲁棒最优S2*（本文主策略）,376,localized,36.4263,36.4263,538.6828,1005.0999,-524.9493,857.1196,-0.321516,-0.613626,152.5072,713.4680,1156.0423,201.0200
鲁棒最优S2*（本文主策略）,377,localized,93.6531,93.6531,680.2118,1005.0999,383.7378,-928.9624,0.968090,-0.179093,322.1766,1335.6166,1374.6868,201.0200
鲁棒最优S2*（本文主策略）,378,localized,55.9137,55.9137,584.3570,1005.0999,-790.1699,-621.1742,-0.538822,0.932451,249.4107,1123.5140,1221.6919,201.0200
鲁棒最优S2*（本文主策略）,379,localized,45.5325,45.5325,533.0374,1005.0999,-45.4216,1004.0730,-0.034149,0.047883,123.3243,1006.3415,1047.7296,201.0200
鲁棒最优S2*（本文主策略）,380,localized,70.1016,70.1016,625.3061,1005.0999,-867.8643,506.9885,-0.005346,0.294030,180.4127,1221.4087,1339.7509,201.0200
鲁棒最优S2*（本文主策略）,381,localized,45.8318,45.8318,668.1624,1005.0999,264.9175,-969.5589,0.029142,0.206292,315.9531,436.0446,1247.8313,201.0200
鲁棒最优S2*（本文主策略）,382,localized,41.0872,41.0872,583.9484,1005.0999,-878.4263,-488.4599,0.999956,0.896445,238.7768,568.0930,1310.8819,201.0200
鲁棒最优S2*（本文主策略）,383,localized,46.3044,46.3044,670.2081,1005.0999,991.4277,165.2178,0.588314,0.136619,39.5729,427.9689,1206.5368,201.0200
鲁棒最优S2*（本文主策略）,384,localized,36.9138,36.9138,552.7873,1005.0999,995.6397,-137.5770,-0.922653,-0.345190,23.7554,688.9841,1444.7625,201.0200
鲁棒最优S2*（本文主策略）,385,localized,35.1228,35.1228,527.3692,1005.0999,-680.1438,740.0205,-0.932614,0.309020,164.2183,840.4076,1414.1074,201.0200
鲁棒最优S2*（本文主策略）,386,localized,49.2831,49.2831,716.1453,1005.0999,-286.1617,963.5026,0.000354,0.391423,137.2411,364.6907,1047.4844,201.0200
鲁棒最优S2*（本文主策略）,387,localized,42.4062,42.4062,614.2425,1005.0999,53.7709,-1003.6605,0.262303,0.444750,303.5044,523.0303,1289.4094,201.0200
鲁棒最优S2*（本文主策略）,388,localized,40.1389,40.1389,588.3620,1005.0999,-883.6784,478.8927,-0.332421,0.475534,182.5778,582.5197,1285.6345,201.0200
鲁棒最优S2*（本文主策略）,389,localized,54.9094,54.9094,575.7182,1005.0999,502.5076,-870.4665,-0.548343,-0.048679,331.2456,1103.4173,1287.4949,201.0200
鲁棒最优S2*（本文主策略）,390,localized,35.3867,35.3867,516.8747,1005.0999,984.4309,-202.7847,-0.241868,0.262003,19.3022,871.4012,1429.4537,201.0200
鲁棒最优S2*（本文主策略）,391,localized,37.9154,37.9154,549.8904,1005.0999,-402.5349,-920.9731,0.294613,0.284805,276.7964,658.0395,1104.6938,201.0200
鲁棒最优S2*（本文主策略）,392,localized,36.3198,36.3198,533.9457,1005.0999,-359.9712,-938.4277,-0.167012,-0.174806,279.8807,724.2135,1161.9707,201.0200
鲁棒最优S2*（本文主策略）,393,localized,38.9287,38.9287,565.7211,1005.0999,946.6489,-337.7597,0.568188,-0.621371,10.4957,613.4154,1429.4907,201.0200
鲁棒最优S2*（本文主策略）,394,localized,59.7250,59.7250,594.2283,1005.0999,284.1325,-964.1030,-0.395798,0.477528,317.5167,1149.8740,1279.3375,201.0200
鲁棒最优S2*（本文主策略）,395,localized,35.3020,35.3020,503.6332,1005.0999,-707.9580,-713.4573,0.628782,0.106820,255.2929,868.5303,1102.7234,201.0200
鲁棒最优S2*（本文主策略）,396,localized,51.9061,51.9061,543.5967,1005.0999,809.0802,596.3347,0.433875,-0.291442,66.6583,1065.2443,1245.2505,201.0200
鲁棒最优S2*（本文主策略）,397,localized,45.4332,45.4332,513.7054,1005.0999,-943.3523,346.8604,0.986304,-0.195556,189.5258,998.2256,1081.4860,201.0200
鲁棒最优S2*（本文主策略）,398,localized,57.3158,57.3158,847.8103,1005.0999,-447.9288,-899.7697,0.193539,-0.541070,274.0411,188.8740,1147.5268,201.0200
鲁棒最优S2*（本文主策略）,399,localized,38.9698,38.9698,561.1056,1005.0999,-697.5686,723.6186,0.503654,0.613586,164.1462,625.2418,1365.8758,201.0200
风险中性最优（对照）,0,localized,135.6145,135.6145,739.2941,1147.2794,1125.0124,224.9381,0.243282,0.401396,22.3734,420.2127,1215.6789,229.4559
风险中性最优（对照）,1,localized,46.7765,46.7765,217.8590,1147.2794,1119.3141,-251.7657,0.755708,-0.836727,357.8777,1185.3384,1299.4520,229.4559
风险中性最优（对照）,2,localized,53.4000,53.4000,295.8778,1147.2794,-590.9344,-983.3853,0.127649,0.316142,250.1798,930.4587,1243.5681,229.4559
风险中性最优（对照）,3,localized,95.4116,95.4116,353.4986,1147.2794,1123.1130,234.2376,-0.004837,-0.910582,23.0956,1397.5494,1404.7522,229.4559
风险中性最优（对照）,4,localized,42.7813,42.7813,241.5926,1147.2794,1108.6485,-295.2093,-0.051362,-0.118904,356.4506,1039.4328,1455.8636,229.4559
风险中性最优（对照）,5,localized,136.8819,136.8819,811.0039,1147.2794,851.7575,768.6086,-0.504767,-0.676482,53.8772,346.7343,1063.6914,229.4559
风险中性最优（对照）,6,localized,137.1657,137.1657,810.2967,1147.2794,-253.2157,1118.9870,-0.667997,-0.551883,114.7286,347.7754,1067.1680,229.4559
风险中性最优（对照）,7,localized,90.4870,90.4870,537.6969,1147.2794,882.1177,-733.5655,-0.892992,-0.347364,332.4562,641.4516,1225.8454,229.4559
风险中性最优（对照）,8,localized,76.0968,76.0968,434.6560,1147.2794,-633.9397,-956.2272,-0.699077,0.865744,248.4663,758.9304,1116.5329,229.4559
风险中性最优（对照）,9,localized,61.4058,61.4058,354.8002,1147.2794,-71.5887,-1145.0437,-0.163761,-0.827517,277.8962,852.6883,1037.7904,229.4559
风险中性最优（对照）,10,localized,139.3380,139.3380,802.9913,1147.2794,625.0776,962.0436,-0.580309,-0.159763,68.8769,355.2533,1180.7789,229.4559
风险中性最优（对照）,11,localized,81.2153,81.2153,323.6763,1147.2794,1143.8038,89.2348,0.127566,0.562479,15.6433,1360.5779,1373.6150,229.4559
风险中性最优（对照）,12,localized,72.1500,72.1500,411.7745,1147.2794,-971.1427,-610.8452,-0.497693,0.554266,223.9774,784.7069,1107.0536,229.4559
风险中性最优（对照）,13,localized,50.7787,50.7787,281.4719,1147.2794,-680.6136,-923.5881,0.060484,0.683507,244.8621,954.5486,1183.6276,229.4559
风险中性最优（对照）,14,localized,52.8538,52.8538,273.9586,1147.2794,-649.1994,945.9335,0.995427,0.322058,134.7765,947.4791,1429.2412,229.4559
风险中性最优（对照）,15,localized,164.2601,164.2601,880.0446,1147.2794,-1090.0193,-357.9216,-0.512387,0.870459,210.0006,274.8691,1070.1150,229.4559
风险中性最优（对照）,16,localized,51.1801,51.1801,289.7666,1147.2794,-1099.3269,328.2230,-0.229219,0.670874,174.9153,947.1871,1224.6156,229.4559
风险中性最优（对照）,17,localized,70.4316,70.4316,388.7658,1147.2794,902.6381,708.1627,-0.042706,0.827175,49.4685,808.3895,1428.9288,229.4559
风险中性最优（对照）,18,localized,132.2386,132.2386,716.7509,1147.2794,753.2885,-865.3360,0.574412,0.297077,321.7756,443.0502,1045.8684,229.4559
风险中性最优（对照）,19,localized,55.9806,55.9806,330.8753,1147.2794,601.5294,976.9403,-0.571490,-0.681650,70.2597,891.0030,1313.2764,229.4559
风险中性最优（对照）,20,localized,45.8449,45.8449,252.4688,1147.2794,1098.1778,332.0475,-0.898987,0.002177,29.0323,1191.1490,1418.5753,229.4559
风险中性最优（对照）,21,localized,75.7720,75.7720,294.0084,1147.2794,335.7888,1097.0396,0.670800,0.989519,83.6205,1331.4586,1358.4924,229.4559
风险中性最优（对照）,22,localized,94.2646,94.2646,538.5398,1147.2794,-614.1341,969.0662,-0.290068,-0.061333,133.9640,637.2193,1333.7048,229.4559
风险中性最优（对照）,23,localized,55.0322,55.0322,248.4276,1147.2794,-822.1472,-800.2025,0.255857,-0.406936,235.2791,1241.4392,1336.2100,229.4559
风险中性最优（对照）,24,localized,83.4759,83.4759,489.4497,1147.2794,727.6785,886.9802,-0.696197,-0.176375,62.6407,694.8591,1308.1274,229.4559
风险中性最优（对照）,25,localized,96.7504,96.7504,518.9727,1147.2794,-1078.1027,-392.3577,0.768234,0.178128,210.5398,653.2828,1370.7592,229.4559
风险中性最优（对照）,26,localized,40.3185,40.3185,234.1594,1147.2794,1090.8971,355.2374,-0.402901,0.409563,29.7500,1099.1884,1368.8053,229.4559
风险中性最优（对照）,27,localized,168.5875,168.5875,913.8555,1147.2794,-150.8928,-1137.3132,-0.450971,0.636424,274.2033,239.7651,1378.8531,229.4559
风险中性最优（对照）,28,localized,76.7013,76.7013,455.0450,1147.2794,-598.2735,978.9376,-0.860568,-0.219245,133.6015,736.0534,1324.4620,229.4559
风险中性最优（对照）,29,localized,105.5197,105.5197,600.7733,1147.2794,-369.9954,-1085.9804,0.068252,-0.374686,262.4276,567.6788,1221.4049,229.4559
风险中性最优（对照）,30,localized,168.1662,168.1662,961.4526,1147.2794,-896.2951,716.1739,-0.235877,-0.192135,152.9196,190.4361,1145.1937,229.4559
风险中性最优（对照）,31,localized,69.6892,69.6892,372.2784,1147.2794,1097.4468,-334.4555,0.949730,-0.461300,353.4112,818.7000,1328.4043,229.4559
风险中性最优（对照）,32,localized,55.7360,55.7360,240.4559,1147.2794,-183.2856,1132.5442,0.773389,0.916535,109.7293,1245.4305,1347.0574,229.4559
风险中性最优（对照）,33,localized,42.3132,42.3132,247.4240,1147.2794,1147.1462,-17.4829,-0.519048,0.250582,10.9558,1046.0519,1436.5989,229.4559
风险中性最优（对照）,34,localized,50.6636,50.6636,250.7566,1147.2794,-772.8688,847.8938,-0.211897,0.743638,143.8715,1225.9688,1419.8553,229.4559
风险中性最优（对照）,35,localized,61.5863,61.5863,334.7517,1147.2794,-783.9644,837.6454,0.257920,0.777908,144.1560,873.6367,1197.1975,229.4559
风险中性最优（对照）,36,localized,59.6304,59.6304,316.3840,1147.2794,-860.2511,-759.0903,0.930668,-0.457458,231.8046,888.9754,1031.8554,229.4559
风险中性最优（对照）,37,localized,40.1312,40.1312,237.6627,1147.2794,-677.5645,925.8274,-0.629568,0.294166,138.1379,1110.2280,1111.1616,229.4559
风险中性最优（对照）,38,localized,44.0307,44.0307,242.7625,1147.2794,1143.7730,89.6292,0.156412,0.829313,15.6342,1027.2150,1373.9745,229.4559
风险中性最优（对照）,39,localized,47.8179,47.8179,283.2680,1147.2794,1040.9407,-482.3820,-0.817805,0.632954,347.2643,972.8677,1020.0942,229.4559
风险中性最优（对照）,40,localized,48.6489,48.6489,288.4167,1147.2794,-1115.1639,269.5542,-0.757230,0.117288,178.4784,961.7500,1184.0600,229.4559
风险中性最优（对照）,41,localized,63.4719,63.4719,384.4327,1147.2794,-896.0620,-716.4655,-0.867800,-0.962985,230.8226,822.7689,1261.9453,229.4559
风险中性最优（对照）,42,localized,83.6188,83.6188,317.8238,1147.2794,-64.1391,1145.4851,0.520863,0.856340,103.9939,1361.2819,1498.5670,229.4559
风险中性最优（对照）,43,localized,47.0191,47.0191,273.3217,1147.2794,769.2828,851.1486,-0.379675,-0.499054,59.5818,979.7075,1220.9163,229.4559
风险中性最优（对照）,44,localized,95.4805,95.4805,336.2789,1147.2794,437.0491,-1060.7724,0.516709,-0.568713,303.1854,1385.6818,1427.8000,229.4559
风险中性最优（对照）,45,localized,97.3319,97.3319,566.6788,1147.2794,-1146.3611,-45.8937,0.063469,-0.970800,193.5390,604.6151,1331.4967,229.4559
风险中性最优（对照）,46,localized,59.4375,59.4375,335.2582,1147.2794,530.8395,1017.0838,-0.232372,0.633260,73.9812,879.7426,1121.5398,229.4559
风险中性最优（对照）,47,localized,107.5368,107.5368,611.1008,1147.2794,1094.6284,-343.5677,-0.727211,0.462553,354.6118,559.7382,1050.8626,229.4559
风险中性最优（对照）,48,localized,159.5364,159.5364,915.3911,1147.2794,-1050.6362,460.8834,-0.124272,-0.272924,167.7485,237.8234,1064.4481,229.4559
风险中性最优（对照）,49,localized,152.4782,152.4782,828.4951,1147.2794,-1097.6764,333.7013,0.600818,0.288212,173.7995,326.7016,1177.9894,229.4559
风险中性最优（对照）,50,localized,95.3445,95.3445,508.9773,1147.2794,-1098.9873,-329.3584,0.852923,0.170835,207.1401,663.7909,1480.8471,229.4559
风险中性最优（对照）,51,localized,58.7606,58.7606,309.5131,1147.2794,-1138.9626,137.8921,0.709809,0.746215,183.6970,901.2988,1135.8907,229.4559
风险中性最优（对照）,52,localized,59.4702,59.4702,318.2201,1147.2794,745.3897,872.1492,0.908175,-0.799586,59.8826,886.8533,1216.3460,229.4559
风险中性最优（对照）,53,no_signal,1500.1130,,1075.6166,1147.2794,1024.4601,-516.4605,0.117159,,344.4388,73.1478,1043.5484,229.4559
风险中性最优（对照）,54,localized,69.6235,69.6235,386.5804,1147.2794,993.4276,573.8917,-0.116302,0.788476,41.4408,811.8322,1070.4476,229.4559
风险中性最优（对照）,55,localized,83.5102,83.5102,493.6306,1147.2794,-626.4334,-961.1614,-0.594452,-0.596363,248.8102,689.4038,1236.1484,229.4559
风险中性最优（对照）,56,localized,42.6810,42.6810,232.8460,1147.2794,-538.5113,-1013.0427,0.362823,-0.033832,252.9530,1044.2485,1149.4679,229.4559
风险中性最优（对照）,57,localized,55.8818,55.8818,306.1280,1147.2794,324.1085,1100.5470,0.483645,-0.538889,84.4167,909.4289,1021.4485,229.4559
风险中性最优（对照）,58,localized,65.1444,65.1444,343.2247,1147.2794,878.9522,-737.3555,0.796867,0.454281,330.5197,856.0219,1038.4913,229.4559
风险中性最优（对照）,59,localized,123.5977,123.5977,654.3503,1147.2794,-401.8694,-1074.5934,0.762128,0.580764,260.0433,508.1614,1087.9706,229.4559
风险中性最优（对照）,60,localized,162.4690,162.4690,968.9965,1147.2794,-1129.8817,199.0410,-0.032534,-0.834303,181.3517,182.5126,1144.7831,229.4559
风险中性最优（对照）,61,localized,67.9136,67.9136,363.0800,1147.2794,959.7945,-628.5256,0.750112,0.009899,337.3409,831.8410,1274.8428,229.4559
风险中性最优（对照）,62,localized,57.0959,57.0959,247.1132,1147.2794,-578.1508,990.9549,0.494534,-0.597072,131.0759,1248.2211,1393.4766,229.4559
风险中性最优（对照）,63,localized,172.8612,172.8612,1009.0828,1147.2794,772.2302,848.4754,0.916431,0.629403,58.0870,140.8272,1165.3279,229.4559
风险中性最优（对照）,64,localized,44.9852,44.9852,245.9716,1147.2794,1050.0895,-462.1278,-0.710062,-0.392515,348.2665,1180.5815,1199.2516,229.4559
风险中性最优（对照）,65,localized,44.8692,44.8692,240.8955,1147.2794,-780.5706,-840.8089,-0.475650,-0.258146,238.9133,1178.9449,1464.4462,229.4559
风险中性最优（对照）,66,localized,77.2088,77.2088,309.1989,1147.2794,742.6384,-874.4931,0.071223,-0.546779,321.5773,1338.8354,1488.6349,229.4559
风险中性最优（对照）,67,localized,125.6777,125.6777,718.1846,1147.2794,-265.6940,1116.0899,-0.965186,0.311698,115.6656,445.5558,1259.1465,229.4559
风险中性最优（对照）,68,localized,71.6496,71.6496,322.7986,1147.2794,-629.0030,959.4817,-0.782832,-0.282479,135.3402,1337.2997,1377.7037,229.4559
风险中性最优（对照）,69,localized,55.9265,55.9265,265.3275,1147.2794,849.4927,-771.1110,-0.187381,0.977626,329.2663,1258.8131,1344.7853,229.4559
风险中性最优（对照）,70,localized,71.4981,71.4981,409.1670,1147.2794,383.7095,-1081.2109,-0.568208,0.624921,301.4173,788.5683,1149.8990,229.4559
风险中性最优（对照）,71,localized,73.7206,73.7206,433.7000,1147.2794,-732.1997,883.2517,-0.805425,0.022689,141.7735,761.0114,1445.8587,229.4559
风险中性最优（对照）,72,localized,106.2846,106.2846,569.5176,1147.2794,1138.7167,139.9080,0.650030,0.397660,17.6644,598.9805,1285.2492,229.4559
风险中性最优（对照）,73,localized,55.7452,55.7452,310.1094,1147.2794,755.8285,863.1183,0.315697,-0.721108,59.7858,906.4608,1497.0776,229.4559
风险中性最优（对照）,74,localized,127.2309,127.2309,701.2032,1147.2794,14.7890,-1147.1841,-0.753918,0.899730,282.8024,463.0111,1058.8711,229.4559
风险中性最优（对照）,75,localized,46.6585,46.6585,266.2621,1147.2794,-524.3421,1020.4486,-0.274258,0.528323,128.7799,990.4206,1171.6797,229.4559
风险中性最优（对照）,76,localized,67.6225,67.6225,408.0925,1147.2794,474.9951,1044.3322,-0.817025,-0.923881,77.6694,792.3607,1387.9486,229.4559
风险中性最优（对照）,77,localized,126.4779,126.4779,685.9054,1147.2794,121.9280,-1140.7820,0.916147,0.024111,286.4945,474.5240,1142.1365,229.4559
风险中性最优（对照）,78,localized,78.9295,78.9295,413.9814,1147.2794,214.8757,-1126.9776,0.742843,0.805634,291.3619,771.2918,1185.3799,229.4559
风险中性最优（对照）,79,localized,71.7566,71.7566,412.2439,1147.2794,-1129.8743,-199.0830,-0.434333,0.152801,201.7372,783.5376,1080.3067,229.4559
风险中性最优（对照）,80,localized,67.8497,67.8497,396.6048,1147.2794,-60.1223,-1145.7030,-0.391305,-0.635489,278.6973,802.2575,1231.3338,229.4559
风险中性最优（对照）,81,localized,76.9487,76.9487,426.4623,1147.2794,1005.0417,-553.3003,0.695178,-0.953758,341.7809,757.2310,1304.7607,229.4559
风险中性最优（对照）,82,localized,78.5560,78.5560,409.4550,1147.2794,-164.0747,1135.4865,0.794258,0.906075,108.7379,776.1417,1321.8396,229.4559
风险中性最优（对照）,83,localized,91.4509,91.4509,519.5154,1147.2794,-910.2960,698.2917,-0.877152,0.945310,154.6951,661.8180,1211.7598,229.4559
风险中性最优（对照）,84,localized,41.4363,41.4363,219.5517,1147.2794,-1035.2136,494.5532,0.728885,-0.704093,165.0458,1065.9581,1077.1375,229.4559
风险中性最优（对照）,85,localized,70.1836,70.1836,423.2393,1147.2794,-848.5982,-772.0953,-0.791284,-0.946354,234.3986,773.5268,1173.4065,229.4559
风险中性最优（对照）,86,localized,57.9105,57.9105,340.1138,1147.2794,822.7328,-799.6003,-0.751499,0.326278,327.8783,880.6970,1410.2699,229.4559
风险中性最优（对照）,87,localized,48.8422,48.8422,271.5272,1147.2794,-1026.2172,-512.9604,0.140452,0.012117,217.7279,969.5491,1232.7145,229.4559
风险中性最优（对照）,88,localized,44.5719,44.5719,249.4574,1147.2794,-860.1779,-759.1732,0.111358,-0.548692,232.6295,1013.2596,1075.8270,229.4559
风险中性最优（对照）,89,localized,59.1255,59.1255,338.8229,1147.2794,-601.5520,976.9264,-0.568466,0.991424,133.5015,879.7435,1158.2183,229.4559
风险中性最优（对照）,90,localized,131.4855,131.4855,794.0164,1147.2794,643.2633,-949.9802,-0.870097,-0.849884,316.2833,365.2326,1165.8102,229.4559
风险中性最优（对照）,91,localized,41.0424,41.0424,229.7230,1147.2794,590.1349,-983.8652,-0.223671,-0.505232,312.4895,1136.4773,1352.4500,229.4559
风险中性最优（对照）,92,localized,90.6365,90.6365,506.3829,1147.2794,396.6479,1076.5317,-0.352454,0.688585,81.4361,673.4407,1356.5542,229.4559
风险中性最优（对照）,93,localized,52.1806,52.1806,292.5447,1147.2794,-1143.0003,-98.9961,-0.041684,0.369819,196.3017,938.8563,1238.2300,229.4559
风险中性最优（对照）,94,localized,109.5185,109.5185,606.4974,1147.2794,-985.8179,-586.8671,-0.025118,0.357057,222.1008,561.8809,1045.8640,229.4559
风险中性最优（对照）,95,localized,108.6596,108.6596,583.7844,1147.2794,-488.7955,1037.9446,0.646684,0.348468,125.8802,583.6499,1111.2467,229.4559
风险中性最优（对照）,96,localized,43.7749,43.7749,237.6381,1147.2794,-290.1547,1109.9821,0.425771,-0.003519,115.5337,1028.9597,1087.6039,229.4559
风险中性最优（对照）,97,localized,62.0434,62.0434,265.0853,1147.2794,237.3673,1122.4557,0.242293,-0.831968,89.1271,1273.4686,1451.6237,229.4559
风险中性最优（对照）,98,localized,98.9303,98.9303,567.0193,1147.2794,971.6913,609.9722,0.418278,-0.978278,43.0099,602.6691,1452.8593,229.4559
风险中性最优（对照）,99,localized,43.9209,43.9209,265.2020,1147.2794,-285.3091,1111.2375,-0.994516,0.481214,116.7041,1018.1850,1276.5310,229.4559
风险中性最优（对照）,100,localized,97.8504,97.8504,527.0015,1147.2794,478.1683,1042.8831,0.331610,0.670584,76.3466,646.7057,1106.9787,229.4559
风险中性最优（对照）,101,localized,154.1072,154.1072,809.6370,1147.2794,73.3741,-1144.9307,0.206636,0.983771,284.7701,346.8965,1387.1133,229.4559
风险中性最优（对照）,102,localized,71.0569,71.0569,394.6398,1147.2794,866.6571,751.7682,0.221565,-0.081148,52.0279,798.6689,1001.3763,229.4559
风险中性最优（对照）,103,localized,58.6659,58.6659,281.2542,1147.2794,861.4953,757.6780,-0.606774,0.017187,53.2481,1274.1515,1307.0870,229.4559
风险中性最优（对照）,104,localized,54.4116,54.4116,284.6213,1147.2794,-1063.9718,-429.2016,0.898891,0.272623,212.3800,933.3880,1017.6875,229.4559
风险中性最优（对照）,105,localized,142.2115,142.2115,749.7453,1147.2794,-1023.7733,-517.8206,0.384613,0.891269,217.7554,408.9640,1168.3785,229.4559
风险中性最优（对照）,106,localized,73.6155,73.6155,428.2709,1147.2794,784.9421,836.7292,-0.843129,0.537804,58.9821,767.9019,1182.9939,229.4559
风险中性最优（对照）,107,localized,66.6470,66.6470,389.0655,1147.2794,1031.0082,503.2614,-0.920577,0.813914,38.2487,817.4294,1133.1740,229.4559
风险中性最优（对照）,108,localized,70.1654,70.1654,400.7255,1147.2794,-890.1601,-723.7852,0.082987,-0.834956,230.3414,792.6288,1424.4947,229.4559
风险中性最优（对照）,109,localized,46.6569,46.6569,225.2426,1147.2794,-507.4744,1028.9411,0.461277,0.317616,127.1012,1190.8531,1335.0386,229.4559
风险中性最优（对照）,110,localized,41.8700,41.8700,245.9551,1147.2794,-746.4346,-871.2551,-0.571948,0.257594,241.2941,1054.1806,1292.4468,229.4559
风险中性最优（对照）,111,localized,69.3168,69.3168,362.9902,1147.2794,-1128.6955,-205.6608,0.963713,0.265286,200.6729,829.7829,1024.8809,229.4559
风险中性最优（对照）,112,localized,86.4645,86.4645,317.6268,1147.2794,-907.4749,701.9539,0.676421,0.601523,152.9107,1364.3659,1408.7248,229.4559
风险中性最优（对照）,113,localized,84.4976,84.4976,474.2959,1147.2794,144.3921,-1138.1568,-0.012911,0.056628,288.5530,707.5556,1328.9897,229.4559
风险中性最优（对照）,114,localized,42.2812,42.2812,249.4952,1147.2794,-852.0254,-768.3116,-0.670236,0.721467,234.0226,1047.8928,1058.6504,229.4559
风险中性最优（对照）,115,localized,44.9583,44.9583,244.2787,1147.2794,1005.5167,552.4366,-0.629695,-0.325529,40.7243,1180.2260,1249.5452,229.4559
风险中性最优（对照）,116,localized,47.9484,47.9484,217.9059,1147.2794,-1102.5056,-317.3820,0.929443,0.462928,206.4402,1197.4158,1282.3104,229.4559
风险中性最优（对照）,117,localized,91.0314,91.0314,503.3228,1147.2794,1001.5506,559.5948,-0.122724,0.643686,40.6260,675.4955,1207.7545,229.4559
风险中性最优（对照）,118,localized,98.2093,98.2093,571.6356,1147.2794,831.8937,-790.0651,-0.158647,-0.699661,327.9459,600.2246,1029.2018,229.4559
风险中性最优（对照）,119,localized,47.6728,47.6728,251.8055,1147.2794,-932.4832,-668.3749,0.792021,-0.061260,226.1497,988.1954,1449.5765,229.4559
风险中性最优（对照）,120,localized,88.9002,88.9002,508.3723,1147.2794,521.8718,-1021.7142,-0.335037,-0.005050,308.7020,671.0995,1350.5946,229.4559
风险中性最优（对照）,121,localized,166.9273,166.9273,916.1363,1147.2794,-1133.3730,-178.0888,-0.743200,0.537745,200.9831,237.7300,1254.1499,229.4559
风险中性最优（对照）,122,localized,99.7351,99.7351,571.1229,1147.2794,-638.6900,953.0609,-0.974740,0.659395,136.1125,604.6823,1002.5622,229.4559
风险中性最优（对照）,123,localized,105.9955,105.9955,569.2598,1147.2794,930.2336,671.5024,0.556249,0.451003,46.5779,599.6546,1444.9643,229.4559
风险中性最优（对照）,124,localized,40.1370,40.1370,238.4564,1147.2794,757.1276,-861.9790,-0.670035,0.374121,323.2747,1110.0200,1165.1411,229.4559
风险中性最优（对照）,125,localized,42.4319,42.4319,238.2777,1147.2794,783.4863,838.0927,-0.014019,0.302469,58.2526,1047.3092,1282.7359,229.4559
风险中性最优（对照）,126,localized,103.9489,103.9489,555.0188,1147.2794,-740.1061,-876.6373,0.982038,0.079018,240.1550,613.1920,1132.8908,229.4559
风险中性最优（对照）,127,localized,144.6947,144.6947,784.0300,1147.2794,-1105.4475,306.9786,0.771633,0.230498,175.0185,372.4979,1260.5491,229.4559
风险中性最优（对照）,128,localized,42.6075,42.6075,236.1394,1147.2794,992.1551,-576.0887,-0.468515,-0.995495,341.6371,1153.3899,1365.1810,229.4559
风险中性最优（对照）,129,localized,59.9580,59.9580,321.4179,1147.2794,-762.1184,-857.5695,0.818939,-0.541958,238.8636,883.8241,1319.9999,229.4559
风险中性最优（对照）,130,localized,41.4141,41.4141,236.9185,1147.2794,-720.3906,892.9095,-0.547615,0.640370,140.7538,1146.3803,1267.6127,229.4559
风险中性最优（对照）,131,localized,41.1484,41.1484,220.8752,1147.2794,445.9725,1057.0518,0.560464,-0.456999,77.8745,1072.4076,1144.4434,229.4559
风险中性最优（对照）,132,localized,48.5334,48.5334,277.8895,1147.2794,-985.1726,-587.9497,-0.107477,-0.882564,222.2461,964.4395,1329.8721,229.4559
风险中性最优（对照）,133,localized,164.3938,164.3938,883.7549,1147.2794,201.4307,1129.4581,-0.959448,0.958098,92.1574,271.6153,1446.9806,229.4559
风险中性最优（对照）,134,no_signal,1500.1130,,1062.7806,1147.2794,719.9234,-893.2863,-0.705288,,320.8815,86.5476,1023.1840,229.4559
风险中性最优（对照）,135,localized,106.5685,106.5685,635.9408,1147.2794,-1027.8620,-509.6565,-0.527619,-0.875512,218.2117,532.0919,1313.4993,229.4559
风险中性最优（对照）,136,localized,129.2709,129.2709,697.7775,1147.2794,549.6065,-1007.0664,0.140233,0.669646,309.7932,464.1093,1450.5948,229.4559
风险中性最优（对照）,137,localized,51.1488,51.1488,268.6370,1147.2794,-244.8444,1120.8484,-0.937446,0.449142,114.5698,1234.8964,1466.2418,229.4559
风险中性最优（对照）,138,localized,83.8698,83.8698,479.5938,1147.2794,1116.1150,265.5885,-0.364170,0.070109,25.0592,703.8825,1469.3996,229.4559
风险中性最优（对照）,139,localized,163.4486,163.4486,925.6884,1147.2794,1146.8646,30.8478,-0.117282,-0.082836,12.9680,227.1896,1074.9381,229.4559
风险中性最优（对照）,140,localized,52.6743,52.6743,282.4324,1147.2794,-579.5179,-990.1561,0.482541,0.742716,250.4878,944.3165,1215.0917,229.4559
风险中性最优（对照）,141,localized,70.2463,70.2463,393.3665,1147.2794,362.1793,-1088.6120,-0.172824,0.571268,299.8849,804.0443,1284.5682,229.4559
风险中性最优（对照）,142,localized,40.3461,40.3461,213.6701,1147.2794,1002.5702,-557.7660,0.576843,-0.929152,341.6443,1125.4119,1268.5104,229.4559
风险中性最优（对照）,143,localized,51.3820,51.3820,305.9907,1147.2794,-950.9603,641.8135,-0.995749,0.856240,158.2898,936.9581,1000.8228,229.4559
风险中性最优（对照）,144,localized,156.1215,156.1215,837.3570,1147.2794,-1116.6449,263.3518,0.979275,0.342260,177.0604,316.9929,1252.8301,229.4559
风险中性最优（对照）,145,localized,129.6284,129.6284,679.9751,1147.2794,-1126.1227,-219.3118,0.892271,0.664178,201.4380,480.8112,1143.7037,229.4559
风险中性最优（对照）,146,localized,48.3195,48.3195,279.8970,1147.2794,-906.4880,-703.2279,-0.259430,-0.927356,229.3727,964.5953,1145.1125,229.4559
风险中性最优（对照）,147,localized,106.3468,106.3468,597.6276,1147.2794,-952.5374,639.4704,0.599238,-0.615160,156.8359,568.9950,1429.2292,229.4559
风险中性最优（对照）,148,localized,44.6848,44.6848,245.1112,1147.2794,1076.3788,397.0627,-0.696650,-0.322063,32.2550,1178.0390,1370.8475,229.4559
风险中性最优（对照）,149,localized,59.8230,59.8230,310.1627,1147.2794,-1072.1040,408.4641,0.970911,0.552856,169.4825,896.6939,1250.0602,229.4559
风险中性最优（对照）,150,localized,69.9156,69.9156,397.0392,1147.2794,-934.3556,-665.7549,-0.281753,0.274954,227.0626,800.6211,1419.5848,229.4559
风险中性最优（对照）,151,localized,44.6137,44.6137,266.4943,1147.2794,1143.9791,86.9583,-0.802956,-0.025660,16.4598,1007.4482,1475.3352,229.4559
风险中性最优（对照）,152,localized,183.1957,183.1957,1050.4587,1147.2794,378.1948,1083.1522,0.319292,-0.287143,81.7434,98.8018,1390.6967,229.4559
风险中性最优（对照）,153,localized,111.9871,111.9871,610.9119,1147.2794,-311.1317,-1104.2858,0.302620,0.366073,265.2722,555.8848,1020.8419,229.4559
风险中性最优（对照）,154,localized,105.2994,105.2994,577.6229,1147.2794,1070.4250,412.8442,-0.044981,0.626456,32.4457,593.1982,1153.2474,229.4559
风险中性最优（对照）,155,localized,89.1631,89.1631,475.2388,1147.2794,-948.8941,644.8643,0.436714,0.843377,156.6734,703.5808,1230.0864,229.4559
风险中性最优（对照）,156,localized,47.7844,47.7844,243.4855,1147.2794,994.4541,-572.1110,-0.295310,-0.346955,341.6934,1201.4055,1273.3841,229.4559
风险中性最优（对照）,157,localized,42.0242,42.0242,222.2260,1147.2794,-672.9165,-929.2112,0.736196,-0.259042,244.6624,1056.6437,1198.8299,229.4559
风险中性最优（对照）,158,localized,42.2150,42.2150,257.8013,1147.2794,436.3917,-1061.0430,-0.996514,-0.985365,304.6631,1039.2719,1234.0425,229.4559
风险中性最优（对照）,159,localized,47.0172,47.0172,222.2737,1147.2794,1062.0086,434.0366,0.570891,-0.853981,32.9686,1188.0456,1207.2744,229.4559
风险中性最优（对照）,160,localized,80.4569,80.4569,294.6370,1147.2794,-517.8534,-1023.7567,0.821248,-0.127398,253.6567,1335.9355,1432.4015,229.4559
风险中性最优（对照）,161,localized,130.7634,130.7634,721.2526,1147.2794,1090.0059,-357.9624,0.913932,-0.235589,352.2156,437.5441,1197.3179,229.4559
风险中性最优（对照）,162,localized,126.8309,126.8309,733.9049,1147.2794,1018.5540,-528.0130,0.246732,-0.699733,343.6612,425.8522,1337.5755,229.4559
风险中性最优（对照）,163,localized,56.0082,56.0082,303.1842,1147.2794,-314.9813,-1103.1939,0.515276,0.012560,264.8597,913.0856,1211.3510,229.4559
风险中性最优（对照）,164,localized,96.6222,96.6222,431.5482,1147.2794,-1027.3261,510.7358,-0.278990,0.822662,165.1546,1488.7404,1497.8765,229.4559
风险中性最优（对照）,165,localized,42.4321,42.4321,240.4320,1147.2794,-815.3184,-807.1592,-0.663783,0.036356,236.6856,1156.3033,1464.6664,229.4559
风险中性最优（对照）,166,localized,115.4683,115.4683,645.8168,1147.2794,503.6146,-1030.8357,-0.013246,0.111508,307.3610,519.6900,1196.1629,229.4559
风险中性最优（对照）,167,localized,77.6702,77.6702,434.7338,1147.2794,-248.7702,1119.9836,0.121361,-0.107759,113.7118,752.0637,1269.0582,229.4559
风险中性最优（对照）,168,localized,54.0595,54.0595,284.4115,1147.2794,1009.7703,544.6227,0.684556,0.952690,38.9657,937.5042,1076.7488,229.4559
风险中性最优（对照）,169,localized,43.1388,43.1388,250.8954,1147.2794,675.6153,927.2508,-0.495023,0.664040,65.7271,1034.3622,1356.5509,229.4559
风险中性最优（对照）,170,localized,65.7964,65.7964,257.5369,1147.2794,-169.7673,-1134.6493,0.914975,-0.267759,271.8854,1281.6602,1472.8231,229.4559
风险中性最优（对照）,171,localized,46.7479,46.7479,266.2257,1147.2794,308.9985,1104.8846,-0.217023,0.303115,85.9025,988.8026,1445.3485,229.4559
风险中性最优（对照）,172,localized,185.1482,185.1482,1000.3359,1147.2794,439.5568,1059.7357,0.825550,0.595227,77.9567,149.8163,1312.3678,229.4559
风险中性最优（对照）,173,localized,115.8154,115.8154,630.5215,1147.2794,971.1651,610.8097,0.848993,-0.085346,42.6286,533.0919,1366.5967,229.4559
风险中性最优（对照）,174,localized,147.1304,147.1304,859.2834,1147.2794,-1143.0586,98.3213,-0.898167,-0.289867,187.2918,297.0110,1264.1494,229.4559
风险中性最优（对照）,175,localized,59.7067,59.7067,347.6894,1147.2794,898.1619,-713.8313,-0.818627,0.959051,333.6520,871.1058,1394.1882,229.4559
风险中性最优（对照）,176,localized,42.4426,42.4426,256.3756,1147.2794,827.4007,794.7692,-0.975671,0.612766,56.1332,1042.6983,1246.3821,229.4559
风险中性最优（对照）,177,localized,57.7903,57.7903,319.6565,1147.2794,-352.0120,-1091.9421,0.066999,0.619770,263.3750,896.9082,1051.7981,229.4559
风险中性最优（对照）,178,localized,42.9108,42.9108,227.8426,1147.2794,1120.2033,-247.7792,0.750630,-0.838537,358.0868,1040.0427,1323.1529,229.4559
风险中性最优（对照）,179,localized,85.3004,85.3004,491.9797,1147.2794,441.7721,-1058.8142,-0.506493,0.022892,304.4639,690.7066,1297.8511,229.4559
风险中性最优（对照）,180,localized,148.4693,148.4693,812.1150,1147.2794,-702.9029,-906.7400,0.551379,0.196408,242.9758,343.7456,1145.4553,229.4559
风险中性最优（对照）,181,localized,117.3608,117.3608,673.1443,1147.2794,1136.5642,-156.4348,-0.121083,-0.327103,3.5942,490.9425,1387.9749,229.4559
风险中性最优（对照）,182,localized,43.2843,43.2843,258.4593,1147.2794,301.7913,1106.8749,-0.791581,0.062456,86.8504,1027.1745,1355.8306,229.4559
风险中性最优（对照）,183,localized,97.0510,97.0510,505.1258,1147.2794,-832.6164,789.3034,0.943161,0.701354,146.8965,667.5416,1407.2118,229.4559
风险中性最优（对照）,184,localized,117.2541,117.2541,681.8904,1147.2794,611.3439,970.8288,-0.785842,-0.108603,69.8966,483.7030,1417.1530,229.4559
风险中性最优（对照）,185,localized,117.7373,117.7373,676.1410,1147.2794,59.6743,1145.7264,-0.430752,-0.113882,98.7592,488.7161,1065.6343,229.4559
风险中性最优（对照）,186,localized,40.7090,40.7090,233.0354,1147.2794,-314.9778,1103.1949,-0.187068,-0.886170,117.4318,1079.3741,1469.6136,229.4559
风险中性最优（对照）,187,localized,90.5895,90.5895,511.8252,1147.2794,-1060.7480,437.1084,-0.267385,0.236258,169.1820,666.8260,1052.5288,229.4559
风险中性最优（对照）,188,localized,53.8120,53.8120,251.9710,1147.2794,-1044.2331,475.2128,0.113534,0.989127,166.7269,1243.1839,1444.5614,229.4559
风险中性最优（对照）,189,localized,78.9871,78.9871,301.5782,1147.2794,295.6663,-1108.5267,0.473361,-0.331420,295.7708,1337.5899,1425.5749,229.4559
风险中性最优（对照）,190,localized,124.5231,124.5231,655.2248,1147.2794,737.9200,-878.4783,0.947301,0.549487,320.3928,506.6891,1336.9849,229.4559
风险中性最优（对照）,191,localized,54.2859,54.2859,305.7436,1147.2794,1132.5863,-183.0256,0.080111,-0.493798,2.0502,916.6041,1057.5761,229.4559
风险中性最优（对照）,192,localized,42.4837,42.4837,208.4969,1147.2794,108.4382,1142.1432,0.928721,0.817279,94.9577,1155.5405,1490.4839,229.4559
风险中性最优（对照）,193,localized,91.7441,91.7441,538.4986,1147.2794,-552.9549,-1005.2317,-0.379553,-0.682737,252.8753,637.7391,1353.3196,229.4559
风险中性最优（对照）,194,localized,68.9002,68.9002,369.3201,1147.2794,1146.7709,-34.1555,0.449993,0.743584,9.1539,827.2775,1107.0876,229.4559
风险中性最优（对照）,195,localized,59.9669,59.9669,346.1236,1147.2794,1063.9467,-429.2638,-0.573894,0.582389,349.9115,869.7388,1179.7576,229.4559
风险中性最优（对照）,196,localized,112.8560,112.8560,604.8166,1147.2794,-700.6933,-908.4486,0.549334,0.511302,243.1173,561.4909,1119.4532,229.4559
风险中性最优（对照）,197,localized,72.4408,72.4408,279.3086,1147.2794,-714.2937,897.7942,0.839382,0.730610,138.9766,1314.0330,1499.2049,229.4559
风险中性最优（对照）,198,localized,43.9732,43.9732,248.0422,1147.2794,1067.9857,419.1141,-0.039836,-0.079268,32.7765,1022.1430,1175.6290,229.4559
风险中性最优（对照）,199,localized,51.2046,51.2046,239.2365,1147.2794,213.0966,1127.3153,0.222424,-0.766471,90.3832,1218.3640,1398.5884,229.4559
风险中性最优（对照）,200,localized,123.0377,123.0377,698.6084,1147.2794,-788.3834,833.4877,0.294497,-0.409156,144.4224,462.8177,1270.0022,229.4559
风险中性最优（对照）,201,localized,40.9374,40.9374,222.0088,1147.2794,-1076.0265,398.0163,0.409234,0.188107,170.6015,1079.4965,1298.7189,229.4559
风险中性最优（对照）,202,localized,70.8959,70.8959,413.0209,1147.2794,464.4787,1049.0517,-0.941234,0.789929,78.3693,787.5081,1170.2434,229.4559
风险中性最优（对照）,203,localized,59.1084,59.1084,336.6802,1147.2794,-961.1898,-626.3898,0.074611,-0.964533,224.3269,873.5268,1172.0821,229.4559
风险中性最优（对照）,204,localized,128.3463,128.3463,732.9485,1147.2794,-751.4270,866.9530,-0.975326,0.301718,143.2022,429.9062,1332.8232,229.4559
风险中性最优（对照）,205,localized,79.2343,79.2343,472.9689,1147.2794,549.3412,-1007.2111,-0.586819,-0.936493,310.5052,713.0483,1268.8385,229.4559
风险中性最优（对照）,206,localized,42.0597,42.0597,231.6479,1147.2794,-1147.2783,-1.5946,0.298157,-0.783848,191.0914,1051.0740,1089.5261,229.4559
风险中性最优（对照）,207,localized,186.1552,186.1552,986.3097,1147.2794,429.2222,-1063.9635,0.966010,0.601004,302.3140,164.0764,1137.7695,229.4559
风险中性最优（对照）,208,localized,40.2764,40.2764,224.9851,1147.2794,637.7378,953.6984,0.077292,-0.330780,67.4620,1099.3408,1487.0539,229.4559
风险中性最优（对照）,209,localized,96.0777,96.0777,532.1358,1147.2794,873.7338,-743.5316,0.280755,0.011241,330.6320,641.3262,1304.5178,229.4559
风险中性最优（对照）,210,localized,44.3558,44.3558,217.7343,1147.2794,275.8221,1113.6302,0.566034,-0.716059,86.8329,1167.9803,1171.0498,229.4559
风险中性最优（对照）,211,localized,54.5521,54.5521,245.2659,1147.2794,467.5262,1047.6971,0.362147,-0.130200,76.8994,1239.0121,1460.9159,229.4559
风险中性最优（对照）,212,localized,40.4206,40.4206,234.9030,1147.2794,-100.5027,-1142.8688,-0.500979,-0.339711,276.7853,1128.9277,1493.7380,229.4559
风险中性最优（对照）,213,localized,45.6011,45.6011,256.2549,1147.2794,1112.5303,-280.2255,-0.117714,0.980561,357.2900,1006.2291,1392.8732,229.4559
风险中性最优（对照）,214,localized,134.7381,134.7381,770.6205,1147.2794,-1029.4489,-506.4434,-0.140365,-0.237375,217.6454,388.2502,1145.3194,229.4559
风险中性最优（对照）,215,localized,48.8376,48.8376,263.9879,1147.2794,-1146.6788,37.1187,0.474661,0.188440,188.9812,974.5920,1023.7034,229.4559
风险中性最优（对照）,216,localized,50.8972,50.8972,250.6415,1147.2794,-648.8890,946.1464,-0.303254,-0.760133,136.0564,1221.1725,1225.3224,229.4559
风险中性最优（对照）,217,localized,40.0619,40.0619,222.7908,1147.2794,421.7429,1066.9503,0.121545,-0.248763,79.6206,1116.5740,1451.7774,229.4559
风险中性最优（对照）,218,localized,71.8676,71.8676,422.0504,1147.2794,-1134.7767,168.9137,-0.415322,-0.739620,183.2588,771.5326,1023.5185,229.4559
风险中性最优（对照）,219,localized,40.7662,40.7662,245.5467,1147.2794,246.3644,-1120.5153,-0.877660,0.494814,294.5877,1081.0540,1349.7099,229.4559
风险中性最优（对照）,220,localized,59.7160,59.7160,341.4206,1147.2794,910.3781,-698.1846,-0.015681,-0.827954,333.8404,868.4148,1281.4934,229.4559
风险中性最优（对照）,221,localized,62.0418,62.0418,246.5013,1147.2794,-881.8014,-733.9457,0.945303,-0.805597,230.1361,1263.3109,1327.1946,229.4559
风险中性最优（对照）,222,localized,102.4104,102.4104,574.7266,1147.2794,1145.0394,-71.6574,0.366693,-0.379264,7.3623,594.5563,1070.7270,229.4559
风险中性最优（对照）,223,localized,43.2854,43.2854,241.0113,1147.2794,404.3235,-1073.6724,0.148347,-0.378600,301.7970,1031.9622,1074.4141,229.4559
风险中性最优（对照）,224,localized,50.6990,50.6990,270.8790,1147.2794,-1142.8450,-100.7731,0.534820,0.729354,195.8143,961.6129,1162.6546,229.4559
风险中性最优（对照）,225,localized,55.0899,55.0899,313.1091,1147.2794,553.2084,-1005.0923,-0.015642,-0.614772,310.1542,907.5127,1051.3022,229.4559
风险中性最优（对照）,226,localized,67.4898,67.4898,304.4316,1147.2794,1143.2813,-95.6969,-0.498061,0.210583,7.0233,1316.8089,1395.0647,229.4559
风险中性最优（对照）,227,localized,40.8263,40.8263,221.2472,1147.2794,-1095.3704,-341.1945,0.196519,-0.685613,208.4146,1132.6516,1191.7100,229.4559
风险中性最优（对照）,228,localized,173.2529,173.2529,921.1975,1147.2794,359.3694,-1089.5428,0.302702,0.696867,299.2616,231.3990,1228.6234,229.4559
风险中性最优（对照）,229,localized,44.7680,44.7680,235.0055,1147.2794,584.9177,-986.9758,-0.153049,0.892623,312.1155,1181.3303,1185.2393,229.4559
风险中性最优（对照）,230,localized,47.8778,47.8778,263.1182,1147.2794,-126.7068,1140.2611,0.217717,0.489380,107.4330,982.6256,1477.3510,229.4559
风险中性最优（对照）,231,localized,43.4166,43.4166,242.5967,1147.2794,-1059.6305,-439.8104,0.155800,-0.911612,213.6955,1027.6497,1214.4969,229.4559
风险中性最优（对照）,232,localized,99.3637,99.3637,553.4850,1147.2794,1114.2676,273.2356,-0.321236,0.617843,25.4091,620.8847,1081.9174,229.4559
风险中性最优（对照）,233,localized,50.8480,50.8480,283.9549,1147.2794,345.8631,-1093.9052,0.262658,-0.950401,298.5928,946.2960,1496.2534,229.4559
风险中性最优（对照）,234,localized,44.3686,44.3686,252.4800,1147.2794,528.9894,1018.0472,-0.104185,-0.522363,73.9572,1014.1508,1223.5573,229.4559
风险中性最优（对照）,235,localized,51.2354,51.2354,308.1155,1147.2794,-868.0441,750.1663,-0.934206,-0.174978,151.4105,932.1469,1219.5702,229.4559
风险中性最优（对照）,236,localized,59.3687,59.3687,351.2205,1147.2794,-727.3297,-887.2663,-0.941424,0.530543,242.9084,867.9988,1085.5722,229.4559
风险中性最优（对照）,237,localized,61.1194,61.1194,341.2842,1147.2794,-886.4074,728.3763,0.249115,-0.517404,151.6503,865.1458,1201.7690,229.4559
风险中性最优（对照）,238,localized,126.0218,126.0218,679.5532,1147.2794,953.6577,-637.7986,0.035666,0.783641,337.5000,483.6711,1079.9277,229.4559
风险中性最优（对照）,239,localized,96.7862,96.7862,533.2528,1147.2794,-955.7427,634.6699,0.224842,0.222752,157.4986,640.3833,1087.9305,229.4559
风险中性最优（对照）,240,localized,42.7685,42.7685,247.2599,1147.2794,-894.5105,-718.4017,-0.323673,-0.409853,230.4023,1036.4536,1202.4209,229.4559
风险中性最优（对照）,241,localized,66.9185,66.9185,381.8736,1147.2794,-288.3821,1110.4440,-0.551640,0.834288,116.4197,822.4219,1015.8283,229.4559
风险中性最优（对照）,242,localized,80.0031,80.0031,439.5301,1147.2794,-592.2504,-982.5932,0.355672,0.060801,249.8751,744.7241,1367.5991,229.4559
风险中性最优（对照）,243,localized,58.4557,58.4557,338.2272,1147.2794,-1118.3827,-255.8714,-0.487976,0.190821,204.6846,879.3771,1154.7666,229.4559
风险中性最优（对照）,244,localized,153.8276,153.8276,802.8515,1147.2794,72.4666,-1144.9885,0.717515,0.859610,284.2139,353.0720,1093.4904,229.4559
风险中性最优（对照）,245,localized,107.6440,107.6440,591.0869,1147.2794,818.2561,804.1809,-0.173928,0.721987,55.9868,579.1414,1428.5166,229.4559
风险中性最优（对照）,246,localized,44.3416,44.3416,251.0751,1147.2794,1060.7606,437.0778,-0.078226,-0.173403,33.7819,1016.4315,1280.6574,229.4559
风险中性最优（对照）,247,localized,41.3670,41.3670,221.5602,1147.2794,1120.9423,244.4142,0.210978,0.399335,23.3994,1143.4725,1224.1283,229.4559
风险中性最优（对照）,248,localized,49.5747,49.5747,263.5739,1147.2794,-789.2552,832.6621,0.710969,0.032636,144.0659,969.7799,1448.9645,229.4559
风险中性最优（对照）,249,localized,162.1794,162.1794,956.5438,1147.2794,-674.2797,928.2224,0.300293,-0.751483,137.0051,195.0510,1086.9611,229.4559
风险中性最优（对照）,250,localized,94.9200,94.9200,567.5383,1147.2794,-1045.8515,471.6403,-0.582905,-0.912868,167.6192,606.7081,1261.4959,229.4559
风险中性最优（对照）,251,localized,136.4427,136.4427,766.0625,1147.2794,1147.2570,7.1643,-0.264549,0.157550,11.9323,393.2895,1415.1105,229.4559
风险中性最优（对照）,252,localized,61.8647,61.8647,355.3781,1147.2794,-774.9205,846.0190,-0.585115,0.798030,144.3835,857.3657,1243.6467,229.4559
风险中性最优（对照）,253,localized,104.0532,104.0532,616.1342,1147.2794,831.4846,-790.4957,-0.222807,-0.997856,327.9803,552.2692,1345.9416,229.4559
风险中性最优（对照）,254,localized,45.1801,45.1801,238.3796,1147.2794,-1121.2985,242.7749,-0.338519,-0.516613,179.4318,1179.9223,1277.8628,229.4559
风险中性最优（对照）,255,localized,103.8389,103.8389,544.2337,1147.2794,495.5068,-1034.7575,0.940096,0.559461,305.9579,625.0094,1094.3302,229.4559
风险中性最优（对照）,256,localized,40.6050,40.6050,221.8074,1147.2794,-129.3368,-1139.9658,0.334834,-0.115125,274.5022,1087.6890,1349.0321,229.4559
风险中性最优（对照）,257,localized,88.5975,88.5975,478.2572,1147.2794,-1087.7983,364.6159,0.423693,0.495973,172.3558,700.2741,1115.8088,229.4559
风险中性最优（对照）,258,localized,127.4773,127.4773,714.9820,1147.2794,1070.4881,-412.6805,0.954714,-0.587109,349.2732,443.9973,1164.8304,229.4559
风险中性最优（对照）,259,localized,41.0798,41.0798,244.1602,1147.2794,-588.1729,985.0394,-0.674589,-0.406480,132.8262,1068.7862,1121.3144,229.4559
风险中性最优（对照）,260,localized,61.8100,61.8100,330.5638,1147.2794,1089.1258,-360.6313,0.746550,-0.114970,352.2426,872.8131,1443.7037,229.4559
风险中性最优（对照）,261,localized,48.0183,48.0183,218.2131,1147.2794,-902.1648,708.7656,0.914624,0.332825,152.2412,1197.4582,1288.1629,229.4559
风险中性最优（对照）,262,localized,57.0204,57.0204,325.9302,1147.2794,-430.4326,-1063.4744,-0.453079,0.800554,259.7278,896.1913,1165.5505,229.4559
风险中性最优（对照）,263,localized,155.9502,155.9502,828.8338,1147.2794,474.9961,1044.3317,0.343081,0.734000,76.5093,326.7471,1455.2998,229.4559
风险中性最优（对照）,264,localized,40.0492,40.0492,236.5524,1147.2794,653.6534,-942.8612,-0.587947,-0.070014,316.6301,1119.5455,1240.4447,229.4559
风险中性最优（对照）,265,localized,45.4116,45.4116,235.1021,1147.2794,701.5063,-907.8210,-0.176518,-0.830039,319.1810,1179.7704,1362.5582,229.4559
风险中性最优（对照）,266,localized,40.0779,40.0779,229.2168,1147.2794,-1110.8174,-286.9402,-0.197429,-0.817403,205.9911,1111.7078,1209.0219,229.4559
风险中性最优（对照）,267,localized,49.9907,49.9907,280.0539,1147.2794,-529.5065,-1017.7784,0.153588,-0.632722,253.6703,954.8551,1161.8204,229.4559
风险中性最优（对照）,268,localized,110.8481,110.8481,636.0249,1147.2794,-945.5929,649.6954,0.604426,-0.992659,156.2134,528.0551,1192.7246,229.4559
风险中性最优（对照）,269,localized,59.7442,59.7442,349.1189,1147.2794,-1049.9388,-462.4701,-0.660315,0.225251,215.7425,866.8645,1021.7047,229.4559
风险中性最优（对照）,270,localized,71.4052,71.4052,396.4522,1147.2794,-927.5321,-675.2290,-0.158604,0.861391,227.5226,800.1219,1033.6796,229.4559
风险中性最优（对照）,271,localized,72.1325,72.1325,287.0356,1147.2794,-1114.1772,-273.6041,0.579933,0.842003,204.5269,1318.9584,1359.8488,229.4559
风险中性最优（对照）,272,localized,47.9344,47.9344,236.8072,1147.2794,-1143.6889,-90.6957,0.044999,0.007602,195.7991,1201.6584,1405.7202,229.4559
风险中性最优（对照）,273,localized,45.6883,45.6883,244.0030,1147.2794,266.3415,1115.9356,0.542757,0.786490,87.3435,1010.4671,1193.7543,229.4559
风险中性最优（对照）,274,localized,52.4595,52.4595,290.6867,1147.2794,-671.1378,-930.4966,0.249108,-0.284472,245.2591,936.0945,1488.3024,229.4559
风险中性最优（对照）,275,localized,47.7021,47.7021,257.1847,1147.2794,-753.4777,-865.1713,0.468418,0.437039,239.7889,986.8862,1355.0765,229.4559
风险中性最优（对照）,276,localized,42.1867,42.1867,248.5845,1147.2794,1144.0997,-85.3578,-0.640252,0.588718,7.6834,1049.1974,1443.2486,229.4559
风险中性最优（对照）,277,localized,96.7336,96.7336,373.9793,1147.2794,546.4329,-1008.7919,0.854978,0.422934,308.8981,1438.9059,1442.3702,229.4559
风险中性最优（对照）,278,localized,142.5066,142.5066,770.0750,1147.2794,371.3649,-1085.5128,0.607272,0.351533,299.5890,387.3085,1023.4705,229.4559
风险中性最优（对照）,279,localized,70.3747,70.3747,399.2653,1147.2794,-603.7855,-975.5476,0.165042,-0.772366,249.3907,793.6255,1456.2697,229.4559
风险中性最优（对照）,280,localized,44.0898,44.0898,231.5155,1147.2794,-4.3632,-1147.2711,0.816498,0.057953,280.2755,1028.3871,1034.7628,229.4559
风险中性最优（对照）,281,localized,77.3836,77.3836,338.1007,1147.2794,-911.9116,-696.1804,-0.787740,-0.503796,229.4569,1359.4936,1442.9277,229.4559
风险中性最优（对照）,282,localized,109.2590,109.2590,616.0712,1147.2794,-1079.4654,-388.5928,0.200864,-0.269486,210.9073,550.7353,1178.2157,229.4559
风险中性最优（对照）,283,localized,49.9376,49.9376,241.0552,1147.2794,-890.5705,723.2801,0.034699,-0.461451,152.1933,1213.3900,1468.2816,229.4559
风险中性最优（对照）,284,localized,44.9390,44.9390,237.2061,1147.2794,-170.3318,-1134.5647,-0.237119,0.925222,273.0090,1183.4379,1434.9892,229.4559
风险中性最优（对照）,285,localized,145.6869,145.6869,819.0028,1147.2794,-460.2689,1050.9056,-0.215894,0.086213,125.1780,337.8772,1043.5702,229.4559
风险中性最优（对照）,286,localized,72.5729,72.5729,423.0598,1147.2794,389.8586,-1079.0089,-0.850639,0.502755,302.0260,774.3010,1402.5592,229.4559
风险中性最优（对照）,287,localized,155.4593,155.4593,844.3610,1147.2794,577.5708,991.2931,0.666013,0.275743,70.4170,310.2019,1045.8939,229.4559
风险中性最优（对照）,288,no_signal,1500.1130,,1134.6212,1147.2794,765.6447,854.4228,0.201561,,59.2450,12.9027,1034.4570,229.4559
风险中性最优（对照）,289,localized,54.8232,54.8232,302.3715,1147.2794,-594.1265,981.4600,0.117611,0.635175,132.3809,920.9171,1230.9509,229.4559
风险中性最优（对照）,290,localized,51.5864,51.5864,294.7781,1147.2794,1146.0845,-52.3483,-0.176379,-0.279214,8.8711,938.0249,1074.0932,229.4559
风险中性最优（对照）,291,localized,44.9626,44.9626,244.0616,1147.2794,-929.1532,672.9966,0.483177,-0.447979,154.9105,1012.2987,1342.2390,229.4559
风险中性最优（对照）,292,localized,72.3932,72.3932,289.1214,1147.2794,962.6568,624.1330,0.319018,-0.638074,43.9480,1315.3047,1367.9787,229.4559
风险中性最优（对照）,293,localized,135.7395,135.7395,751.7044,1147.2794,180.2609,1133.0296,-0.315343,0.440514,92.5855,408.4744,1134.4164,229.4559
风险中性最优（对照）,294,localized,62.1520,62.1520,369.4621,1147.2794,735.6792,-880.3557,-0.835971,-0.148069,322.0301,841.8955,1046.2082,229.4559
风险中性最优（对照）,295,localized,77.5067,77.5067,427.6534,1147.2794,-1146.8176,-32.5472,0.137231,0.353679,192.7983,760.2030,1139.9812,229.4559
风险中性最优（对照）,296,localized,44.1165,44.1165,208.5144,1147.2794,-1061.0351,436.4110,0.989331,-0.878328,167.9629,1163.7994,1434.7820,229.4559
风险中性最优（对照）,297,localized,173.6685,173.6685,949.7719,1147.2794,547.9719,-1007.9568,-0.063191,0.387919,309.9037,202.3186,1010.9216,229.4559
风险中性最优（对照）,298,localized,42.9274,42.9274,234.5838,1147.2794,1124.8285,-225.8557,0.348071,-0.081822,359.6083,1040.1189,1042.1356,229.4559
风险中性最优（对照）,299,localized,64.7173,64.7173,383.4011,1147.2794,1147.2328,10.3348,-0.705958,-0.393239,12.5320,822.2259,1468.2022,229.4559
风险中性最优（对照）,300,localized,43.0718,43.0718,232.5854,1147.2794,1146.8598,-31.0258,0.504832,-0.239640,9.2555,1038.4120,1045.2087,229.4559
风险中性最优（对照）,301,localized,99.3782,99.3782,565.3574,1147.2794,-459.9373,-1051.0507,-0.708953,0.528358,258.3848,609.7292,1277.9532,229.4559
风险中性最优（对照）,302,localized,46.6495,46.6495,236.3332,1147.2794,-937.4989,661.3213,-0.047909,0.348501,156.1583,1194.1239,1362.4830,229.4559
风险中性最优（对照）,303,localized,112.9339,112.9339,668.6690,1147.2794,-802.0556,820.3395,-0.146833,-0.986402,145.8111,495.7800,1240.8032,229.4559
风险中性最优（对照）,304,localized,42.3145,42.3145,242.4712,1147.2794,-1026.3455,-512.7036,-0.233537,-0.124614,218.0876,1046.0758,1281.9972,229.4559
风险中性最优（对照）,305,localized,42.6823,42.6823,244.3601,1147.2794,-206.1013,-1128.6152,-0.259167,0.328898,271.2201,1041.6780,1175.9953,229.4559
风险中性最优（对照）,306,localized,113.6506,113.6506,640.1782,1147.2794,-72.7035,-1144.9734,-0.835365,0.687333,278.5120,528.6711,1459.3261,229.4559
风险中性最优（对照）,307,localized,88.7224,88.7224,524.9687,1147.2794,-168.4361,1134.8477,-0.659144,-0.535015,110.4114,654.3812,1097.7627,229.4559
风险中性最优（对照）,308,localized,88.2924,88.2924,516.2520,1147.2794,-1059.4243,-440.3069,-0.661738,-0.179498,214.5399,664.1969,1082.1700,229.4559
风险中性最优（对照）,309,localized,66.5079,66.5079,284.4238,1147.2794,-366.5886,1087.1351,0.072847,0.078304,119.8715,1301.1078,1407.5041,229.4559
风险中性最优（对照）,310,localized,65.0809,65.0809,364.1481,1147.2794,1063.0946,431.3697,-0.239307,0.899896,33.6350,841.4850,1196.1575,229.4559
风险中性最优（对照）,311,localized,107.1028,107.1028,399.8589,1147.2794,739.8042,876.8921,-0.075110,0.833523,61.2318,1454.2438,1472.1637,229.4559
风险中性最优（对照）,312,localized,52.0561,52.0561,239.1103,1147.2794,1051.1321,459.7514,0.330034,-0.563270,34.6038,1223.3571,1320.9584,229.4559
风险中性最优（对照）,313,localized,122.2587,122.2587,720.3679,1147.2794,-97.9826,1143.0877,-0.671078,-0.482257,106.8803,442.4278,1088.7239,229.4559
风险中性最优（对照）,314,localized,132.2409,132.2409,778.1479,1147.2794,1144.4274,80.8447,-0.320343,-0.653686,15.6711,380.7434,1155.9324,229.4559
风险中性最优（对照）,315,localized,48.4056,48.4056,263.6167,1147.2794,-553.3392,-1005.0203,0.263400,0.954479,252.2104,980.5220,1076.1405,229.4559
风险中性最优（对照）,316,localized,136.9706,136.9706,740.5843,1147.2794,-732.8764,882.6903,-0.382879,0.918069,141.3948,420.3334,1158.1128,229.4559
风险中性最优（对照）,317,localized,138.6510,138.6510,779.0813,1147.2794,-547.4872,-1008.2201,0.832455,-0.419494,251.9745,377.5234,1128.6945,229.4559
风险中性最优（对照）,318,localized,89.6788,89.6788,521.5640,1147.2794,-804.6659,817.7791,-0.023100,-0.929607,145.8700,654.5904,1265.9828,229.4559
风险中性最优（对照）,319,localized,93.9218,93.9218,549.3220,1147.2794,-1062.2096,433.5445,-0.700161,-0.174256,169.8071,627.4318,1006.0391,229.4559
风险中性最优（对照）,320,localized,52.0152,52.0152,253.2414,1147.2794,-4.4642,-1147.2707,-0.173692,0.616585,281.2607,1233.6761,1244.8827,229.4559
风险中性最优（对照）,321,localized,63.0608,63.0608,368.0051,1147.2794,427.2806,1064.7447,-0.844575,0.766117,80.2890,843.9331,1215.3813,229.4559
风险中性最优（对照）,322,localized,46.1971,46.1971,218.9094,1147.2794,-1033.1487,-498.8525,0.690717,-0.103905,216.3926,1184.3948,1331.0983,229.4559
风险中性最优（对照）,323,localized,110.7273,110.7273,615.2906,1147.2794,516.3093,1024.5363,-0.483707,0.719597,75.0481,554.2044,1070.5089,229.4559
风险中性最优（对照）,324,localized,93.5763,93.5763,510.9353,1147.2794,-377.6522,1083.3415,0.766303,-0.306588,119.7622,662.0946,1056.8312,229.4559
风险中性最优（对照）,325,localized,47.0242,47.0242,257.8806,1147.2794,821.9269,-800.4287,-0.993410,0.236880,328.0625,1203.0060,1240.4390,229.4559
风险中性最优（对照）,326,localized,78.8599,78.8599,424.9660,1147.2794,743.1348,874.0713,0.318773,0.784647,60.6200,761.8856,1384.9907,229.4559
风险中性最优（对照）,327,localized,40.1083,40.1083,241.5929,1147.2794,-1097.7115,333.5857,-0.827900,-0.605441,175.2342,1108.4257,1248.6030,229.4559
风险中性最优（对照）,328,localized,42.2284,42.2284,246.2500,1147.2794,-471.2999,1046.0050,-0.982029,-0.544820,126.5469,1152.3146,1378.9059,229.4559
风险中性最优（对照）,329,localized,98.8562,98.8562,570.3295,1147.2794,-1080.5948,-385.4412,-0.100305,-0.542343,211.0412,601.3829,1331.4834,229.4559
风险中性最优（对照）,330,localized,66.3754,66.3754,379.7279,1147.2794,-155.6804,-1136.6678,-0.192159,-0.247116,273.7033,821.1603,1216.8985,229.4559
风险中性最优（对照）,331,localized,163.3630,163.3630,955.5532,1147.2794,782.6284,838.8938,0.669131,-0.709390,57.6281,195.7768,1122.7533,229.4559
风险中性最优（对照）,332,localized,97.6494,97.6494,525.5074,1147.2794,1125.8572,220.6708,0.921213,-0.101783,21.4782,645.4015,1442.9767,229.4559
风险中性最优（对照）,333,localized,45.8492,45.8492,272.2479,1147.2794,1116.6145,263.4807,-0.815690,0.617149,25.4025,995.0282,1097.7633,229.4559
风险中性最优（对照）,334,localized,171.3033,171.3033,1048.3212,1147.2794,-1147.2748,3.2446,0.866823,0.204338,190.2811,100.7869,1223.1268,229.4559
风险中性最优（对照）,335,localized,43.9226,43.9226,240.2495,1147.2794,1114.4339,272.5564,-0.506759,0.446195,25.5597,1173.1898,1436.4824,229.4559
风险中性最优（对照）,336,localized,54.3728,54.3728,264.3973,1147.2794,990.6644,-578.6485,-0.380352,0.448153,341.4010,1249.4451,1492.6312,229.4559
风险中性最优（对照）,337,localized,44.5963,44.5963,210.4501,1147.2794,-1143.7165,90.3466,0.983211,0.619297,185.8101,1173.3289,1480.1179,229.4559
风险中性最优（对照）,338,localized,74.8719,74.8719,408.9000,1147.2794,1018.9489,527.2506,0.204333,0.589491,38.4647,781.7543,1328.6534,229.4559
风险中性最优（对照）,339,localized,58.5072,58.5072,330.8997,1147.2794,755.7126,-863.2199,-0.229227,0.498796,322.7399,885.7113,1228.0446,229.4559
风险中性最优（对照）,340,localized,130.9675,130.9675,732.8128,1147.2794,-1133.7881,-175.4266,0.968978,-0.510814,199.1364,425.3646,1114.9673,229.4559
风险中性最优（对照）,341,localized,163.0048,163.0048,888.0837,1147.2794,-225.1682,-1124.9663,-0.418914,0.586758,270.4103,266.4109,1362.1303,229.4559
风险中性最优（对照）,342,localized,118.7596,118.7596,683.3045,1147.2794,533.9186,-1015.4708,0.171415,-0.605236,308.8732,479.3062,1235.5120,229.4559
风险中性最优（对照）,343,localized,50.6171,50.6171,277.5777,1147.2794,228.8189,-1124.2295,0.383758,-0.322962,292.4307,953.9694,1141.8077,229.4559
风险中性最优（对照）,344,localized,86.9253,86.9253,467.1625,1147.2794,1141.3954,116.0451,0.970170,-0.302762,16.1450,709.3180,1361.0767,229.4559
风险中性最优（对照）,345,localized,76.8923,76.8923,433.3523,1147.2794,944.7762,-650.8824,0.420472,-0.950750,336.3254,751.3626,1168.8124,229.4559
风险中性最优（对照）,346,localized,52.7117,52.7117,278.3409,1147.2794,-833.2661,-788.6176,0.711919,0.578730,234.0211,946.1854,1419.4409,229.4559
风险中性最优（对照）,347,localized,45.7894,45.7894,264.1351,1147.2794,929.1340,-673.0230,-0.326147,-0.131710,335.7182,996.3382,1112.6052,229.4559
风险中性最优（对照）,348,localized,81.7961,81.7961,474.2720,1147.2794,1121.6933,-240.9443,-0.664934,0.153350,359.8517,712.1050,1007.4009,229.4559
风险中性最优（对照）,349,localized,77.0804,77.0804,427.0681,1147.2794,1080.8902,-384.6119,0.615983,-0.778798,351.1069,757.1324,1352.1921,229.4559
风险中性最优（对照）,350,localized,108.6186,108.6186,647.9031,1147.2794,1144.7939,-75.4774,-0.963466,-0.482052,8.5013,520.8088,1163.7686,229.4559
风险中性最优（对照）,351,localized,146.1561,146.1561,801.9147,1147.2794,-1138.4833,141.7950,0.918608,-0.026386,183.2919,353.7077,1031.2814,229.4559
风险中性最优（对照）,352,localized,51.6811,51.6811,291.1889,1147.2794,995.3200,-570.6033,-0.087804,0.264490,341.5727,941.9319,1207.7700,229.4559
风险中性最优（对照）,353,localized,101.9520,101.9520,533.8797,1147.2794,949.2477,-644.3437,0.868132,0.665137,336.2734,636.5554,1353.0612,229.4559
风险中性最优（对照）,354,localized,49.8349,49.8349,273.5092,1147.2794,1085.6035,-371.0997,0.219563,0.550960,352.2180,964.2853,1197.3097,229.4559
风险中性最优（对照）,355,localized,63.2001,63.2001,334.2120,1147.2794,-369.3657,1086.1947,0.643806,0.779100,119.4470,869.3733,1290.9858,229.4559
风险中性最优（对照）,356,localized,47.0647,47.0647,283.7638,1147.2794,-610.4067,971.4184,-0.812081,-0.997909,134.2659,971.7698,1412.7069,229.4559
风险中性最优（对照）,357,localized,53.7702,53.7702,285.2686,1147.2794,239.8233,-1121.9335,0.925628,-0.740511,292.4502,931.9854,1126.8285,229.4559
风险中性最优（对照）,358,localized,42.0321,42.0321,207.5560,1147.2794,-326.0996,1099.9587,0.935045,0.074793,116.8881,1148.3022,1393.1054,229.4559
风险中性最优（对照）,359,localized,148.0427,148.0427,821.0471,1147.2794,-1076.6832,396.2365,-0.996314,0.639063,172.1018,337.1289,1430.2349,229.4559
风险中性最优（对照）,360,localized,99.5395,99.5395,575.2791,1147.2794,951.5557,640.9304,-0.605060,-0.009380,45.8776,598.3096,1282.0176,229.4559
风险中性最优（对照）,361,localized,93.7511,93.7511,550.7659,1147.2794,-679.0783,924.7176,-0.927094,-0.008856,138.5292,627.0363,1227.4418,229.4559
风险中性最优（对照）,362,localized,63.4250,63.4250,345.8070,1147.2794,-359.7987,1089.4012,0.562263,-0.362016,119.0246,855.4772,1250.2610,229.4559
风险中性最优（对照）,363,localized,55.8795,55.8795,320.6896,1147.2794,-790.6218,831.3646,-0.364902,0.246958,145.2359,902.3125,1146.0246,229.4559
风险中性最优（对照）,364,localized,55.8665,55.8665,242.6080,1147.2794,-0.5707,-1147.2792,0.570936,-0.457813,280.7105,1241.8915,1283.8569,229.4559
风险中性最优（对照）,365,localized,69.0789,69.0789,290.4086,1147.2794,1024.8650,-515.6566,0.097148,0.059409,344.5037,1311.3019,1368.5340,229.4559
风险中性最优（对照）,366,localized,71.0260,71.0260,410.9313,1147.2794,-1144.4223,-80.9179,-0.775864,0.681708,196.1302,788.4400,1427.2050,229.4559
风险中性最优（对照）,367,localized,97.8693,97.8693,544.7822,1147.2794,1120.4316,246.7448,0.685440,-0.616361,23.0441,625.5708,1004.9471,229.4559
风险中性最优（对照）,368,localized,139.7383,139.7383,763.1316,1147.2794,-962.3323,-624.6331,-0.611494,0.830690,224.9083,397.1355,1194.2632,229.4559
风险中性最优（对照）,369,localized,84.3610,84.3610,465.8521,1147.2794,-1012.5858,539.3699,0.718013,-0.700531,162.5492,712.3448,1171.4046,229.4559
风险中性最优（对照）,370,localized,73.6209,73.6209,417.6155,1147.2794,1133.7424,175.7220,-0.219432,0.138104,20.3397,775.1013,1438.9984,229.4559
风险中性最优（对照）,371,localized,123.1626,123.1626,660.3633,1147.2794,-808.1632,-814.3232,0.906944,0.218798,235.6205,501.3938,1197.0032,229.4559
风险中性最优（对照）,372,localized,41.7213,41.7213,248.4253,1147.2794,5.3637,1147.2669,-0.788179,0.981806,101.8302,1059.3729,1192.8839,229.4559
风险中性最优（对照）,373,localized,143.2508,143.2508,746.6580,1147.2794,50.0876,-1146.1855,0.803763,0.843811,283.0084,411.2925,1142.9993,229.4559
风险中性最优（对照）,374,localized,82.0276,82.0276,445.8513,1147.2794,-1007.4208,548.9566,0.583031,-0.017305,162.1404,735.8444,1017.2632,229.4559
风险中性最优（对照）,375,localized,62.7967,62.7967,357.7519,1147.2794,631.3519,-957.9378,0.025906,-0.721174,314.6719,846.5517,1035.8794,229.4559
风险中性最优（对照）,376,localized,80.7946,80.7946,470.9676,1147.2794,-890.0359,723.9379,-0.321516,-0.613626,152.5072,713.4680,1156.0423,229.4559
风险中性最优（对照）,377,localized,81.5562,81.5562,291.9908,1147.2794,765.2170,-854.8058,0.968090,-0.179093,322.1766,1335.6166,1374.6868,229.4559
风险中性最优（对照）,378,localized,40.0499,40.0499,235.5706,1147.2794,-615.3866,-968.2713,-0.538822,0.932451,249.4107,1123.5140,1221.6919,229.4559
风险中性最优（对照）,379,localized,45.2600,45.2600,254.9022,1147.2794,-429.4110,1063.8873,-0.034149,0.047883,123.3243,1006.3415,1047.7296,229.4559
风险中性最优（对照）,380,localized,50.5851,50.5851,244.8896,1147.2794,-1126.5714,216.9951,-0.005346,0.294030,180.4127,1221.4087,1339.7509,229.4559
风险中性最优（对照）,381,localized,130.5306,130.5306,724.6964,1147.2794,652.6660,-943.5450,0.029142,0.206292,315.9531,436.0446,1247.8313,229.4559
风险中性最优（对照）,382,localized,115.8580,115.8580,597.0793,1147.2794,-760.7072,-858.8216,0.999956,0.896445,238.7768,568.0930,1310.8819,229.4559
风险中性最优（对照）,383,localized,133.7063,133.7063,731.1298,1147.2794,1004.8738,553.6052,0.588314,0.136619,39.5729,427.9689,1206.5368,229.4559
风险中性最优（对照）,384,localized,83.1780,83.1780,495.9116,1147.2794,1124.1564,229.1778,-0.922653,-0.345190,23.7554,688.9841,1444.7625,229.4559
风险中性最优（对照）,385,localized,62.7279,62.7279,371.5155,1147.2794,-1012.7600,539.0428,-0.932614,0.309020,164.2183,840.4076,1414.1074,229.4559
风险中性最优（对照）,386,localized,144.4387,144.4387,792.9024,1147.2794,-673.2448,928.9733,0.000354,0.391423,137.2411,364.6907,1047.4844,229.4559
风险中性最优（对照）,387,localized,117.9205,117.9205,641.8157,1147.2794,438.2444,-1060.2791,0.262303,0.444750,303.5044,523.0303,1289.4094,229.4559
风险中性最优（对照）,388,localized,105.2727,105.2727,588.6024,1147.2794,-1132.9515,180.7509,-0.332421,0.475534,182.5778,582.5197,1285.6345,229.4559
风险中性最优（对照）,389,localized,40.2048,40.2048,236.5513,1147.2794,870.9305,-746.8133,-0.548343,-0.048679,331.2456,1103.4173,1287.4949,229.4559
风险中性最优（对照）,390,localized,60.0958,60.0958,341.4823,1147.2794,1136.7989,154.7199,-0.241868,0.262003,19.3022,871.4012,1429.4537,229.4559
风险中性最优（对照）,391,localized,94.3760,94.3760,516.8888,1147.2794,-84.4021,-1144.1706,0.294613,0.284805,276.7964,658.0395,1104.6938,229.4559
风险中性最优（对照）,392,localized,80.7802,80.7802,460.6644,1147.2794,-31.9585,-1146.8342,-0.167012,-0.174806,279.8807,724.2135,1161.9707,229.4559
风险中性最优（对照）,393,localized,99.2697,99.2697,556.4839,1147.2794,1147.2688,-4.9275,0.568188,-0.621371,10.4957,613.4154,1429.4907,229.4559
风险中性最优（对照）,394,localized,41.7804,41.7804,234.2646,1147.2794,671.2874,-930.3887,-0.395798,0.477528,317.5167,1149.8740,1279.3375,229.4559
风险中性最优（对照）,395,localized,62.3914,62.3914,335.0079,1147.2794,-491.8961,-1036.4787,0.628782,0.106820,255.2929,868.5303,1102.7234,229.4559
风险中性最优（对照）,396,localized,41.4746,41.4746,225.0211,1147.2794,645.1608,948.6925,0.433875,-0.291442,66.6583,1065.2443,1245.2505,229.4559
风险中性最优（对照）,397,localized,46.8190,46.8190,243.5103,1147.2794,-1147.1682,15.9757,0.986304,-0.195556,189.5258,998.2256,1081.4860,229.4559
风险中性最优（对照）,398,localized,165.2866,165.2866,962.6382,1147.2794,-141.3137,-1138.5431,0.193539,-0.541070,274.0411,188.8740,1147.5268,229.4559
风险中性最优（对照）,399,localized,102.0644,102.0644,545.8611,1147.2794,-1025.3059,514.7793,0.503654,0.613586,164.1462,625.2418,1365.8758,229.4559
随机可行点,0,no_signal,1500.1130,,2006.5691,1595.5181,-1576.2657,-247.1122,0.243282,,22.3734,420.2127,1215.6789,319.1036
随机可行点,1,localized,156.5365,156.5365,492.0307,767.1837,730.6597,-233.8957,0.755708,-0.836727,357.8777,1185.3384,1299.4520,153.4367
随机可行点,2,no_signal,1500.1130,,2430.5919,1542.3176,-55.5805,1541.3158,0.127649,,250.1798,930.4587,1243.5681,308.4635
随机可行点,3,no_signal,1500.1130,,2381.7478,1003.1440,-992.1507,-148.1040,-0.004837,,23.0956,1397.5494,1404.7522,200.6288
随机可行点,4,localized,1041.5795,1041.5795,680.2250,359.4734,359.3023,-11.0889,-0.051362,-0.118904,356.4506,1039.4328,1455.8636,71.8947
随机可行点,5,localized,59.3491,59.3491,616.1180,926.0062,236.2091,895.3730,-0.504767,-0.676482,53.8772,346.7343,1063.6914,185.2012
随机可行点,6,no_signal,1500.1130,,1444.5731,1364.4226,1294.4770,431.2519,-0.667997,,114.7286,347.7754,1067.1680,272.8845
随机可行点,7,no_signal,1500.1130,,1610.9734,1714.7698,-221.6220,-1700.3880,-0.892992,,332.4562,641.4516,1225.8454,342.9540
随机可行点,8,no_signal,1500.1130,,1176.3886,1721.8081,383.0607,-1678.6565,-0.699077,,248.4663,758.9304,1116.5329,344.3616
随机可行点,9,no_signal,1500.1130,,2176.3490,1350.0537,242.2112,1328.1486,-0.163761,,277.8962,852.6883,1037.7904,270.0107
随机可行点,10,localized,121.0623,121.0623,929.0360,1267.0990,129.9553,1260.4172,-0.580309,-0.159763,68.8769,355.2533,1180.7789,253.4198
随机可行点,11,no_signal,1500.1130,,1790.3845,1461.6729,-109.6425,1457.5549,0.127566,,15.6433,1360.5779,1373.6150,292.3346
随机可行点,12,no_signal,1500.1130,,1664.6887,1512.8247,987.7293,-1145.8749,-0.497693,,223.9774,784.7069,1107.0536,302.5649
随机可行点,13,no_signal,1500.1130,,1482.1049,1288.8336,-1236.6698,362.9597,0.060484,,244.8621,954.5486,1183.6276,257.7667
随机可行点,14,localized,77.2932,77.2932,1278.4349,1141.0648,-991.9557,-563.9617,0.995427,0.322058,134.7765,947.4791,1429.2412,228.2130
随机可行点,15,localized,13.4880,13.4880,231.4204,343.2425,-104.9966,-326.7891,-0.512387,0.870459,210.0006,274.8691,1070.1150,68.6485
随机可行点,16,no_signal,1500.1130,,1697.0700,1198.4329,390.5162,1133.0219,-0.229219,,174.9153,947.1871,1224.6156,239.6866
随机可行点,17,no_signal,1500.1130,,1595.3941,1539.1022,1339.8449,-757.3976,-0.042706,,49.4685,808.3895,1428.9288,307.8204
随机可行点,18,no_signal,1500.1130,,1117.1598,965.3916,-697.6317,-667.3013,0.574412,,321.7756,443.0502,1045.8684,193.0783
随机可行点,19,no_signal,1500.1130,,1461.2543,627.5504,134.0958,-613.0562,-0.571490,,70.2597,891.0030,1313.2764,125.5101
随机可行点,20,no_signal,1500.1130,,1939.9394,1328.4172,-846.5806,1023.7156,-0.898987,,29.0323,1191.1490,1418.5753,265.6834
随机可行点,21,no_signal,1500.1130,,3054.3475,1759.2676,347.4890,-1724.6083,0.670800,,83.6205,1331.4586,1358.4924,351.8535
随机可行点,22,localized,49.8401,49.8401,1189.3581,1417.6460,-1394.7504,-253.7548,-0.290068,-0.061333,133.9640,637.2193,1333.7048,283.5292
随机可行点,23,no_signal,1500.1130,,1714.5770,1125.3565,-893.6146,684.0177,0.255857,,235.2791,1241.4392,1336.2100,225.0713
随机可行点,24,localized,123.7316,123.7316,519.3223,262.9372,241.6433,103.6556,-0.696197,-0.176375,62.6407,694.8591,1308.1274,52.5874
随机可行点,25,no_signal,1500.1130,,2136.9635,1577.0144,1568.0213,-168.1775,0.768234,,210.5398,653.2828,1370.7592,315.4029
随机可行点,26,no_signal,1500.1130,,2050.1508,1702.7640,806.9511,-1499.4117,-0.402901,,29.7500,1099.1884,1368.8053,340.5528
随机可行点,27,no_signal,1500.1130,,1752.4402,1646.0911,-1561.5382,520.7822,-0.450971,,274.2033,239.7651,1378.8531,329.2182
随机可行点,28,no_signal,1500.1130,,2183.6966,1447.6781,1010.8360,-1036.3312,-0.860568,,133.6015,736.0534,1324.4620,289.5356
随机可行点,29,no_signal,1500.1130,,2023.5052,1470.8147,-203.3433,1456.6905,0.068252,,262.4276,567.6788,1221.4049,294.1629
随机可行点,30,localized,32.1918,32.1918,892.2684,921.3606,-613.8398,-687.0997,-0.235877,-0.192135,152.9196,190.4361,1145.1937,184.2721
随机可行点,31,localized,96.2029,96.2029,947.5990,619.3350,24.3644,-618.8555,0.949730,-0.461300,353.4112,818.7000,1328.4043,123.8670
随机可行点,32,localized,82.9911,82.9911,1281.3335,1349.8382,-1323.8381,263.6590,0.773389,0.916535,109.7293,1245.4305,1347.0574,269.9676
随机可行点,33,no_signal,1500.1130,,2517.5721,1478.8944,-1391.0451,-502.1179,-0.519048,,10.9558,1046.0519,1436.5989,295.7789
随机可行点,34,localized,161.5977,161.5977,470.9667,798.4869,-538.4844,589.5896,-0.211897,0.743638,143.8715,1225.9688,1419.8553,159.6974
随机可行点,35,localized,53.0144,53.0144,981.2489,1471.7036,-1467.6010,-109.8117,0.257920,0.777908,144.1560,873.6367,1197.1975,294.3407
随机可行点,36,localized,128.7902,128.7902,353.6970,578.2118,-453.9214,-358.1679,0.930668,-0.457458,231.8046,888.9754,1031.8554,115.6424
随机可行点,37,no_signal,1500.1130,,2464.5916,1457.2871,383.8505,-1405.8252,-0.629568,,138.1379,1110.2280,1111.1616,291.4574
随机可行点,38,localized,47.3739,47.3739,227.7285,1163.1485,1052.2538,495.6575,0.156412,0.829313,15.6342,1027.2150,1373.9745,232.6297
随机可行点,39,no_signal,1500.1130,,2252.9974,1298.2533,-1297.5377,-43.0996,-0.817805,,347.2643,972.8677,1020.0942,259.6507
随机可行点,40,localized,214.7070,214.7070,608.8265,1559.7589,-1556.2837,-104.0620,-0.757230,0.117288,178.4784,961.7500,1184.0600,311.9518
随机可行点,41,no_signal,1500.1130,,1310.5905,837.5035,-498.9921,672.6210,-0.867800,,230.8226,822.7689,1261.9453,167.5007
随机可行点,42,no_signal,1500.1130,,1684.6031,500.1584,-343.3778,-363.6622,0.520863,,103.9939,1361.2819,1498.5670,100.0317
随机可行点,43,no_signal,1500.1130,,1308.6240,329.8390,-190.9439,-268.9502,-0.379675,,59.5818,979.7075,1220.9163,65.9678
随机可行点,44,no_signal,1500.1130,,2034.2263,1551.6600,-1259.8630,-905.7561,0.516709,,303.1854,1385.6818,1427.8000,310.3320
随机可行点,45,localized,122.8419,122.8419,1201.0740,1748.0092,-1446.6905,-981.1334,0.063469,-0.970800,193.5390,604.6151,1331.4967,349.6018
随机可行点,46,no_signal,1500.1130,,1969.1269,1609.8751,-1602.1677,157.3422,-0.232372,,73.9812,879.7426,1121.5398,321.9750
随机可行点,47,no_signal,1500.1130,,1572.9214,1081.1380,-940.3103,-533.5503,-0.727211,,354.6118,559.7382,1050.8626,216.2276
随机可行点,48,localized,42.6928,42.6928,1034.0084,976.4814,326.9444,920.1213,-0.124272,-0.272924,167.7485,237.8234,1064.4481,195.2963
随机可行点,49,no_signal,1500.1130,,1721.8432,1712.8059,-299.7415,-1686.3745,0.600818,,173.7995,326.7016,1177.9894,342.5612
随机可行点,50,localized,594.4896,594.4896,1152.7789,493.9068,390.1404,302.8770,0.852923,0.170835,207.1401,663.7909,1480.8471,98.7814
随机可行点,51,no_signal,1500.1130,,1582.6706,793.5818,554.0772,568.1290,0.709809,,183.6970,901.2988,1135.8907,158.7164
随机可行点,52,localized,655.3634,655.3634,396.5315,1282.4338,614.7307,1125.4966,0.908175,-0.799586,59.8826,886.8533,1216.3460,256.4868
随机可行点,53,no_signal,1500.1130,,1850.9343,1777.8066,-1700.7434,517.7532,0.117159,,344.4388,73.1478,1043.5484,355.5613
随机可行点,54,localized,41.8561,41.8561,780.5685,1192.6030,166.8667,1180.8714,-0.116302,0.788476,41.4408,811.8322,1070.4476,238.5206
随机可行点,55,localized,70.1723,70.1723,979.4801,1522.1914,-1171.8733,-971.4833,-0.594452,-0.596363,248.8102,689.4038,1236.1484,304.4383
随机可行点,56,no_signal,1500.1130,,1882.6408,1509.6910,-1416.6200,521.8759,0.362823,,252.9530,1044.2485,1149.4679,301.9382
随机可行点,57,no_signal,1500.1130,,1067.4308,165.7238,-69.1315,-150.6161,0.483645,,84.4167,909.4289,1021.4485,33.1448
随机可行点,58,localized,677.7928,677.7928,562.5781,1417.5474,1255.1892,-658.7418,0.796867,0.454281,330.5197,856.0219,1038.4913,283.5095
随机可行点,59,localized,44.7195,44.7195,957.2467,933.3457,-932.0477,-49.2065,0.762128,0.580764,260.0433,508.1614,1087.9706,186.6691
随机可行点,60,no_signal,1500.1130,,1485.7429,1559.9802,-677.7270,-1405.0710,-0.032534,,181.3517,182.5126,1144.7831,311.9960
随机可行点,61,no_signal,1500.1130,,2093.1545,1471.4704,-1289.0122,-709.6991,0.750112,,337.3409,831.8410,1274.8428,294.2941
随机可行点,62,no_signal,1500.1130,,1553.4042,1396.6785,711.1478,1202.0731,0.494534,,131.0759,1248.2211,1393.4766,279.3357
随机可行点,63,localized,43.8944,43.8944,728.8330,839.3974,773.2351,326.6427,0.916431,0.629403,58.0870,140.8272,1165.3279,167.8795
随机可行点,64,no_signal,1500.1130,,1462.2909,1713.0293,615.2217,-1598.7406,-0.710062,,348.2665,1180.5815,1199.2516,342.6059
随机可行点,65,no_signal,1500.1130,,2220.4880,1041.5627,530.2673,896.4761,-0.475650,,238.9133,1178.9449,1464.4462,208.3125
随机可行点,66,no_signal,1500.1130,,2208.9020,1575.4658,-1145.8945,-1081.2115,0.071223,,321.5773,1338.8354,1488.6349,315.0932
随机可行点,67,localized,52.8416,52.8416,1170.1405,1405.8525,-1361.9223,348.6960,-0.965186,0.311698,115.6656,445.5558,1259.1465,281.1705
随机可行点,68,no_signal,1500.1130,,1646.5115,624.8484,-274.8049,-561.1754,-0.782832,,135.3402,1337.2997,1377.7037,124.9697
随机可行点,69,no_signal,1500.1130,,1914.9958,1553.0186,-678.4319,-1396.9957,-0.187381,,329.2663,1258.8131,1344.7853,310.6037
随机可行点,70,no_signal,1500.1130,,1327.7667,1478.5810,-782.5853,-1254.4967,-0.568208,,301.4173,788.5683,1149.8990,295.7162
随机可行点,71,localized,59.9737,59.9737,1255.9799,1248.7403,448.7034,1165.3401,-0.805425,0.022689,141.7735,761.0114,1445.8587,249.7481
随机可行点,72,localized,69.4441,69.4441,1146.9513,916.4711,-369.4192,838.7186,0.650030,0.397660,17.6644,598.9805,1285.2492,183.2942
随机可行点,73,localized,62.0194,62.0194,239.1924,1105.9562,677.4099,874.2168,0.315697,-0.721108,59.7858,906.4608,1497.0776,221.1912
随机可行点,74,no_signal,1500.1130,,1514.9369,1336.1283,-1335.9203,23.5752,-0.753918,,282.8024,463.0111,1058.8711,267.2257
随机可行点,75,localized,64.4092,64.4092,671.3225,1485.2289,-439.6909,1418.6531,-0.274258,0.528323,128.7799,990.4206,1171.6797,297.0458
随机可行点,76,no_signal,1500.1130,,1891.5081,1737.9164,1706.7561,-327.6231,-0.817025,,77.6694,792.3607,1387.9486,347.5833
随机可行点,77,localized,38.4675,38.4675,558.6920,910.6102,669.2684,-617.4874,0.916147,0.024111,286.4945,474.5240,1142.1365,182.1220
随机可行点,78,localized,42.0879,42.0879,922.4268,1200.8860,1139.1419,-380.1093,0.742843,0.805634,291.3619,771.2918,1185.3799,240.1772
随机可行点,79,localized,190.7150,190.7150,898.6329,270.5164,-24.6717,269.3890,-0.434333,0.152801,201.7372,783.5376,1080.3067,54.1033
随机可行点,80,no_signal,1500.1130,,1824.8641,1024.4693,-62.2433,1022.5767,-0.391305,,278.6973,802.2575,1231.3338,204.8939
随机可行点,81,localized,48.1216,48.1216,1110.2600,1272.8486,947.6489,849.7677,0.695178,-0.953758,341.7809,757.2310,1304.7607,254.5697
随机可行点,82,localized,38.2962,38.2962,349.0143,693.3366,-494.1910,486.3033,0.794258,0.906075,108.7379,776.1417,1321.8396,138.6673
随机可行点,83,localized,161.7547,161.7547,1070.3967,549.8063,81.7767,-543.6907,-0.877152,0.945310,154.6951,661.8180,1211.7598,109.9613
随机可行点,84,no_signal,1500.1130,,1954.4628,1428.2955,-68.5617,-1426.6490,0.728885,,165.0458,1065.9581,1077.1375,285.6591
随机可行点,85,localized,70.5647,70.5647,253.1535,1001.5835,-679.9976,-735.3725,-0.791284,-0.946354,234.3986,773.5268,1173.4065,200.3167
随机可行点,86,localized,153.8088,153.8088,1341.2940,747.2949,148.1513,732.4621,-0.751499,0.326278,327.8783,880.6970,1410.2699,149.4590
随机可行点,87,no_signal,1500.1130,,2716.8883,1756.1539,1189.6734,1291.8026,0.140452,,217.7279,969.5491,1232.7145,351.2308
随机可行点,88,no_signal,1500.1130,,2249.2783,1645.1183,1596.7288,-396.0700,0.111358,,232.6295,1013.2596,1075.8270,329.0237
随机可行点,89,no_signal,1500.1130,,1956.8531,1325.1644,-289.8295,-1293.0814,-0.568466,,133.5015,879.7435,1158.2183,265.0329
随机可行点,90,localized,81.0527,81.0527,1096.6591,840.1656,-827.4626,-145.5469,-0.870097,-0.849884,316.2833,365.2326,1165.8102,168.0331
随机可行点,91,localized,211.0725,211.0725,123.3759,1257.3042,868.4172,-909.2114,-0.223671,-0.505232,312.4895,1136.4773,1352.4500,251.4608
随机可行点,92,no_signal,1500.1130,,1649.8577,1325.0413,1198.3265,-565.4627,-0.352454,,81.4361,673.4407,1356.5542,265.0083
随机可行点,93,localized,89.9826,89.9826,855.8627,642.7424,-127.6474,-629.9397,-0.041684,0.369819,196.3017,938.8563,1238.2300,128.5485
随机可行点,94,localized,418.4192,418.4192,823.3974,272.3140,128.7091,239.9768,-0.025118,0.357057,222.1008,561.8809,1045.8640,54.4628
随机可行点,95,no_signal,1500.1130,,1849.6704,1376.2966,-156.1780,-1367.4066,0.646684,,125.8802,583.6499,1111.2467,275.2593
随机可行点,96,localized,63.0295,63.0295,1059.3997,1706.2255,304.2778,1678.8747,0.425771,-0.003519,115.5337,1028.9597,1087.6039,341.2451
随机可行点,97,localized,120.3575,120.3575,1407.9871,1097.7039,1051.3877,315.4961,0.242293,-0.831968,89.1271,1273.4686,1451.6237,219.5408
随机可行点,98,no_signal,1500.1130,,1617.1414,1016.6942,-814.1017,-609.0201,0.418278,,43.0099,602.6691,1452.8593,203.3388
随机可行点,99,localized,54.6276,54.6276,1027.7980,1543.9841,387.5346,1494.5580,-0.994516,0.481214,116.7041,1018.1850,1276.5310,308.7968
随机可行点,100,no_signal,1500.1130,,1573.0427,1043.1222,-882.6776,-555.8635,0.331610,,76.3466,646.7057,1106.9787,208.6244
随机可行点,101,no_signal,1500.1130,,1754.2668,1576.1217,1200.3242,1021.4605,0.206636,,284.7701,346.8965,1387.1133,315.2243
随机可行点,102,no_signal,1500.1130,,2049.5478,1552.5780,639.9365,-1414.5599,0.221565,,52.0279,798.6689,1001.3763,310.5156
随机可行点,103,localized,63.4679,63.4679,995.8437,1779.3917,112.9197,1775.8051,-0.606774,0.017187,53.2481,1274.1515,1307.0870,355.8783
随机可行点,104,no_signal,1500.1130,,1930.7377,1777.1083,811.3251,-1581.0963,0.898891,,212.3800,933.3880,1017.6875,355.4217
随机可行点,105,no_signal,1500.1130,,1701.0438,1319.9065,1283.5349,307.7197,0.384613,,217.7554,408.9640,1168.3785,263.9813
随机可行点,106,localized,390.6523,390.6523,598.0504,1364.3353,652.2087,1198.3466,-0.843129,0.537804,58.9821,767.9019,1182.9939,272.8671
随机可行点,107,localized,335.5463,335.5463,677.6273,1492.1376,1117.3947,988.8901,-0.920577,0.813914,38.2487,817.4294,1133.1740,298.4275
随机可行点,108,localized,69.5335,69.5335,738.1356,1409.5192,-425.0311,-1343.9096,0.082987,-0.834956,230.3414,792.6288,1424.4947,281.9038
随机可行点,109,no_signal,1500.1130,,1639.3322,896.9051,-580.4718,-683.7333,0.461277,,127.1012,1190.8531,1335.0386,179.3810
随机可行点,110,localized,44.3033,44.3033,470.2505,1046.9818,-853.0876,-606.9699,-0.571948,0.257594,241.2941,1054.1806,1292.4468,209.3964
随机可行点,111,no_signal,1500.1130,,1700.1912,1217.1066,4.9530,1217.0965,0.963713,,200.6729,829.7829,1024.8809,243.4213
随机可行点,112,no_signal,1500.1130,,1585.6595,1553.3518,69.2384,1551.8080,0.676421,,152.9107,1364.3659,1408.7248,310.6704
随机可行点,113,localized,109.4810,109.4810,814.2867,1476.8161,816.4560,-1230.6036,-0.012911,0.056628,288.5530,707.5556,1328.9897,295.3632
随机可行点,114,no_signal,1500.1130,,1502.0876,1572.4353,798.4755,-1354.6178,-0.670236,,234.0226,1047.8928,1058.6504,314.4871
随机可行点,115,no_signal,1500.1130,,2253.6561,1080.9559,-693.5933,-829.0923,-0.629695,,40.7243,1180.2260,1249.5452,216.1912
随机可行点,116,no_signal,1500.1130,,2729.6083,1780.2117,474.8770,1715.7055,0.929443,,206.4402,1197.4158,1282.3104,356.0423
随机可行点,117,localized,49.6702,49.6702,1164.7135,1415.0427,-133.7062,1408.7116,-0.122724,0.643686,40.6260,675.4955,1207.7545,283.0085
随机可行点,118,localized,42.1250,42.1250,787.7739,827.8843,-97.0449,-822.1768,-0.158647,-0.699661,327.9459,600.2246,1029.2018,165.5769
随机可行点,119,localized,652.0073,652.0073,768.2433,235.4415,-208.1912,-109.9506,0.792021,-0.061260,226.1497,988.1954,1449.5765,47.0883
随机可行点,120,localized,77.8702,77.8702,154.8520,531.3797,376.4705,-375.0124,-0.335037,-0.005050,308.7020,671.0995,1350.5946,106.2759
随机可行点,121,no_signal,1500.1130,,1652.8556,1704.6767,-1037.8828,1352.3024,-0.743200,,200.9831,237.7300,1254.1499,340.9353
随机可行点,122,no_signal,1500.1130,,1231.7957,1350.3905,-1253.6494,-501.9139,-0.974740,,136.1125,604.6823,1002.5622,270.0781
随机可行点,123,localized,27.7656,27.7656,410.5617,663.6882,68.5092,660.1428,0.556249,0.451003,46.5779,599.6546,1444.9643,132.7376
随机可行点,124,localized,57.7691,57.7691,707.3443,1037.7177,268.6436,-1002.3415,-0.670035,0.374121,323.2747,1110.0200,1165.1411,207.5435
随机可行点,125,localized,50.0618,50.0618,851.4402,1278.7868,-215.8592,1260.4366,-0.014019,0.302469,58.2526,1047.3092,1282.7359,255.7574
随机可行点,126,no_signal,1500.1130,,1200.0843,1798.9906,-608.2265,-1693.0528,0.982038,,240.1550,613.1920,1132.8908,359.7981
随机可行点,127,no_signal,1500.1130,,1395.9506,1338.1694,141.8860,1330.6260,0.771633,,175.0185,372.4979,1260.5491,267.6339
随机可行点,128,localized,303.2181,303.2181,1024.4776,322.2321,71.3605,-314.2312,-0.468515,-0.995495,341.6371,1153.3899,1365.1810,64.4464
随机可行点,129,no_signal,1500.1130,,2481.4409,1627.2221,357.4303,1587.4808,0.818939,,238.8636,883.8241,1319.9999,325.4444
随机可行点,130,no_signal,1500.1130,,2447.9912,1496.8795,156.8599,-1488.6380,-0.547615,,140.7538,1146.3803,1267.6127,299.3759
随机可行点,131,localized,492.9913,492.9913,572.3440,1642.9303,400.1026,1593.4673,0.560464,-0.456999,77.8745,1072.4076,1144.4434,328.5861
随机可行点,132,no_signal,1500.1130,,2168.3968,1261.4384,1213.1307,345.7465,-0.107477,,222.2461,964.4395,1329.8721,252.2877
随机可行点,133,localized,56.5171,56.5171,1343.8893,1239.3948,1198.3764,-316.2175,-0.959448,0.958098,92.1574,271.6153,1446.9806,247.8790
随机可行点,134,no_signal,1500.1130,,1479.0370,1392.4947,-1070.2602,890.8336,-0.705288,,320.8815,86.5476,1023.1840,278.4989
随机可行点,135,no_signal,1500.1130,,1460.0410,1669.8272,182.8179,-1659.7893,-0.527619,,218.2117,532.0919,1313.4993,333.9654
随机可行点,136,localized,50.6076,50.6076,1187.8052,1389.7213,-369.6621,-1339.6549,0.140233,0.669646,309.7932,464.1093,1450.5948,277.9443
随机可行点,137,no_signal,1500.1130,,2846.2767,1694.3370,1339.8018,-1037.1639,-0.937446,,114.5698,1234.8964,1466.2418,338.8674
随机可行点,138,localized,32.0911,32.0911,359.4253,684.8863,682.3837,-58.4957,-0.364170,0.070109,25.0592,703.8825,1469.3996,136.9773
随机可行点,139,localized,35.8178,35.8178,968.6739,970.0736,-99.5133,964.9559,-0.117282,-0.082836,12.9680,227.1896,1074.9381,194.0147
随机可行点,140,localized,51.1496,51.1496,992.6857,1274.9036,-1198.0812,-435.8676,0.482541,0.742716,250.4878,944.3165,1215.0917,254.9807
随机可行点,141,localized,47.0539,47.0539,964.3596,1337.7665,1294.8559,-336.1064,-0.172824,0.571268,299.8849,804.0443,1284.5682,267.5533
随机可行点,142,no_signal,1500.1130,,1395.9243,291.3823,-213.8593,197.9086,0.576843,,341.6443,1125.4119,1268.5104,58.2765
随机可行点,143,no_signal,1500.1130,,1723.5970,899.9550,852.1513,289.4083,-0.995749,,158.2898,936.9581,1000.8228,179.9910
随机可行点,144,no_signal,1500.1130,,1558.0284,1531.1599,-106.0495,-1527.4829,0.979275,,177.0604,316.9929,1252.8301,306.2320
随机可行点,145,localized,69.1823,69.1823,865.6718,585.6710,373.0237,-451.5129,0.892271,0.664178,201.4380,480.8112,1143.7037,117.1342
随机可行点,146,localized,267.1135,267.1135,380.5880,592.8573,-335.3036,-488.9287,-0.259430,-0.927356,229.3727,964.5953,1145.1125,118.5715
随机可行点,147,localized,55.8310,55.8310,794.2983,641.7293,165.2720,620.0820,0.599238,-0.615160,156.8359,568.9950,1429.2292,128.3459
随机可行点,148,no_signal,1500.1130,,1527.4085,592.1118,72.4373,-587.6642,-0.696650,,32.2550,1178.0390,1370.8475,118.4224
随机可行点,149,no_signal,1500.1130,,1827.7718,1443.8664,-11.7418,-1443.8187,0.970911,,169.4825,896.6939,1250.0602,288.7733
随机可行点,150,localized,64.2156,64.2156,1008.6377,925.3137,436.7742,-815.7412,-0.281753,0.274954,227.0626,800.6211,1419.5848,185.0627
随机可行点,151,localized,188.0551,188.0551,1367.8556,610.0469,-71.4355,-605.8499,-0.802956,-0.025660,16.4598,1007.4482,1475.3352,122.0094
随机可行点,152,no_signal,1500.1130,,1722.6128,1761.6371,-1477.3402,959.5996,0.319292,,81.7434,98.8018,1390.6967,352.3274
随机可行点,153,no_signal,1500.1130,,1550.0970,1188.8382,1066.1615,525.9619,0.302620,,265.2722,555.8848,1020.8419,237.7676
随机可行点,154,no_signal,1500.1130,,1754.1132,1474.2227,-1142.9713,931.1010,-0.044981,,32.4457,593.1982,1153.2474,294.8445
随机可行点,155,localized,40.5047,40.5047,807.9326,1146.7424,-438.7658,1059.4823,0.436714,0.843377,156.6734,703.5808,1230.0864,229.3485
随机可行点,156,no_signal,1500.1130,,2151.4197,951.8771,-875.5174,373.5496,-0.295310,,341.6934,1201.4055,1273.3841,190.3754
随机可行点,157,no_signal,1500.1130,,1610.9429,1796.9885,1086.7883,-1431.1041,0.736196,,244.6624,1056.6437,1198.8299,359.3977
随机可行点,158,localized,244.2098,244.2098,556.7645,511.3620,180.9574,-478.2735,-0.996514,-0.985365,304.6631,1039.2719,1234.0425,102.2724
随机可行点,159,no_signal,1500.1130,,1940.8682,1312.3075,475.6093,-1223.0890,0.570891,,32.9686,1188.0456,1207.2744,262.4615
随机可行点,160,localized,92.9101,92.9101,251.2230,1549.2267,-571.1053,-1440.1188,0.821248,-0.127398,253.6567,1335.9355,1432.4015,309.8453
随机可行点,161,localized,136.9888,136.9888,871.0100,1294.0625,1217.1416,-439.5043,0.913932,-0.235589,352.2156,437.5441,1197.3179,258.8125
随机可行点,162,no_signal,1500.1130,,1499.1725,1162.7320,-578.1313,1008.8162,0.246732,,343.6612,425.8522,1337.5755,232.5464
随机可行点,163,localized,62.8898,62.8898,859.1323,887.5020,-784.4638,-415.0620,0.515276,0.012560,264.8597,913.0856,1211.3510,177.5004
随机可行点,164,no_signal,1500.1130,,2588.7206,1709.1722,90.9764,-1706.7492,-0.278990,,165.1546,1488.7404,1497.8765,341.8344
随机可行点,165,localized,56.7806,56.7806,1125.0633,1626.9552,294.4731,-1600.0841,-0.663783,0.036356,236.6856,1156.3033,1464.6664,325.3910
随机可行点,166,no_signal,1500.1130,,1263.8953,936.8943,-923.0411,-160.5184,-0.013246,,307.3610,519.6900,1196.1629,187.3789
随机可行点,167,localized,128.3690,128.3690,1032.3964,507.6361,-375.8617,-341.2073,0.121361,-0.107759,113.7118,752.0637,1269.0582,101.5272
随机可行点,168,no_signal,1500.1130,,2082.0913,1148.9356,-979.3373,-600.7923,0.684556,,38.9657,937.5042,1076.7488,229.7871
随机可行点,169,no_signal,1500.1130,,1544.0998,1655.1263,-1088.7245,1246.6443,-0.495023,,65.7271,1034.3622,1356.5509,331.0253
随机可行点,170,no_signal,1500.1130,,2177.3429,1044.9063,666.1102,805.0630,0.914975,,271.8854,1281.6602,1472.8231,208.9813
随机可行点,171,no_signal,1500.1130,,2292.3506,1575.9356,1220.7118,-996.7124,-0.217023,,85.9025,988.8026,1445.3485,315.1871
随机可行点,172,localized,23.9469,23.9469,418.7961,343.5233,-340.3462,-46.6119,0.825550,0.595227,77.9567,149.8163,1312.3678,68.7047
随机可行点,173,no_signal,1500.1130,,1618.3002,1299.1246,331.4682,-1256.1264,0.848993,,42.6286,533.0919,1366.5967,259.8249
随机可行点,174,no_signal,1500.1130,,1917.7684,1620.7577,1607.3370,208.1425,-0.898167,,187.2918,297.0110,1264.1494,324.1515
随机可行点,175,no_signal,1500.1130,,1891.5556,1620.2069,-817.2120,-1399.0121,-0.818627,,333.6520,871.1058,1394.1882,324.0414
随机可行点,176,no_signal,1500.1130,,2272.9850,1273.8226,-254.0135,-1248.2392,-0.975671,,56.1332,1042.6983,1246.3821,254.7645
随机可行点,177,no_signal,1500.1130,,2082.2345,1201.3680,-161.0967,1190.5179,0.066999,,263.3750,896.9082,1051.7981,240.2736
随机可行点,178,localized,248.1520,248.1520,1267.4690,385.5808,-169.3474,346.4015,0.750630,-0.838537,358.0868,1040.0427,1323.1529,77.1162
随机可行点,179,no_signal,1500.1130,,2155.0546,1726.1039,747.4637,1555.8704,-0.506493,,304.4639,690.7066,1297.8511,345.2208
随机可行点,180,no_signal,1500.1130,,1325.2529,1213.1127,-948.8711,755.8347,0.551379,,242.9758,343.7456,1145.4553,242.6225
随机可行点,181,no_signal,1500.1130,,1927.2940,1470.6419,-1370.9004,532.3717,-0.121083,,3.5942,490.9425,1387.9749,294.1284
随机可行点,182,no_signal,1500.1130,,1386.0334,1586.1484,-1321.6113,877.0464,-0.791581,,86.8504,1027.1745,1355.8306,317.2297
随机可行点,183,localized,83.5342,83.5342,1200.5639,1731.5998,-784.1332,1543.8824,0.943161,0.701354,146.8965,667.5416,1407.2118,346.3200
随机可行点,184,no_signal,1500.1130,,1611.1397,1740.1693,1737.4299,97.6038,-0.785842,,69.8966,483.7030,1417.1530,348.0339
随机可行点,185,localized,33.8512,33.8512,722.1078,949.3362,602.9260,733.2935,-0.430752,-0.113882,98.7592,488.7161,1065.6343,189.8672
随机可行点,186,no_signal,1500.1130,,2100.3115,1039.5967,219.8802,-1016.0778,-0.187068,,117.4318,1079.3741,1469.6136,207.9193
随机可行点,187,no_signal,1500.1130,,1174.5734,1799.2744,-1600.5881,821.8917,-0.267385,,169.1820,666.8260,1052.5288,359.8549
随机可行点,188,localized,250.8797,250.8797,487.7982,1722.0016,-1697.7666,287.8859,0.113534,0.989127,166.7269,1243.1839,1444.5614,344.4003
随机可行点,189,no_signal,1500.1130,,1857.9576,1561.1230,1507.3143,406.3355,0.473361,,295.7708,1337.5899,1425.5749,312.2246
随机可行点,190,localized,28.9895,28.9895,543.5778,670.7272,-27.9411,-670.1449,0.947301,0.549487,320.3928,506.6891,1336.9849,134.1454
随机可行点,191,no_signal,1500.1130,,2135.3154,1613.0294,-555.7951,-1514.2508,0.080111,,2.0502,916.6041,1057.5761,322.6059
随机可行点,192,no_signal,1500.1130,,2176.6825,1590.8909,1572.3425,-242.2250,0.928721,,94.9577,1155.5405,1490.4839,318.1782
随机可行点,193,no_signal,1500.1130,,1732.9951,1342.3754,1319.7853,245.2317,-0.379553,,252.8753,637.7391,1353.3196,268.4751
随机可行点,194,localized,261.4813,261.4813,925.4955,239.7554,-104.9375,215.5708,0.449993,0.743584,9.1539,827.2775,1107.0876,47.9511
随机可行点,195,no_signal,1500.1130,,2230.9334,1423.4143,-1126.6207,869.9621,-0.573894,,349.9115,869.7388,1179.7576,284.6829
随机可行点,196,no_signal,1500.1130,,2007.6143,1702.3831,1701.7374,-46.8852,0.549334,,243.1173,561.4909,1119.4532,340.4766
随机可行点,197,no_signal,1500.1130,,2900.8875,1641.8861,737.4997,-1466.9301,0.839382,,138.9766,1314.0330,1499.2049,328.3772
随机可行点,198,localized,67.3751,67.3751,878.0725,1655.4163,1647.1318,165.4080,-0.039836,-0.079268,32.7765,1022.1430,1175.6290,331.0833
随机可行点,199,no_signal,1500.1130,,2192.0808,1074.9781,610.9105,-884.5147,0.222424,,90.3832,1218.3640,1398.5884,214.9956
随机可行点,200,localized,35.8104,35.8104,207.2004,323.0545,-315.0747,71.3593,0.294497,-0.409156,144.4224,462.8177,1270.0022,64.6109
随机可行点,201,localized,42.5068,42.5068,428.9677,1116.7802,-948.7144,589.1850,0.409234,0.188107,170.6015,1079.4965,1298.7189,223.3560
随机可行点,202,no_signal,1500.1130,,2484.3975,1709.6168,24.6860,-1709.4385,-0.941234,,78.3693,787.5081,1170.2434,341.9234
随机可行点,203,no_signal,1500.1130,,2098.8367,1347.0996,1341.4152,123.6232,0.074611,,224.3269,873.5268,1172.0821,269.4199
随机可行点,204,localized,276.6703,276.6703,499.5571,927.2154,-698.7723,609.4634,-0.975326,0.301718,143.2022,429.9062,1332.8232,185.4431
随机可行点,205,localized,52.2553,52.2553,1243.2964,1489.8872,1479.7400,173.5895,-0.586819,-0.936493,310.5052,713.0483,1268.8385,297.9774
随机可行点,206,no_signal,1500.1130,,2359.7270,1372.8097,1322.4152,-368.5438,0.298157,,191.0914,1051.0740,1089.5261,274.5619
随机可行点,207,no_signal,1500.1130,,1219.6610,1312.4944,-453.6339,-1231.6078,0.966010,,302.3140,164.0764,1137.7695,262.4989
随机可行点,208,localized,379.6304,379.6304,1316.2171,276.8955,95.5735,-259.8785,0.077292,-0.330780,67.4620,1099.3408,1487.0539,55.3791
随机可行点,209,localized,46.9540,46.9540,1096.3539,1196.8655,969.2701,702.1413,0.280755,0.011241,330.6320,641.3262,1304.5178,239.3731
随机可行点,210,no_signal,1500.1130,,2199.2128,1455.2192,-1364.6711,-505.3076,0.566034,,86.8329,1167.9803,1171.0498,291.0438
随机可行点,211,no_signal,1500.1130,,2499.5107,1373.8425,488.3518,-1284.1167,0.362147,,76.8994,1239.0121,1460.9159,274.7685
随机可行点,212,no_signal,1500.1130,,1630.5057,1204.7955,1199.5190,112.6329,-0.500979,,276.7853,1128.9277,1493.7380,240.9591
随机可行点,213,no_signal,1500.1130,,1397.9212,1045.0683,25.4062,-1044.7594,-0.117714,,357.2900,1006.2291,1392.8732,209.0137
随机可行点,214,localized,24.5184,24.5184,234.4056,561.1929,-304.3161,-471.5180,-0.140365,-0.237375,217.6454,388.2502,1145.3194,112.2386
随机可行点,215,localized,44.9140,44.9140,619.8908,1048.0031,-938.0721,467.2594,0.474661,0.188440,188.9812,974.5920,1023.7034,209.6006
随机可行点,216,no_signal,1500.1130,,1822.8938,918.2298,863.3895,312.5772,-0.303254,,136.0564,1221.1725,1225.3224,183.6460
随机可行点,217,localized,160.7658,160.7658,1435.5488,742.4373,-742.2585,16.2929,0.121545,-0.248763,79.6206,1116.5740,1451.7774,148.4875
随机可行点,218,no_signal,1500.1130,,1164.5413,1661.8115,-1353.5835,964.0691,-0.415322,,183.2588,771.5326,1023.5185,332.3623
随机可行点,219,no_signal,1500.1130,,2257.9624,1404.4626,599.7929,1269.9463,-0.877660,,294.5877,1081.0540,1349.7099,280.8925
随机可行点,220,no_signal,1500.1130,,1393.9161,1561.5410,1256.7719,926.7873,-0.015681,,333.8404,868.4148,1281.4934,312.3082
随机可行点,221,no_signal,1500.1130,,2375.9815,1321.5165,1318.6971,86.2788,0.945303,,230.1361,1263.3109,1327.1946,264.3033
随机可行点,222,localized,33.8909,33.8909,306.4229,808.2656,793.7780,-152.3476,0.366693,-0.379264,7.3623,594.5563,1070.7270,161.6531
随机可行点,223,localized,121.9806,121.9806,637.4611,545.1955,488.5324,-242.0211,0.148347,-0.378600,301.7970,1031.9622,1074.4141,109.0391
随机可行点,224,no_signal,1500.1130,,1561.1528,1030.1000,499.1613,-901.0794,0.534820,,195.8143,961.6129,1162.6546,206.0200
随机可行点,225,no_signal,1500.1130,,2342.9520,1450.2174,-657.5193,1292.5938,-0.015642,,310.1542,907.5127,1051.3022,290.0435
随机可行点,226,no_signal,1500.1130,,1558.9872,350.6919,-249.7289,246.2118,-0.498061,,7.0233,1316.8089,1395.0647,70.1384
随机可行点,227,no_signal,1500.1130,,2322.8770,1244.5921,749.0729,993.9313,0.196519,,208.4146,1132.6516,1191.7100,248.9184
随机可行点,228,localized,235.4883,235.4883,1222.2382,999.3600,-207.2787,977.6277,0.302702,0.696867,299.2616,231.3990,1228.6234,199.8720
随机可行点,229,localized,70.7835,70.7835,404.6952,942.8214,387.8933,-859.3317,-0.153049,0.892623,312.1155,1181.3303,1185.2393,188.5643
随机可行点,230,no_signal,1500.1130,,2360.0265,1432.8180,-189.6600,-1420.2100,0.217717,,107.4330,982.6256,1477.3510,286.5636
随机可行点,231,no_signal,1500.1130,,1858.4559,992.6298,969.1426,-214.6545,0.155800,,213.6955,1027.6497,1214.4969,198.5260
随机可行点,232,localized,653.6943,653.6943,508.9877,115.1035,112.0806,26.2059,-0.321236,0.617843,25.4091,620.8847,1081.9174,23.0207
随机可行点,233,localized,51.3428,51.3428,701.7194,976.5842,-239.1935,-946.8385,0.262658,-0.950401,298.5928,946.2960,1496.2534,195.3168
随机可行点,234,no_signal,1500.1130,,1734.4655,1408.2538,-1352.9582,390.7468,-0.104185,,73.9572,1014.1508,1223.5573,281.6508
随机可行点,235,no_signal,1500.1130,,1831.9223,1327.3079,948.8713,928.1107,-0.934206,,151.4105,932.1469,1219.5702,265.4616
随机可行点,236,no_signal,1500.1130,,2129.9871,1300.6972,984.9947,849.4696,-0.941424,,242.9084,867.9988,1085.5722,260.1394
随机可行点,237,no_signal,1500.1130,,1675.6155,871.5999,870.9897,32.6101,0.249115,,151.6503,865.1458,1201.7690,174.3200
随机可行点,238,localized,36.7812,36.7812,686.6704,688.7511,472.5247,501.0973,0.035666,0.783641,337.5000,483.6711,1079.9277,137.7502
随机可行点,239,localized,73.3943,73.3943,613.6342,1197.0026,-1191.4204,115.4663,0.224842,0.222752,157.4986,640.3833,1087.9305,239.4005
随机可行点,240,localized,50.0600,50.0600,734.4018,1397.6949,-213.5695,-1381.2817,-0.323673,-0.409853,230.4023,1036.4536,1202.4209,279.5390
随机可行点,241,no_signal,1500.1130,,1398.0237,1772.3589,-1724.7816,407.9024,-0.551640,,116.4197,822.4219,1015.8283,354.4718
随机可行点,242,no_signal,1500.1130,,2177.2577,1598.1732,1469.5156,628.2370,0.355672,,249.8751,744.7241,1367.5991,319.6346
随机可行点,243,no_signal,1500.1130,,2451.7980,1581.9388,1292.6057,911.9763,-0.487976,,204.6846,879.3771,1154.7666,316.3878
随机可行点,244,no_signal,1500.1130,,1473.6548,1647.6711,-1075.7064,-1248.0688,0.717515,,284.2139,353.0720,1093.4904,329.5342
随机可行点,245,localized,410.6622,410.6622,819.5466,1395.6189,869.3703,1091.7635,-0.173928,0.721987,55.9868,579.1414,1428.5166,279.1238
随机可行点,246,no_signal,1500.1130,,2028.6587,1012.3081,-831.1969,-577.8230,-0.078226,,33.7819,1016.4315,1280.6574,202.4616
随机可行点,247,no_signal,1500.1130,,1935.0158,1391.9572,345.6246,-1348.3652,0.210978,,23.3994,1143.4725,1224.1283,278.3914
随机可行点,248,localized,396.1837,396.1837,504.3759,471.8535,-412.2120,229.6236,0.710969,0.032636,144.0659,969.7799,1448.9645,94.3707
随机可行点,249,no_signal,1500.1130,,1185.9800,1204.6242,653.7806,1011.7759,0.300293,,137.0051,195.0510,1086.9611,240.9248
随机可行点,250,no_signal,1500.1130,,2023.2311,1543.0950,1312.3584,811.7004,-0.582905,,167.6192,606.7081,1261.4959,308.6190
随机可行点,251,no_signal,1500.1130,,1980.0389,1592.6920,-1465.3881,-623.9435,-0.264549,,11.9323,393.2895,1415.1105,318.5384
随机可行点,252,no_signal,1500.1130,,2211.7578,1441.1048,1439.2079,-73.9166,-0.585115,,144.3835,857.3657,1243.6467,288.2210
随机可行点,253,no_signal,1500.1130,,2216.9173,1756.3487,-1746.2089,-188.4544,-0.222807,,327.9803,552.2692,1345.9416,351.2697
随机可行点,254,no_signal,1500.1130,,1420.6723,288.4703,231.7631,171.7585,-0.338519,,179.4318,1179.9223,1277.8628,57.6941
随机可行点,255,no_signal,1500.1130,,1537.6991,1532.0311,1391.6474,640.6532,0.940096,,305.9579,625.0094,1094.3302,306.4062
随机可行点,256,no_signal,1500.1130,,2318.6547,1532.9557,1207.0790,944.9410,0.334834,,274.5022,1087.6890,1349.0321,306.5911
随机可行点,257,localized,58.5474,58.5474,928.4052,821.6646,-320.2594,-756.6813,0.423693,0.495973,172.3558,700.2741,1115.8088,164.3329
随机可行点,258,localized,60.4671,60.4671,1108.8645,903.9628,-76.1315,900.7512,0.954714,-0.587109,349.2732,443.9973,1164.8304,180.7926
随机可行点,259,localized,272.2587,272.2587,906.8442,309.9380,-309.2091,-21.2434,-0.674589,-0.406480,132.8262,1068.7862,1121.3144,61.9876
随机可行点,260,localized,64.4153,64.4153,828.0438,762.7383,462.9508,606.1735,0.746550,-0.114970,352.2426,872.8131,1443.7037,152.5477
随机可行点,261,no_signal,1500.1130,,2320.5485,1161.1098,771.4307,-867.7964,0.914624,,152.2412,1197.4582,1288.1629,232.2220
随机可行点,262,localized,120.5668,120.5668,895.4141,427.9925,-427.1245,-27.2443,-0.453079,0.800554,259.7278,896.1913,1165.5505,85.5985
随机可行点,263,localized,131.2895,131.2895,621.1963,319.4959,-227.8835,-223.9347,0.343081,0.734000,76.5093,326.7471,1455.2998,63.8992
随机可行点,264,localized,217.9854,217.9854,221.1395,903.6083,626.7172,-650.9482,-0.587947,-0.070014,316.6301,1119.5455,1240.4447,180.7217
随机可行点,265,no_signal,1500.1130,,2827.8835,1655.2350,-1084.6216,1250.3595,-0.176518,,319.1810,1179.7704,1362.5582,331.0470
随机可行点,266,no_signal,1500.1130,,2508.3327,1557.4943,1507.2670,-392.3452,-0.197429,,205.9911,1111.7078,1209.0219,311.4989
随机可行点,267,no_signal,1500.1130,,2493.8083,1598.4703,-258.3662,1577.4518,0.153588,,253.6703,954.8551,1161.8204,319.6941
随机可行点,268,localized,44.4123,44.4123,896.8591,894.5595,107.1820,888.1153,0.604426,-0.992659,156.2134,528.0551,1192.7246,178.9119
随机可行点,269,no_signal,1500.1130,,1521.2450,1530.4943,489.5515,-1450.0869,-0.660315,,215.7425,866.8645,1021.7047,306.0989
随机可行点,270,no_signal,1500.1130,,1635.7698,1634.0244,-1436.8993,778.0464,-0.158604,,227.5226,800.1219,1033.6796,326.8049
随机可行点,271,localized,78.8686,78.8686,510.5546,1700.5676,-1348.5975,-1035.9608,0.579933,0.842003,204.5269,1318.9584,1359.8488,340.1135
随机可行点,272,no_signal,1500.1130,,1509.3950,1092.6755,-438.6872,1000.7463,0.044999,,195.7991,1201.6584,1405.7202,218.5351
随机可行点,273,no_signal,1500.1130,,2046.8194,1438.5782,-1355.6215,-481.4536,0.542757,,87.3435,1010.4671,1193.7543,287.7156
随机可行点,274,localized,65.5235,65.5235,446.0597,1294.1663,-243.8424,-1270.9867,0.249108,-0.284472,245.2591,936.0945,1488.3024,258.8333
随机可行点,275,no_signal,1500.1130,,1642.7209,1675.0342,-1643.5666,323.1541,0.468418,,239.7889,986.8862,1355.0765,335.0068
随机可行点,276,no_signal,1500.1130,,1795.6373,1412.3304,127.8102,-1406.5353,-0.640252,,7.6834,1049.1974,1443.2486,282.4661
随机可行点,277,localized,88.8365,88.8365,1302.0545,1500.6426,-353.7414,-1458.3536,0.854978,0.422934,308.8981,1438.9059,1442.3702,300.1285
随机可行点,278,no_signal,1500.1130,,1207.9542,1566.7443,1180.1346,-1030.5193,0.607272,,299.5890,387.3085,1023.4705,313.3489
随机可行点,279,localized,90.8721,90.8721,724.1958,471.6052,-469.5425,-44.0603,0.165042,-0.772366,249.3907,793.6255,1456.2697,94.3210
随机可行点,280,localized,46.8938,46.8938,523.3101,992.1587,640.7608,-757.4989,0.816498,0.057953,280.2755,1028.3871,1034.7628,198.4317
随机可行点,281,localized,93.6963,93.6963,1071.8377,1120.8505,-1120.7842,12.1858,-0.787740,-0.503796,229.4569,1359.4936,1442.9277,224.1701
随机可行点,282,localized,49.7836,49.7836,405.4168,356.1895,-341.6243,100.8157,0.200864,-0.269486,210.9073,550.7353,1178.2157,71.2379
随机可行点,283,no_signal,1500.1130,,2170.6661,1289.3643,55.3036,-1288.1777,0.034699,,152.1933,1213.3900,1468.2816,257.8729
随机可行点,284,no_signal,1500.1130,,2128.0956,1412.7582,-1352.5641,407.9902,-0.237119,,273.0090,1183.4379,1434.9892,282.5516
随机可行点,285,no_signal,1500.1130,,1780.7159,1754.2493,1416.0831,1035.4222,-0.215894,,125.1780,337.8772,1043.5702,350.8499
随机可行点,286,no_signal,1500.1130,,2070.4752,1793.7612,1338.0028,1194.7081,-0.850639,,302.0260,774.3010,1402.5592,358.7522
随机可行点,287,localized,21.9694,21.9694,368.3059,571.3195,-160.8722,548.2026,0.666013,0.275743,70.4170,310.2019,1045.8939,114.2639
随机可行点,288,no_signal,1500.1130,,1669.8923,1657.0050,-776.3657,-1463.8722,0.201561,,59.2450,12.9027,1034.4570,331.4010
随机可行点,289,no_signal,1500.1130,,1329.4877,876.8315,-589.7538,-648.8635,0.117611,,132.3809,920.9171,1230.9509,175.3663
随机可行点,290,localized,60.3377,60.3377,214.1041,786.1622,785.9864,-16.6244,-0.176379,-0.279214,8.8711,938.0249,1074.0932,157.2324
随机可行点,291,localized,461.0594,461.0594,841.7681,201.3950,-200.9340,-13.6184,0.483177,-0.447979,154.9105,1012.2987,1342.2390,40.2790
随机可行点,292,no_signal,1500.1130,,2761.7654,1696.5257,40.7920,-1696.0353,0.319018,,43.9480,1315.3047,1367.9787,339.3051
随机可行点,293,no_signal,1500.1130,,1885.8826,1510.2563,722.8728,-1326.0200,-0.315343,,92.5855,408.4744,1134.4164,302.0513
随机可行点,294,no_signal,1500.1130,,1126.0791,1703.6014,1701.6602,-81.3025,-0.835971,,322.0301,841.8955,1046.2082,340.7203
随机可行点,295,no_signal,1500.1130,,1474.0233,1169.2335,-110.8143,1163.9704,0.137231,,192.7983,760.2030,1139.9812,233.8467
随机可行点,296,localized,59.6398,59.6398,1079.9348,1698.1346,-1067.8704,1320.3462,0.989331,-0.878328,167.9629,1163.7994,1434.7820,339.6269
随机可行点,297,localized,155.5808,155.5808,848.7463,1046.7854,807.9211,-665.5998,-0.063191,0.387919,309.9037,202.3186,1010.9216,209.3571
随机可行点,298,no_signal,1500.1130,,1839.6283,1492.6653,-25.5327,1492.4470,0.348071,,359.6083,1040.1189,1042.1356,298.5331
随机可行点,299,no_signal,1500.1130,,1582.3616,874.4055,-503.4139,-714.9542,-0.705958,,12.5320,822.2259,1468.2022,174.8811
随机可行点,300,no_signal,1500.1130,,1908.7534,871.5007,-848.2528,-199.9515,0.504832,,9.2555,1038.4120,1045.2087,174.3001
随机可行点,301,localized,83.3813,83.3813,911.5449,1449.3872,255.1758,-1426.7476,-0.708953,0.528358,258.3848,609.7292,1277.9532,289.8774
随机可行点,302,no_signal,1500.1130,,2281.0467,1245.7781,518.0044,-1132.9759,-0.047909,,156.1583,1194.1239,1362.4830,249.1556
随机可行点,303,localized,313.4033,313.4033,1038.8672,563.7161,552.4154,-112.3082,-0.146833,-0.986402,145.8111,495.7800,1240.8032,112.7432
随机可行点,304,no_signal,1500.1130,,2506.0841,1517.2700,1476.0019,351.4634,-0.233537,,218.0876,1046.0758,1281.9972,303.4540
随机可行点,305,localized,80.3165,80.3165,681.3994,1605.2272,502.8213,-1524.4426,-0.259167,0.328898,271.2201,1041.6780,1175.9953,321.0454
随机可行点,306,no_signal,1500.1130,,2149.5630,1666.1524,537.4072,1577.1041,-0.835365,,278.5120,528.6711,1459.3261,333.2305
随机可行点,307,localized,219.9371,219.9371,1067.5286,474.1264,405.4017,-245.8563,-0.659144,-0.535015,110.4114,654.3812,1097.7627,94.8253
随机可行点,308,no_signal,1500.1130,,1671.8001,1584.5246,-993.2229,1234.5956,-0.661738,,214.5399,664.1969,1082.1700,316.9049
随机可行点,309,no_signal,1500.1130,,1899.9571,847.1811,845.9543,-45.5751,0.072847,,119.8715,1301.1078,1407.5041,169.4362
随机可行点,310,no_signal,1500.1130,,2477.4254,1669.6507,-991.7969,-1343.1576,-0.239307,,33.6350,841.4850,1196.1575,333.9301
随机可行点,311,localized,207.3450,207.3450,1249.0006,547.4275,546.2926,35.2312,-0.075110,0.833523,61.2318,1454.2438,1472.1637,109.4855
随机可行点,312,no_signal,1500.1130,,1638.0712,1349.2383,965.1840,-942.7957,0.330034,,34.6038,1223.3571,1320.9584,269.8477
随机可行点,313,localized,131.4506,131.4506,732.2293,340.5653,291.1293,-176.7156,-0.671078,-0.482257,106.8803,442.4278,1088.7239,68.1131
随机可行点,314,no_signal,1500.1130,,1912.7220,1579.1655,-1515.4579,444.0170,-0.320343,,15.6711,380.7434,1155.9324,315.8331
随机可行点,315,localized,53.4589,53.4589,170.3496,1106.5025,-220.2044,-1084.3698,0.263400,0.954479,252.2104,980.5220,1076.1405,221.3005
随机可行点,316,localized,44.1182,44.1182,990.8040,1199.5932,-1171.4247,-258.4338,-0.382879,0.918069,141.3948,420.3334,1158.1128,239.9186
随机可行点,317,no_signal,1500.1130,,1320.7831,1399.2473,-1398.6576,-40.6184,0.832455,,251.9745,377.5234,1128.6945,279.8495
随机可行点,318,localized,147.6527,147.6527,682.6504,1318.7769,-1201.0481,544.6613,-0.023100,-0.929607,145.8700,654.5904,1265.9828,263.7554
随机可行点,319,localized,82.2069,82.2069,879.0764,1427.4980,-1205.5065,764.5290,-0.700161,-0.174256,169.8071,627.4318,1006.0391,285.4996
随机可行点,320,localized,46.7053,46.7053,396.9321,1269.5834,623.9085,-1105.7034,-0.173692,0.616585,281.2607,1233.6761,1244.8827,253.9167
随机可行点,321,no_signal,1500.1130,,1437.9200,1538.5374,1497.7770,351.7974,-0.844575,,80.2890,843.9331,1215.3813,307.7075
随机可行点,322,no_signal,1500.1130,,1614.0365,1365.1381,568.1231,-1241.3050,0.690717,,216.3926,1184.3948,1331.0983,273.0276
随机可行点,323,no_signal,1500.1130,,1848.0493,1346.7786,-949.5387,-955.0858,-0.483707,,75.0481,554.2044,1070.5089,269.3557
随机可行点,324,no_signal,1500.1130,,1416.5111,1713.7659,-1699.7344,218.8527,0.766303,,119.7622,662.0946,1056.8312,342.7532
随机可行点,325,localized,46.8054,46.8054,398.7655,1321.9645,862.1164,-1002.1704,-0.993410,0.236880,328.0625,1203.0060,1240.4390,264.3929
随机可行点,326,localized,41.5454,41.5454,770.3524,977.1988,962.7604,167.3618,0.318773,0.784647,60.6200,761.8856,1384.9907,195.4398
随机可行点,327,localized,97.1101,97.1101,1051.9054,850.1942,-442.9638,-725.6813,-0.827900,-0.605441,175.2342,1108.4257,1248.6030,170.0388
随机可行点,328,no_signal,1500.1130,,1980.6520,829.2830,534.5486,-634.0095,-0.982029,,126.5469,1152.3146,1378.9059,165.8566
随机可行点,329,no_signal,1500.1130,,1964.4429,1710.5384,1254.4054,-1162.9310,-0.100305,,211.0412,601.3829,1331.4834,342.1077
随机可行点,330,localized,137.0406,137.0406,692.2052,1485.0676,356.2654,-1441.7006,-0.192159,-0.247116,273.7033,821.1603,1216.8985,297.0135
随机可行点,331,localized,77.4725,77.4725,499.9791,315.5965,-265.6143,-170.4412,0.669131,-0.709390,57.6281,195.7768,1122.7533,63.1193
随机可行点,332,no_signal,1500.1130,,2130.3225,1558.0495,-1528.7684,300.6416,0.921213,,21.4782,645.4015,1442.9767,311.6099
随机可行点,333,no_signal,1500.1130,,2459.6582,1594.7921,-725.4015,-1420.2656,-0.815690,,25.4025,995.0282,1097.7633,318.9584
随机可行点,334,localized,201.5423,201.5423,754.0182,654.4863,654.4550,6.4008,0.866823,0.204338,190.2811,100.7869,1223.1268,130.8973
随机可行点,335,no_signal,1500.1130,,2401.1331,1714.7857,-1247.1832,1176.8704,-0.506759,,25.5597,1173.1898,1436.4824,342.9571
随机可行点,336,localized,62.6928,62.6928,1207.3510,1655.3542,695.0904,-1502.3471,-0.380352,0.448153,341.4010,1249.4451,1492.6312,331.0708
随机可行点,337,no_signal,1500.1130,,1618.7160,1335.6143,-362.2520,1285.5501,0.983211,,185.8101,1173.3289,1480.1179,267.1229
随机可行点,338,localized,58.3725,58.3725,1132.0048,1578.0753,248.6830,1558.3576,0.204333,0.589491,38.4647,781.7543,1328.6534,315.6151
随机可行点,339,localized,55.3772,55.3772,657.0333,1348.1178,634.4691,-1189.4834,-0.229227,0.498796,322.7399,885.7113,1228.0446,269.6236
随机可行点,340,localized,68.2588,68.2588,1015.5384,1359.6364,-1333.7080,264.2614,0.968978,-0.510814,199.1364,425.3646,1114.9673,271.9273
随机可行点,341,localized,29.0695,29.0695,382.4203,265.8730,-265.7887,6.6962,-0.418914,0.586758,270.4103,266.4109,1362.1303,53.1746
随机可行点,342,localized,78.7400,78.7400,1049.4902,1452.4868,293.0415,-1422.6189,0.171415,-0.605236,308.8732,479.3062,1235.5120,290.4974
随机可行点,343,localized,78.7399,78.7399,938.5871,1721.8957,-56.3857,-1720.9723,0.383758,-0.322962,292.4307,953.9694,1141.8077,344.3791
随机可行点,344,localized,69.9545,69.9545,1053.9034,1595.3715,1541.2228,-412.1197,0.970170,-0.302762,16.1450,709.3180,1361.0767,319.0743
随机可行点,345,no_signal,1500.1130,,2114.1957,1448.7849,-1425.6166,-258.0601,0.420472,,336.3254,751.3626,1168.8124,289.7570
随机可行点,346,localized,105.9291,105.9291,1170.6670,767.6471,583.8686,-498.3769,0.711919,0.578730,234.0211,946.1854,1419.4409,153.5294
随机可行点,347,no_signal,1500.1130,,1821.3185,1290.7113,-814.3374,-1001.3941,-0.326147,,335.7182,996.3382,1112.6052,258.1423
随机可行点,348,localized,42.4277,42.4277,881.0522,1206.4663,835.2801,870.5562,-0.664934,0.153350,359.8517,712.1050,1007.4009,241.2933
随机可行点,349,localized,62.0269,62.0269,1025.1582,891.0771,340.2952,823.5397,0.615983,-0.778798,351.1069,757.1324,1352.1921,178.2154
随机可行点,350,no_signal,1500.1130,,1335.5747,816.1473,-814.9067,-44.9830,-0.963466,,8.5013,520.8088,1163.7686,163.2295
随机可行点,351,no_signal,1500.1130,,1787.1444,1439.5902,1423.2233,-216.4612,0.918608,,183.2919,353.7077,1031.2814,287.9180
随机可行点,352,localized,132.4465,132.4465,541.4747,485.0743,353.2708,-332.4106,-0.087804,0.264490,341.5727,941.9319,1207.7700,97.0149
随机可行点,353,localized,62.0120,62.0120,705.1696,1243.3922,847.6912,-909.6394,0.868132,0.665137,336.2734,636.5554,1353.0612,248.6784
随机可行点,354,no_signal,1500.1130,,2019.5364,1606.3036,-505.8538,-1524.5732,0.219563,,352.2180,964.2853,1197.3097,321.2607
随机可行点,355,no_signal,1500.1130,,1381.7676,1165.6522,951.8037,672.9150,0.643806,,119.4470,869.3733,1290.9858,233.1304
随机可行点,356,no_signal,1500.1130,,2279.2132,1308.4298,967.3555,-881.0288,-0.812081,,134.2659,971.7698,1412.7069,261.6860
随机可行点,357,no_signal,1500.1130,,1715.5825,1493.3551,1409.8762,492.2993,0.925628,,292.4502,931.9854,1126.8285,298.6710
随机可行点,358,no_signal,1500.1130,,2397.0752,1660.3280,-1002.1362,-1323.7871,0.935045,,116.8881,1148.3022,1393.1054,332.0656
随机可行点,359,localized,22.1617,22.1617,444.8663,508.4030,-316.1071,-398.1833,-0.996314,0.639063,172.1018,337.1289,1430.2349,101.6806
随机可行点,360,localized,88.8015,88.8015,723.2599,1278.2388,598.3875,1129.5250,-0.605060,-0.009380,45.8776,598.3096,1282.0176,255.6478
随机可行点,361,no_signal,1500.1130,,1359.7718,934.1303,884.9647,299.0599,-0.927094,,138.5292,627.0363,1227.4418,186.8261
随机可行点,362,localized,105.9208,105.9208,996.2148,1759.7918,-1320.7678,1162.9443,0.562263,-0.362016,119.0246,855.4772,1250.2610,351.9584
随机可行点,363,no_signal,1500.1130,,1712.9532,813.6079,609.2333,-539.2519,-0.364902,,145.2359,902.3125,1146.0246,162.7216
随机可行点,364,localized,759.8324,759.8324,449.4828,1690.8102,288.3847,-1666.0353,0.570936,-0.457813,280.7105,1241.8915,1283.8569,338.1620
随机可行点,365,no_signal,1500.1130,,1804.7442,1172.9619,-372.3866,-1112.2804,0.097148,,344.5037,1311.3019,1368.5340,234.5924
随机可行点,366,localized,51.7859,51.7859,686.9094,1286.9900,-937.2458,-881.9941,-0.775864,0.681708,196.1302,788.4400,1427.2050,257.3980
随机可行点,367,no_signal,1500.1130,,2009.5748,1735.5342,-1116.6779,1328.5743,0.685440,,23.0441,625.5708,1004.9471,347.1068
随机可行点,368,no_signal,1500.1130,,1355.5296,1745.5373,-1423.8293,-1009.7577,-0.611494,,224.9083,397.1355,1194.2632,349.1075
随机可行点,369,no_signal,1500.1130,,1372.6155,1506.7455,-1009.2227,-1118.8170,0.718013,,162.5492,712.3448,1171.4046,301.3491
随机可行点,370,no_signal,1500.1130,,2265.3758,1585.5834,-1534.9879,397.3500,-0.219432,,20.3397,775.1013,1438.9984,317.1167
随机可行点,371,localized,128.7219,128.7219,1088.3876,1555.6285,-448.6009,-1489.5426,0.906944,0.218798,235.6205,501.3938,1197.0032,311.1257
随机可行点,372,no_signal,1500.1130,,1220.0475,1542.5225,994.5451,1179.0910,-0.788179,,101.8302,1059.3729,1192.8839,308.5045
随机可行点,373,no_signal,1500.1130,,2147.3804,1799.8540,-1351.9399,1188.1637,0.803763,,283.0084,411.2925,1142.9993,359.9708
随机可行点,374,localized,45.6213,45.6213,400.6327,1029.7138,-1029.7109,-2.4731,0.583031,-0.017305,162.1404,735.8444,1017.2632,205.9428
随机可行点,375,no_signal,1500.1130,,1953.3859,1464.9326,566.0618,1351.1483,0.025906,,314.6719,846.5517,1035.8794,292.9865
随机可行点,376,no_signal,1500.1130,,1508.0150,1093.0729,824.1780,718.0105,-0.321516,,152.5072,713.4680,1156.0423,218.6146
随机可行点,377,localized,85.3907,85.3907,1006.2872,1202.0005,121.9149,-1195.8019,0.968090,-0.179093,322.1766,1335.6166,1374.6868,240.4001
随机可行点,378,localized,65.1555,65.1555,604.2786,1552.5207,-55.4390,-1551.5306,-0.538822,0.932451,249.4107,1123.5140,1221.6919,310.5041
随机可行点,379,no_signal,1500.1130,,2252.2615,1381.8578,1319.2224,-411.3189,-0.034149,,123.3243,1006.3415,1047.7296,276.3716
随机可行点,380,no_signal,1500.1130,,2226.8083,1159.7603,863.0253,774.7460,-0.005346,,180.4127,1221.4087,1339.7509,231.9521
随机可行点,381,localized,40.4009,40.4009,675.0603,979.0146,173.3929,-963.5375,0.029142,0.206292,315.9531,436.0446,1247.8313,195.8029
随机可行点,382,localized,41.9158,41.9158,278.8923,798.4938,-560.8882,-568.3280,0.999956,0.896445,238.7768,568.0930,1310.8819,159.6988
随机可行点,383,no_signal,1500.1130,,1308.5407,903.0986,-863.8542,-263.3304,0.588314,,39.5729,427.9689,1206.5368,180.6197
随机可行点,384,no_signal,1500.1130,,1913.6937,1243.5666,-945.8293,-807.3814,-0.922653,,23.7554,688.9841,1444.7625,248.7133
随机可行点,385,localized,774.3582,774.3582,806.4599,74.8001,-52.9548,-52.8284,-0.932614,0.309020,164.2183,840.4076,1414.1074,14.9600
随机可行点,386,localized,44.7163,44.7163,771.0018,1031.5475,-1025.9304,107.5044,0.000354,0.391423,137.2411,364.6907,1047.4844,206.3095
随机可行点,387,localized,187.9755,187.9755,819.2149,342.5049,30.0556,341.1836,0.262303,0.444750,303.5044,523.0303,1289.4094,68.5010
随机可行点,388,localized,62.9979,62.9979,1107.1071,1504.2545,-1222.1225,877.0394,-0.332421,0.475534,182.5778,582.5197,1285.6345,300.8509
随机可行点,389,localized,51.4296,51.4296,380.2064,1319.8037,1281.3229,-316.3754,-0.548343,-0.048679,331.2456,1103.4173,1287.4949,263.9607
随机可行点,390,localized,55.7102,55.7102,770.2438,862.2629,265.6748,820.3134,-0.241868,0.262003,19.3022,871.4012,1429.4537,172.4526
随机可行点,391,no_signal,1500.1130,,1272.7448,676.8230,-451.9680,503.7998,0.294613,,276.7964,658.0395,1104.6938,135.3646
随机可行点,392,localized,61.2357,61.2357,609.4377,519.0446,-372.9164,-361.0273,-0.167012,-0.174806,279.8807,724.2135,1161.9707,103.8089
随机可行点,393,localized,47.3132,47.3132,838.4020,1234.4172,1097.1981,-565.6343,0.568188,-0.621371,10.4957,613.4154,1429.4907,246.8834
随机可行点,394,no_signal,1500.1130,,1674.7654,1531.1856,1279.0607,841.7440,-0.395798,,317.5167,1149.8740,1279.3375,306.2371
随机可行点,395,no_signal,1500.1130,,1124.2742,475.7222,473.6538,44.3140,0.628782,,255.2929,868.5303,1102.7234,95.1444
随机可行点,396,no_signal,1500.1130,,1757.4901,1588.6154,1543.7342,-374.9445,0.433875,,66.6583,1065.2443,1245.2505,317.7231
随机可行点,397,localized,49.7620,49.7620,807.4675,1128.5979,-669.3855,-908.6563,0.986304,-0.195556,189.5258,998.2256,1081.4860,225.7196
随机可行点,398,no_signal,1500.1130,,1554.0426,1716.3647,938.2528,-1437.2159,0.193539,,274.0411,188.8740,1147.5268,343.2729
随机可行点,399,no_signal,1500.1130,,2061.3728,1458.6114,1457.1783,64.6421,0.503654,,164.1462,625.2418,1365.8758,291.7223
沿测向方向750m,0,localized,750.0000,750.0000,329.7959,750.0000,692.3236,288.4235,0.243282,0.401396,22.3734,420.2127,1215.6789,150.0000
沿测向方向750m,1,localized,750.2739,750.2739,435.5160,750.0000,749.7867,-17.8864,0.755708,-0.836727,357.8777,1185.3384,1299.4520,150.0000
沿测向方向750m,2,localized,750.2073,750.2073,180.4683,750.0000,-252.7290,-706.1360,0.127649,0.316142,250.1798,930.4587,1243.5681,150.0000
沿测向方向750m,3,localized,750.2358,750.2358,647.5494,750.0000,689.9137,294.1412,-0.004837,-0.910582,23.0956,1397.5494,1404.7522,150.0000
沿测向方向750m,4,localized,750.1146,750.1146,289.4339,750.0000,748.5195,-47.1023,-0.051362,-0.118904,356.4506,1039.4328,1455.8636,150.0000
沿测向方向750m,5,localized,675.4035,675.4035,403.2907,750.0000,447.4588,601.8975,-0.504767,-0.676482,53.8772,346.7343,1063.6914,150.0000
沿测向方向750m,6,localized,664.0869,664.0869,402.2686,750.0000,-305.7776,684.8358,-0.667997,-0.551883,114.7286,347.7754,1067.1680,150.0000
沿测向方向750m,7,localized,134.0024,134.0024,109.0853,750.0000,659.5069,-357.1423,-0.892992,-0.347364,332.4562,641.4516,1225.8454,150.0000
沿测向方向750m,8,localized,18.4839,18.4839,12.8253,750.0000,-283.7783,-694.2405,-0.699077,0.865744,248.4663,758.9304,1116.5329,150.0000
沿测向方向750m,9,localized,750.1349,750.1349,102.7138,750.0000,100.9103,-743.1804,-0.163761,-0.827517,277.8962,852.6883,1037.7904,150.0000
沿测向方向750m,10,localized,750.0000,750.0000,394.7813,750.0000,277.3519,696.8328,-0.580309,-0.159763,68.8769,355.2533,1180.7789,150.0000
沿测向方向750m,11,localized,750.1497,750.1497,610.5820,750.0000,721.7672,203.8433,0.127566,0.562479,15.6433,1360.5779,1373.6150,150.0000
沿测向方向750m,12,localized,77.8886,77.8886,35.3409,750.0000,-544.2139,-516.0729,-0.497693,0.554266,223.9774,784.7069,1107.0536,150.0000
沿测向方向750m,13,localized,750.1630,750.1630,204.5506,750.0000,-317.8821,-679.3018,0.060484,0.683507,244.8621,954.5486,1183.6276,150.0000
沿测向方向750m,14,localized,306.6941,306.6941,198.0214,750.0000,-537.4270,523.1369,0.995427,0.322058,134.7765,947.4791,1429.2412,150.0000
沿测向方向750m,15,localized,750.0000,750.0000,475.1483,750.0000,-652.8430,-369.1830,-0.512387,0.870459,210.0006,274.8691,1070.1150,150.0000
沿测向方向750m,16,localized,750.2305,750.2305,197.2159,750.0000,-746.7766,69.4600,-0.229219,0.670874,174.9153,947.1871,1224.6156,150.0000
沿测向方向750m,17,localized,750.2375,750.2375,58.3924,750.0000,487.8241,569.6733,-0.042706,0.827175,49.4685,808.3895,1428.9288,150.0000
沿测向方向750m,18,localized,666.0543,666.0543,307.0042,750.0000,593.8178,-458.1271,0.574412,0.297077,321.7756,443.0502,1045.8684,150.0000
沿测向方向750m,19,localized,750.2607,750.2607,141.2386,750.0000,260.3470,703.3629,-0.571490,-0.681650,70.2597,891.0030,1313.2764,150.0000
沿测向方向750m,20,localized,750.2646,750.2646,441.3981,750.0000,661.3899,353.6430,-0.898987,0.002177,29.0323,1191.1490,1418.5753,150.0000
沿测向方向750m,21,localized,750.2055,750.2055,581.5763,750.0000,74.6031,746.2804,0.670800,0.989519,83.6205,1331.4586,1358.4924,150.0000
沿测向方向750m,22,localized,441.3059,441.3059,112.8350,750.0000,-517.9150,542.4611,-0.290068,-0.061333,133.9640,637.2193,1333.7048,150.0000
沿测向方向750m,23,localized,750.2502,750.2502,491.4581,750.0000,-424.4273,-618.3538,0.255857,-0.406936,235.2791,1241.4392,1336.2100,150.0000
沿测向方向750m,24,localized,84.8538,84.8538,55.8343,750.0000,352.7452,661.8692,-0.696197,-0.176375,62.6407,694.8591,1308.1274,150.0000
沿测向方向750m,25,localized,140.3884,140.3884,97.1715,750.0000,-640.7892,-389.7296,0.768234,0.178128,210.5398,653.2828,1370.7592,150.0000
沿测向方向750m,26,localized,750.3080,750.3080,349.2467,750.0000,653.7497,367.5749,-0.402901,0.409563,29.7500,1099.1884,1368.8053,150.0000
沿测向方向750m,27,localized,750.0000,750.0000,510.2458,750.0000,49.0832,-748.3922,-0.450971,0.636424,274.2033,239.7651,1378.8531,150.0000
沿测向方向750m,28,localized,21.0467,21.0467,17.8617,750.0000,-509.0135,550.8224,-0.860568,-0.219245,133.6015,736.0534,1324.4620,150.0000
沿测向方向750m,29,localized,750.0000,750.0000,182.3229,750.0000,-97.9483,-743.5766,0.068252,-0.374686,262.4276,567.6788,1221.4049,150.0000
沿测向方向750m,30,localized,750.0000,750.0000,559.5661,750.0000,-666.3653,344.1762,-0.235877,-0.192135,152.9196,190.4361,1145.1937,150.0000
沿测向方向750m,31,localized,78.0628,78.0628,69.9171,750.0000,746.3705,-73.6962,0.949730,-0.461300,353.4112,818.7000,1328.4043,150.0000
沿测向方向750m,32,localized,750.2362,750.2362,495.6022,750.0000,-262.6887,702.4917,0.773389,0.916535,109.7293,1245.4305,1347.0574,150.0000
沿测向方向750m,33,localized,750.2364,750.2364,296.1606,750.0000,737.5915,135.8630,-0.519048,0.250582,10.9558,1046.0519,1436.5989,150.0000
沿测向方向750m,34,localized,750.2362,750.2362,475.9820,750.0000,-604.1330,444.4359,-0.211897,0.743638,143.8715,1225.9688,1419.8553,150.0000
沿测向方向750m,35,localized,750.2285,750.2285,123.6904,750.0000,-609.9317,436.4440,0.257920,0.777908,144.1560,873.6367,1197.1975,150.0000
沿测向方向750m,36,localized,170.8448,170.8448,139.6069,750.0000,-454.1238,-596.8849,0.930668,-0.457458,231.8046,888.9754,1031.8554,150.0000
沿测向方向750m,37,localized,750.3390,750.3390,360.3675,750.0000,-553.0320,506.6118,-0.629568,0.294166,138.1379,1110.2280,1111.1616,150.0000
沿测向方向750m,38,localized,750.1462,750.1462,277.2254,750.0000,721.6969,204.0922,0.156412,0.829313,15.6342,1027.2150,1373.9745,150.0000
沿测向方向750m,39,localized,341.0203,341.0203,223.2009,750.0000,729.1135,-175.7653,-0.817805,0.632954,347.2643,972.8677,1020.0942,150.0000
沿测向方向750m,40,localized,482.7532,482.7532,212.0472,750.0000,-749.4069,29.8214,-0.757230,0.117288,178.4784,961.7500,1184.0600,150.0000
沿测向方向750m,41,localized,111.0904,111.0904,73.7351,750.0000,-482.5442,-574.1525,-0.867800,-0.962985,230.8226,822.7689,1261.9453,150.0000
沿测向方向750m,42,localized,750.1273,750.1273,611.3509,750.0000,-187.9719,726.0624,0.520863,0.856340,103.9939,1361.2819,1498.5670,150.0000
沿测向方向750m,43,localized,750.2447,750.2447,229.7777,750.0000,384.0084,644.2341,-0.379675,-0.499054,59.5818,979.7075,1220.9163,150.0000
沿测向方向750m,44,localized,750.2578,750.2578,635.7483,750.0000,416.1561,-623.9504,0.516709,-0.568713,303.1854,1385.6818,1427.8000,150.0000
沿测向方向750m,45,localized,750.0000,750.0000,145.3868,750.0000,-728.9631,-176.3884,0.063469,-0.970800,193.5390,604.6151,1331.4967,150.0000
沿测向方向750m,46,localized,750.2392,750.2392,129.7844,750.0000,209.8864,720.0331,-0.232372,0.633260,73.9812,879.7426,1121.5398,150.0000
沿测向方向750m,47,localized,447.7227,447.7227,190.4395,750.0000,745.7320,-79.8987,-0.727211,0.462553,354.6118,559.7382,1050.8626,150.0000
沿测向方向750m,48,localized,750.0000,750.0000,512.1775,750.0000,-732.5724,160.7411,-0.124272,-0.272924,167.7485,237.8234,1064.4481,150.0000
沿测向方向750m,49,localized,750.0000,750.0000,423.3302,750.0000,-746.4209,73.1833,0.600818,0.288212,173.7995,326.7016,1177.9894,150.0000
沿测向方向750m,50,localized,112.1259,112.1259,86.8466,750.0000,-662.2536,-352.0230,0.852923,0.170835,207.1401,663.7909,1480.8471,150.0000
沿测向方向750m,51,localized,508.0454,508.0454,151.6413,750.0000,-747.7827,-57.6285,0.709809,0.746215,183.6970,901.2988,1135.8907,150.0000
沿测向方向750m,52,localized,160.8111,160.8111,137.4625,750.0000,365.9999,654.6328,0.908175,-0.799586,59.8826,886.8533,1216.3460,150.0000
沿测向方向750m,53,localized,750.0000,750.0000,676.8523,750.0000,722.9181,-199.7234,0.117159,-0.693973,344.4388,73.1478,1043.5484,150.0000
沿测向方向750m,54,localized,750.2327,750.2327,61.8525,750.0000,563.2367,495.2418,-0.116302,0.788476,41.4408,811.8322,1070.4476,150.0000
沿测向方向750m,55,localized,102.6758,102.6758,61.0537,750.0000,-278.3341,-696.4411,-0.594452,-0.596363,248.8102,689.4038,1236.1484,150.0000
沿测向方向750m,56,localized,750.3099,750.3099,294.3019,750.0000,-215.3223,-718.4263,0.362823,-0.033832,252.9530,1044.2485,1149.4679,150.0000
沿测向方向750m,57,localized,578.6607,578.6607,159.5812,750.0000,66.6661,747.0312,0.483645,-0.538889,84.4167,909.4289,1021.4485,150.0000
沿测向方向750m,58,localized,189.6521,189.6521,106.6059,750.0000,657.9636,-359.9776,0.796867,0.454281,330.5197,856.0219,1038.4913,150.0000
沿测向方向750m,59,localized,343.8788,343.8788,241.9779,750.0000,-119.8402,-740.3636,0.762128,0.580764,260.0433,508.1614,1087.9706,150.0000
沿测向方向750m,60,localized,750.0000,750.0000,567.4874,750.0000,-749.8012,-17.2663,-0.032534,-0.834303,181.3517,182.5126,1144.7831,150.0000
沿测向方向750m,61,localized,134.7081,134.7081,82.4917,750.0000,695.8331,-279.8504,0.750112,0.009899,337.3409,831.8410,1274.8428,150.0000
沿测向方向750m,62,localized,750.2386,750.2386,498.2911,750.0000,-497.6550,561.1056,0.494534,-0.597072,131.0759,1248.2211,1393.4766,150.0000
沿测向方向750m,63,localized,750.0000,750.0000,609.1950,750.0000,386.2404,642.8984,0.916431,0.629403,58.0870,140.8272,1165.3279,150.0000
沿测向方向750m,64,localized,750.2370,750.2370,430.7394,750.0000,732.3814,-161.6089,-0.710062,-0.392515,348.2665,1180.5815,1199.2516,150.0000
沿测向方向750m,65,localized,750.2606,750.2606,429.0159,750.0000,-392.5698,-639.0532,-0.475650,-0.258146,238.9133,1178.9449,1464.4462,150.0000
沿测向方向750m,66,localized,750.1733,750.1733,588.8367,750.0000,588.1648,-465.3624,0.071223,-0.546779,321.5773,1338.8354,1488.6349,150.0000
沿测向方向750m,67,localized,681.6947,681.6947,304.5999,750.0000,-313.4051,681.3789,-0.965186,0.311698,115.6656,445.5558,1259.1465,150.0000
沿测向方向750m,68,localized,750.2994,750.2994,587.4591,750.0000,-526.2175,534.4110,-0.782832,-0.282479,135.3402,1337.2997,1377.7037,150.0000
沿测向方向750m,69,localized,750.2631,750.2631,508.8230,750.0000,643.4070,-385.3926,-0.187381,0.977626,329.2663,1258.8131,1344.7853,150.0000
沿测向方向750m,70,localized,74.6529,74.6529,39.3151,750.0000,384.5844,-643.8904,-0.568208,0.624921,301.4173,788.5683,1149.8990,150.0000
沿测向方向750m,71,localized,19.4152,19.4152,15.2982,750.0000,-582.5962,472.3153,-0.805425,0.022689,141.7735,761.0114,1445.8587,150.0000
沿测向方向750m,72,localized,252.3377,252.3377,151.2108,750.0000,712.0097,235.6739,0.650030,0.397660,17.6644,598.9805,1285.2492,150.0000
沿测向方向750m,73,localized,750.2288,750.2288,156.5267,750.0000,373.8493,650.1821,0.315697,-0.721108,59.7858,906.4608,1497.0776,150.0000
沿测向方向750m,74,localized,750.0000,750.0000,287.0936,750.0000,156.5550,-733.4784,-0.753918,0.899730,282.8024,463.0111,1058.8711,150.0000
沿测向方向750m,75,localized,750.2323,750.2323,240.4560,750.0000,-466.9435,586.9104,-0.274258,0.528323,128.7799,990.4206,1171.6797,150.0000
沿测向方向750m,76,localized,62.7620,62.7620,43.7637,750.0000,170.5953,730.3405,-0.817025,-0.923881,77.6694,792.3607,1387.9486,150.0000
沿测向方向750m,77,localized,468.3728,468.3728,275.6411,750.0000,224.4131,-715.6387,0.916147,0.024111,286.4945,474.5240,1142.1365,150.0000
沿测向方向750m,78,localized,34.3219,34.3219,23.4643,750.0000,282.2251,-694.8734,0.742843,0.805634,291.3619,771.2918,1185.3799,150.0000
沿测向方向750m,79,localized,91.7440,91.7440,34.0373,750.0000,-698.7550,-272.4730,-0.434333,0.152801,201.7372,783.5376,1080.3067,150.0000
沿测向方向750m,80,localized,223.8612,223.8612,52.5254,750.0000,108.3451,-742.1330,-0.391305,-0.635489,278.6973,802.2575,1231.3338,150.0000
沿测向方向750m,81,localized,16.8513,16.8513,11.6573,750.0000,715.1934,-225.8282,0.695178,-0.953758,341.7809,757.2310,1304.7607,150.0000
沿测向方向750m,82,localized,39.1705,39.1705,28.2002,750.0000,-250.7513,706.8407,0.794258,0.906075,108.7379,776.1417,1321.8396,150.0000
沿测向方向750m,83,localized,134.0605,134.0605,88.8391,750.0000,-673.0476,330.9183,-0.877152,0.945310,154.6951,661.8180,1211.7598,150.0000
沿测向方向750m,84,localized,645.3105,645.3105,316.1628,750.0000,-727.0027,184.3016,0.728885,-0.704093,165.0458,1065.9581,1077.1375,150.0000
沿测向方向750m,85,localized,35.6477,35.6477,25.7713,750.0000,-444.9866,-603.7275,-0.791284,-0.946354,234.3986,773.5268,1173.4065,150.0000
沿测向方向750m,86,localized,222.0193,222.0193,131.1310,750.0000,629.9057,-407.0857,-0.751499,0.326278,327.8783,880.6970,1410.2699,150.0000
沿测向方向750m,87,localized,750.2052,750.2052,219.5591,750.0000,-592.0674,-460.3870,0.140452,0.012117,217.7279,969.5491,1232.7145,150.0000
沿测向方向750m,88,localized,750.2411,750.2411,263.2651,750.0000,-454.0662,-596.9287,0.111358,-0.548692,232.6295,1013.2596,1075.8270,150.0000
沿测向方向750m,89,localized,264.0489,264.0489,129.9935,750.0000,-510.8572,549.1128,-0.568466,0.991424,133.5015,879.7435,1158.2183,150.0000
沿测向方向750m,90,localized,447.6346,447.6346,384.8494,750.0000,534.1406,-526.4920,-0.870097,-0.849884,316.2833,365.2326,1165.8102,150.0000
沿测向方向750m,91,localized,750.1738,750.1738,386.4941,750.0000,504.4282,-555.0245,-0.223671,-0.505232,312.4895,1136.4773,1352.4500,150.0000
沿测向方向750m,92,localized,311.5168,311.5168,76.6840,750.0000,116.2446,740.9367,-0.352454,0.688585,81.4361,673.4407,1356.5542,150.0000
沿测向方向750m,93,localized,750.1489,750.1489,188.8572,750.0000,-720.0007,-209.9975,-0.041684,0.369819,196.3017,938.8563,1238.2300,150.0000
沿测向方向750m,94,localized,750.0000,750.0000,188.1193,750.0000,-556.6952,-502.5838,-0.025118,0.357057,222.1008,561.8809,1045.8640,150.0000
沿测向方向750m,95,localized,286.8196,286.8196,166.5176,750.0000,-446.4003,602.6830,0.646684,0.348468,125.8802,583.6499,1111.2467,150.0000
沿测向方向750m,96,localized,750.2569,750.2569,279.0361,750.0000,-328.3020,674.3277,0.425771,-0.003519,115.5337,1028.9597,1087.6039,150.0000
沿测向方向750m,97,localized,750.2399,750.2399,523.4849,750.0000,8.2539,749.9546,0.242293,-0.831968,89.1271,1273.4686,1451.6237,150.0000
沿测向方向750m,98,localized,750.0000,750.0000,147.4126,750.0000,544.6775,515.5836,0.418278,-0.978278,43.0099,602.6691,1452.8593,150.0000
沿测向方向750m,99,localized,332.8870,332.8870,268.6136,750.0000,-325.3568,675.7536,-0.994516,0.481214,116.7041,1018.1850,1276.5310,150.0000
沿测向方向750m,100,localized,273.2560,273.2560,103.3730,750.0000,172.8152,729.8184,0.331610,0.670584,76.3466,646.7057,1106.9787,150.0000
沿测向方向750m,101,localized,645.6768,645.6768,403.1077,750.0000,193.8207,-724.5230,0.206636,0.983771,284.7701,346.8965,1387.1133,150.0000
沿测向方向750m,102,localized,437.9604,437.9604,48.7609,750.0000,459.1689,593.0126,0.221565,-0.081148,52.0279,798.6689,1001.3763,150.0000
沿测向方向750m,103,localized,750.2379,750.2379,524.2538,750.0000,455.1024,596.1391,-0.606774,0.017187,53.2481,1274.1515,1307.0870,150.0000
沿测向方向750m,104,localized,326.8067,326.8067,183.8571,750.0000,-627.0074,-411.5359,0.898891,0.272623,212.3800,933.3880,1017.6875,150.0000
沿测向方向750m,105,localized,554.5667,554.5667,341.0563,750.0000,-589.8777,-463.1893,0.384613,0.891269,217.7554,408.9640,1168.3785,150.0000
沿测向方向750m,106,localized,25.4748,25.4748,21.0995,750.0000,395.8951,636.9985,-0.843129,0.537804,58.9821,767.9019,1182.9939,150.0000
沿测向方向750m,107,localized,76.4976,76.4976,68.5929,750.0000,596.3820,454.7840,-0.920577,0.813914,38.2487,817.4294,1133.1740,150.0000
沿测向方向750m,108,localized,750.2381,750.2381,42.6434,750.0000,-477.8224,-578.0880,0.082987,-0.834956,230.3414,792.6288,1424.4947,150.0000
沿测向方向750m,109,localized,750.2127,750.2127,440.9188,750.0000,-457.2196,594.5168,0.461277,0.317616,127.1012,1190.8531,1335.0386,150.0000
沿测向方向750m,110,localized,750.2338,750.2338,304.3101,750.0000,-366.7843,-654.1936,-0.571948,0.257594,241.2941,1054.1806,1292.4468,150.0000
沿测向方向750m,111,localized,98.0549,98.0549,80.8788,750.0000,-697.1560,-276.5384,0.963713,0.265286,200.6729,829.7829,1024.8809,150.0000
沿测向方向750m,112,localized,750.3013,750.3013,614.4819,750.0000,-671.7088,333.6275,0.676421,0.601523,152.9107,1364.3659,1408.7248,150.0000
沿测向方向750m,113,localized,750.0000,750.0000,42.4447,750.0000,238.4766,-711.0759,-0.012911,0.056628,288.5530,707.5556,1328.9897,150.0000
沿测向方向750m,114,localized,695.5272,695.5272,298.0732,750.0000,-447.6686,-601.7415,-0.670236,0.721467,234.0226,1047.8928,1058.6504,150.0000
沿测向方向750m,115,localized,750.2508,750.2508,430.3502,750.0000,573.7368,483.0384,-0.629695,-0.325529,40.7243,1180.2260,1249.5452,150.0000
沿测向方向750m,116,localized,750.2563,750.2563,447.6798,750.0000,-666.0444,-344.7969,0.929443,0.462928,206.4402,1197.4158,1282.3104,150.0000
沿测向方向750m,117,localized,750.0000,750.0000,74.5201,750.0000,570.2767,487.1186,-0.122724,0.643686,40.6260,675.4955,1207.7545,150.0000
沿测向方向750m,118,localized,561.6508,561.6508,149.7869,750.0000,634.5556,-399.7989,-0.158647,-0.699661,327.9459,600.2246,1029.2018,150.0000
沿测向方向750m,119,localized,557.7691,557.7691,238.4925,750.0000,-512.0566,-547.9946,0.792021,-0.061260,226.1497,988.1954,1449.5765,150.0000
沿测向方向750m,120,localized,263.0704,263.0704,79.0095,750.0000,465.5222,-588.0383,-0.335037,-0.005050,308.7020,671.0995,1350.5946,150.0000
沿测向方向750m,121,localized,750.0000,750.0000,512.2993,750.0000,-703.6893,-259.4637,-0.743200,0.537745,200.9831,237.7300,1254.1499,150.0000
沿测向方向750m,122,localized,221.5381,221.5381,145.7686,750.0000,-531.6040,529.0531,-0.974740,0.659395,136.1125,604.6823,1002.5622,150.0000
沿测向方向750m,123,localized,281.1917,281.1917,150.4863,750.0000,510.2135,549.7110,0.556249,0.451003,46.5779,599.6546,1444.9643,150.0000
沿测向方向750m,124,localized,750.2348,750.2348,360.1781,750.0000,595.8483,-455.4830,-0.670035,0.374121,323.2747,1110.0200,1165.1411,150.0000
沿测向方向750m,125,localized,750.1163,750.1163,297.3093,750.0000,394.7870,637.6858,-0.014019,0.302469,58.2526,1047.3092,1282.7359,150.0000
沿测向方向750m,126,localized,167.9875,167.9875,137.3009,750.0000,-362.0376,-656.8324,0.982038,0.079018,240.1550,613.1920,1132.8908,150.0000
沿测向方向750m,127,localized,750.0000,750.0000,377.5692,750.0000,-747.9764,55.0571,0.771633,0.230498,175.0185,372.4979,1260.5491,150.0000
沿测向方向750m,128,localized,750.1183,750.1183,403.4616,750.0000,709.8544,-242.0882,-0.468515,-0.995495,341.6371,1153.3899,1365.1810,150.0000
沿测向方向750m,129,localized,190.5929,190.5929,134.3291,750.0000,-378.5927,-647.4315,0.818939,-0.541958,238.8636,883.8241,1319.9999,150.0000
沿测向方向750m,130,localized,750.3056,750.3056,396.4794,750.0000,-576.2644,480.0201,-0.547615,0.640370,140.7538,1146.3803,1267.6127,150.0000
沿测向方向750m,131,localized,750.2303,750.2303,322.5269,750.0000,150.3604,734.7733,0.560464,-0.456999,77.8745,1072.4076,1144.4434,150.0000
沿测向方向750m,132,localized,750.2107,750.2107,214.4455,750.0000,-556.1428,-503.1950,-0.107477,-0.882564,222.2461,964.4395,1329.8721,150.0000
沿测向方向750m,133,localized,750.0000,750.0000,478.4444,750.0000,-15.6801,749.8361,-0.959448,0.958098,92.1574,271.6153,1446.9806,150.0000
沿测向方向750m,134,localized,750.0000,750.0000,663.4598,750.0000,576.0132,-480.3215,-0.705288,0.459100,320.8815,86.5476,1023.1840,150.0000
沿测向方向750m,135,localized,346.7264,346.7264,217.9857,750.0000,-593.5453,-458.4801,-0.527619,-0.875512,218.2117,532.0919,1313.4993,150.0000
沿测向方向750m,136,localized,750.0000,750.0000,285.8943,750.0000,481.4229,-575.0930,0.140233,0.669646,309.7932,464.1093,1450.5948,150.0000
沿测向方向750m,137,localized,750.3341,750.3341,485.1519,750.0000,-300.6501,687.1023,-0.937446,0.449142,114.5698,1234.8964,1466.2418,150.0000
沿测向方向750m,138,localized,137.3361,137.3361,46.3482,750.0000,681.4086,313.3407,-0.364170,0.070109,25.0592,703.8825,1469.3996,150.0000
沿测向方向750m,139,localized,750.0000,750.0000,522.8111,750.0000,731.2148,166.8082,-0.117282,-0.082836,12.9680,227.1896,1074.9381,150.0000
沿测向方向750m,140,localized,750.2552,750.2552,194.4458,750.0000,-244.5427,-709.0126,0.482541,0.742716,250.4878,944.3165,1215.0917,150.0000
沿测向方向750m,141,localized,657.3810,657.3810,54.0950,750.0000,371.7318,-651.3950,-0.172824,0.571268,299.8849,804.0443,1284.5682,150.0000
沿测向方向750m,142,localized,750.2850,750.2850,375.5258,750.0000,714.1817,-229.0077,0.576843,-0.929152,341.6443,1125.4119,1268.5104,150.0000
沿测向方向750m,143,localized,195.5777,195.5777,187.5249,750.0000,-691.8737,289.5009,-0.995749,0.856240,158.2898,936.9581,1000.8228,150.0000
沿测向方向750m,144,localized,708.2114,708.2114,433.0873,750.0000,-749.5611,25.6556,0.979275,0.342260,177.0604,316.9929,1252.8301,150.0000
沿测向方向750m,145,localized,332.3558,332.3558,269.3512,750.0000,-693.7566,-284.9592,0.892271,0.664178,201.4380,480.8112,1143.7037,150.0000
沿测向方向750m,146,localized,750.1480,750.1480,214.6299,750.0000,-490.9247,-567.0035,-0.259430,-0.927356,229.3727,964.5953,1145.1125,150.0000
沿测向方向750m,147,localized,591.7209,591.7209,181.1339,750.0000,-692.5843,287.7968,0.599238,-0.615160,156.8359,568.9950,1429.2292,150.0000
沿测向方向750m,148,localized,750.2389,750.2389,428.1916,750.0000,639.0809,392.5246,-0.696650,-0.322063,32.2550,1178.0390,1370.8475,150.0000
沿测向方向750m,149,localized,222.9460,222.9460,147.3506,750.0000,-739.6134,124.3867,0.970911,0.552856,169.4825,896.6939,1250.0602,150.0000
沿测向方向750m,150,localized,275.5186,275.5186,50.7643,750.0000,-513.5927,-546.5551,-0.281753,0.274954,227.0626,800.6211,1419.5848,150.0000
沿测向方向750m,151,localized,672.9976,672.9976,257.7362,750.0000,722.1714,202.4065,-0.802956,-0.025660,16.4598,1007.4482,1475.3352,150.0000
沿测向方向750m,152,localized,750.0000,750.0000,651.1999,750.0000,103.5669,742.8148,0.319292,-0.287143,81.7434,98.8018,1390.6967,150.0000
沿测向方向750m,153,localized,608.4975,608.4975,194.1451,750.0000,-57.8683,-747.7642,0.302620,0.366073,265.2722,555.8848,1020.8419,150.0000
沿测向方向750m,154,localized,750.0000,750.0000,156.8027,750.0000,633.2411,401.8777,-0.044981,0.626456,32.4457,593.1982,1153.2474,150.0000
沿测向方向750m,155,localized,101.2131,101.2131,46.7483,750.0000,-690.9404,291.7214,0.436714,0.843377,156.6734,703.5808,1230.0864,150.0000
沿测向方向750m,156,localized,750.1546,750.1546,451.4320,750.0000,710.8181,-239.2437,-0.295310,-0.346955,341.6934,1201.4055,1273.3841,150.0000
沿测向方向750m,157,localized,750.2475,750.2475,306.8570,750.0000,-312.2271,-681.9195,0.736196,-0.259042,244.6624,1056.6437,1198.8299,150.0000
沿测向方向750m,158,localized,750.2832,750.2832,289.6792,750.0000,415.7694,-624.2081,-0.996514,-0.985365,304.6631,1039.2719,1234.0425,150.0000
沿测向方向750m,159,localized,750.2372,750.2372,438.1466,750.0000,625.1290,414.3835,0.570891,-0.853981,32.9686,1188.0456,1207.2744,150.0000
沿测向方向750m,160,localized,750.2569,750.2569,586.1111,750.0000,-200.7064,-722.6458,0.821248,-0.127398,253.6567,1335.9355,1432.4015,150.0000
沿测向方向750m,161,localized,718.5797,718.5797,312.5894,750.0000,744.6144,-89.7187,0.913932,-0.235589,352.2156,437.5441,1197.3179,150.0000
沿测向方向750m,162,localized,750.0000,750.0000,324.1570,750.0000,720.6132,-207.8860,0.246732,-0.699733,343.6612,425.8522,1337.5755,150.0000
沿测向方向750m,163,localized,750.2284,750.2284,163.2553,750.0000,-60.4760,-747.5578,0.515276,0.012560,264.8597,913.0856,1211.3510,150.0000
沿测向方向750m,164,localized,750.2293,750.2293,738.7583,750.0000,-724.0213,195.6863,-0.278990,0.822662,165.1546,1488.7404,1497.8765,150.0000
沿测向方向750m,165,localized,750.3204,750.3204,406.4465,750.0000,-419.1580,-621.9377,-0.663783,0.036356,236.6856,1156.3033,1464.6664,150.0000
沿测向方向750m,166,localized,750.0000,750.0000,230.3101,750.0000,454.9883,-596.2262,-0.013246,0.111508,307.3610,519.6900,1196.1629,150.0000
沿测向方向750m,167,direct,0.0000,0.0000,2.6056,750.0000,-303.0557,686.0446,0.121361,,113.7118,752.0637,1269.0582,150.0000
沿测向方向750m,168,localized,750.3345,750.3345,187.7716,750.0000,577.4653,478.5748,0.684556,0.952690,38.9657,937.5042,1076.7488,150.0000
沿测向方向750m,169,localized,750.2328,750.2328,284.4640,750.0000,314.2084,681.0089,-0.495023,0.664040,65.7271,1034.3622,1356.5509,150.0000
沿测向方向750m,170,localized,750.2639,750.2639,531.8907,750.0000,36.6427,-749.1043,0.914975,-0.267759,271.8854,1281.6602,1472.8231,150.0000
沿测向方向750m,171,localized,750.2860,750.2860,238.8249,750.0000,56.4241,747.8745,-0.217023,0.303115,85.9025,988.8026,1445.3485,150.0000
沿测向方向750m,172,localized,750.0000,750.0000,600.2031,750.0000,145.9036,735.6712,0.825550,0.595227,77.9567,149.8163,1312.3678,150.0000
沿测向方向750m,173,localized,375.1227,375.1227,217.1104,750.0000,544.2328,516.0530,0.848993,-0.085346,42.6286,533.0919,1366.5967,150.0000
沿测向方向750m,174,localized,750.0000,750.0000,453.0494,750.0000,-745.3352,-83.5195,-0.898167,-0.289867,187.2918,297.0110,1264.1494,150.0000
沿测向方向750m,175,localized,155.4280,155.4280,121.6551,750.0000,667.2617,-342.4352,-0.818627,0.959051,333.6520,871.1058,1394.1882,150.0000
沿测向方向750m,176,localized,359.6300,359.6300,293.0854,750.0000,428.4916,615.5444,-0.975671,0.612766,56.1332,1042.6983,1246.3821,150.0000
沿测向方向750m,177,localized,750.1250,750.1250,146.9114,750.0000,-85.6561,-745.0926,0.066999,0.619770,263.3750,896.9082,1051.7981,150.0000
沿测向方向750m,178,localized,490.5700,490.5700,290.2734,750.0000,749.8456,-15.2170,0.750630,-0.838537,358.0868,1040.0427,1323.1529,150.0000
沿测向方向750m,179,localized,128.3392,128.3392,59.6338,750.0000,418.9326,-622.0896,-0.506493,0.022892,304.4639,690.7066,1297.8511,150.0000
沿测向方向750m,180,localized,750.0000,750.0000,406.2838,750.0000,-334.3301,-671.3594,0.551379,0.196408,242.9758,343.7456,1145.4553,150.0000
沿测向方向750m,181,localized,750.0000,750.0000,259.0607,750.0000,748.6225,45.4347,-0.121083,-0.327103,3.5942,490.9425,1387.9749,150.0000
沿测向方向750m,182,localized,750.2322,750.2322,277.4396,750.0000,51.5489,748.2264,-0.791581,0.062456,86.8504,1027.1745,1355.8306,150.0000
沿测向方向750m,183,localized,90.8539,90.8539,83.2770,750.0000,-634.9212,399.2180,0.943161,0.701354,146.8965,667.5416,1407.2118,150.0000
沿测向方向750m,184,localized,488.4974,488.4974,266.4251,750.0000,267.4219,700.7036,-0.785842,-0.108603,69.8966,483.7030,1417.1530,150.0000
沿测向方向750m,185,localized,750.0000,750.0000,261.3235,750.0000,-108.6352,742.0906,-0.430752,-0.113882,98.7592,488.7161,1065.6343,150.0000
沿测向方向750m,186,localized,750.1201,750.1201,329.3872,750.0000,-343.3441,666.7944,-0.187068,-0.886170,117.4318,1079.3741,1469.6136,150.0000
沿测向方向750m,187,localized,393.4967,393.4967,83.2394,750.0000,-736.0062,144.2044,-0.267385,0.236258,169.1820,666.8260,1052.5288,150.0000
沿测向方向750m,188,localized,750.1934,750.1934,493.1876,750.0000,-730.3049,170.7475,0.113534,0.989127,166.7269,1243.1839,1444.5614,150.0000
沿测向方向750m,189,localized,750.2295,750.2295,587.6482,750.0000,331.6485,-672.6881,0.473361,-0.331420,295.7708,1337.5899,1425.5749,150.0000
沿测向方向750m,190,localized,297.6068,297.6068,243.5243,750.0000,585.6511,-468.5220,0.947301,0.549487,320.3928,506.6891,1336.9849,150.0000
沿测向方向750m,191,localized,750.2273,750.2273,166.6082,750.0000,749.4817,27.8792,0.080111,-0.493798,2.0502,916.6041,1057.5761,150.0000
沿测向方向750m,192,localized,750.3302,750.3302,405.8212,750.0000,-76.9170,746.0454,0.928721,0.817279,94.9577,1155.5405,1490.4839,150.0000
沿测向方向750m,193,localized,264.4001,264.4001,112.3543,750.0000,-225.5824,-715.2710,-0.379553,-0.682737,252.8753,637.7391,1353.3196,150.0000
沿测向方向750m,194,localized,363.4409,363.4409,77.5247,750.0000,739.4884,125.1274,0.449993,0.743584,9.1539,827.2775,1107.0876,150.0000
沿测向方向750m,195,localized,273.3094,273.3094,120.0118,750.0000,737.0509,-138.7657,-0.573894,0.582389,349.9115,869.7388,1179.7576,150.0000
沿测向方向750m,196,localized,349.4134,349.4134,188.6118,750.0000,-332.6946,-672.1713,0.549334,0.511302,243.1173,561.4909,1119.4532,150.0000
沿测向方向750m,197,localized,750.2655,750.2655,564.2205,750.0000,-572.9824,483.9330,0.839382,0.730610,138.9766,1314.0330,1499.2049,150.0000
沿测向方向750m,198,localized,750.1349,750.1349,272.1437,750.0000,630.8736,405.5841,-0.039836,-0.079268,32.7765,1022.1430,1175.6290,150.0000
沿测向方向750m,199,localized,750.2640,750.2640,468.3787,750.0000,-7.9272,749.9581,0.222424,-0.766471,90.3832,1218.3640,1398.5884,150.0000
沿测向方向750m,200,localized,750.0000,750.0000,287.1983,750.0000,-612.2313,433.2122,0.294497,-0.409156,144.4224,462.8177,1270.0022,150.0000
沿测向方向750m,201,localized,750.2333,750.2333,329.5592,750.0000,-740.7883,117.1865,0.409234,0.188107,170.6015,1079.4965,1298.7189,150.0000
沿测向方向750m,202,localized,42.6579,42.6579,39.5758,750.0000,163.2490,732.0176,-0.941234,0.789929,78.3693,787.5081,1170.2434,150.0000
沿测向方向750m,203,localized,750.2369,750.2369,123.5313,750.0000,-535.8409,-524.7614,0.074611,-0.964533,224.3269,873.5268,1172.0821,150.0000
沿测向方向750m,204,localized,744.2990,744.2990,320.2397,750.0000,-592.8318,459.4023,-0.975326,0.301718,143.2022,429.9062,1332.8232,150.0000
沿测向方向750m,205,localized,62.4184,62.4184,37.7031,750.0000,481.2715,-575.2198,-0.586819,-0.936493,310.5052,713.0483,1268.8385,150.0000
沿测向方向750m,206,localized,750.2965,750.2965,301.1094,750.0000,-735.2304,-148.1091,0.298157,-0.783848,191.0914,1051.0740,1089.5261,150.0000
沿测向方向750m,207,localized,750.0000,750.0000,585.9534,750.0000,411.5480,-626.9994,0.966010,0.601004,302.3140,164.0764,1137.7695,150.0000
沿测向方向750m,208,localized,750.2406,750.2406,349.3429,750.0000,286.5372,693.1064,0.077292,-0.330780,67.4620,1099.3408,1487.0539,150.0000
沿测向方向750m,209,localized,449.8157,449.8157,108.7269,750.0000,655.4104,-364.6056,0.280755,0.011241,330.6320,641.3262,1304.5178,150.0000
沿测向方向750m,210,localized,750.3156,750.3156,418.0826,750.0000,34.0359,749.2273,0.566034,-0.716059,86.8329,1167.9803,1171.0498,150.0000
沿测向方向750m,211,localized,750.2524,750.2524,489.0501,750.0000,165.3761,731.5400,0.362147,-0.130200,76.8994,1239.0121,1460.9159,150.0000
沿测向方向750m,212,localized,750.2431,750.2431,379.0131,750.0000,82.0968,-745.4932,-0.500979,-0.339711,276.7853,1128.9277,1493.7380,150.0000
沿测向方向750m,213,localized,750.2690,750.2690,256.2353,750.0000,749.0868,-36.9996,-0.117714,0.980561,357.2900,1006.2291,1392.8732,150.0000
沿测向方向750m,214,localized,750.0000,750.0000,361.7522,750.0000,-594.9745,-456.6238,-0.140365,-0.237375,217.6454,388.2502,1145.3194,150.0000
沿测向方向750m,215,localized,750.2285,750.2285,224.7036,750.0000,-739.8093,-123.2161,0.474661,0.188440,188.9812,974.5920,1023.7034,150.0000
沿测向方向750m,216,localized,750.1135,750.1135,471.1997,750.0000,-537.2553,523.3132,-0.303254,-0.760133,136.0564,1221.1725,1225.3224,150.0000
沿测向方向750m,217,localized,750.1573,750.1573,366.5791,750.0000,133.5595,738.0121,0.121545,-0.248763,79.6206,1116.5740,1451.7774,150.0000
沿测向方向750m,218,localized,63.8311,63.8311,22.2274,750.0000,-749.0766,-37.2062,-0.415322,-0.739620,183.2588,771.5326,1023.5185,150.0000
沿测向方向750m,219,localized,551.7367,551.7367,331.3412,750.0000,301.5817,-686.6939,-0.877660,0.494814,294.5877,1081.0540,1349.7099,150.0000
沿测向方向750m,220,localized,750.1900,750.1900,118.4150,750.0000,673.0866,-330.8391,-0.015681,-0.827954,333.8404,868.4148,1281.4934,150.0000
沿测向方向750m,221,localized,662.8574,662.8574,513.5621,750.0000,-471.1617,-583.5295,0.945303,-0.805597,230.1361,1263.3109,1327.1946,150.0000
沿测向方向750m,222,localized,733.2120,733.2120,155.5025,750.0000,743.1865,100.8657,0.366693,-0.379264,7.3623,594.5563,1070.7270,150.0000
沿测向方向750m,223,localized,750.2114,750.2114,281.9714,750.0000,396.8320,-636.4152,0.148347,-0.378600,301.7970,1031.9622,1074.4141,150.0000
沿测向方向750m,224,localized,750.2317,750.2317,211.7613,750.0000,-719.6733,-211.1168,0.534820,0.729354,195.8143,961.6129,1162.6546,150.0000
沿测向方向750m,225,localized,750.1328,750.1328,157.5129,750.0000,483.4788,-573.3657,-0.015642,-0.614772,310.1542,907.5127,1051.3022,150.0000
沿测向方向750m,226,localized,750.2842,750.2842,566.8748,750.0000,745.1415,85.2304,-0.498061,0.210583,7.0233,1316.8089,1395.0647,150.0000
沿测向方向750m,227,localized,750.2887,750.2887,382.6646,750.0000,-658.4176,-359.1465,0.196519,-0.685613,208.4146,1132.6516,1191.7100,150.0000
沿测向方向750m,228,localized,750.0000,750.0000,518.6057,750.0000,370.0500,-652.3519,0.302702,0.696867,299.2616,231.3990,1228.6234,150.0000
沿测向方向750m,229,localized,750.3195,750.3195,431.3376,750.0000,501.4826,-557.6873,-0.153049,0.892623,312.1155,1181.3303,1185.2393,150.0000
沿测向方向750m,230,localized,750.1177,750.1177,232.6485,750.0000,-227.4096,714.6921,0.217717,0.489380,107.4330,982.6256,1477.3510,150.0000
沿测向方向750m,231,localized,750.2873,750.2873,277.6599,750.0000,-622.8644,-417.7798,0.155800,-0.911612,213.6955,1027.6497,1214.4969,150.0000
沿测向方向750m,232,localized,750.0000,750.0000,129.1720,750.0000,679.2439,318.0059,-0.321236,0.617843,25.4091,620.8847,1081.9174,150.0000
沿测向方向750m,233,localized,750.2450,750.2450,196.3340,750.0000,361.9514,-656.8799,0.262658,-0.950401,298.5928,946.2960,1496.2534,150.0000
沿测向方向750m,234,localized,750.1131,750.1131,264.1555,750.0000,208.5769,720.4135,-0.104185,-0.522363,73.9572,1014.1508,1223.5573,150.0000
沿测向方向750m,235,localized,288.7853,288.7853,182.6564,750.0000,-652.6137,369.5881,-0.934206,-0.174978,151.4105,932.1469,1219.5702,150.0000
沿测向方向750m,236,localized,138.3545,138.3545,118.7412,750.0000,-352.4849,-662.0079,-0.941424,0.530543,242.9084,867.9988,1085.5722,150.0000
沿测向方向750m,237,localized,750.2708,750.2708,115.1990,750.0000,-661.5914,353.2659,0.249115,-0.517404,151.6503,865.1458,1201.7690,150.0000
沿测向方向750m,238,localized,750.0000,750.0000,266.3292,750.0000,693.0881,-286.5814,0.035666,0.783641,337.5000,483.6711,1079.9277,150.0000
沿测向方向750m,239,localized,488.3169,488.3169,109.6504,750.0000,-694.0235,284.3086,0.224842,0.222752,157.4986,640.3833,1087.9305,150.0000
沿测向方向750m,240,localized,750.2027,750.2027,286.4969,750.0000,-481.3014,-575.1947,-0.323673,-0.409853,230.4023,1036.4536,1202.4209,150.0000
沿测向方向750m,241,localized,147.9084,147.9084,72.8155,750.0000,-327.2249,674.8510,-0.551640,0.834288,116.4197,822.4219,1015.8283,150.0000
沿测向方向750m,242,localized,19.8678,19.8678,7.0255,750.0000,-253.6742,-705.7970,0.355672,0.060801,249.8751,744.7241,1367.5991,150.0000
沿测向方向750m,243,localized,498.4781,498.4781,129.5618,750.0000,-684.1079,-307.4026,-0.487976,0.190821,204.6846,879.3771,1154.7666,150.0000
沿测向方向750m,244,localized,500.7794,500.7794,396.9803,750.0000,193.2463,-724.6764,0.717515,0.859610,284.2139,353.0720,1093.4904,150.0000
沿测向方向750m,245,localized,750.0000,750.0000,170.8703,750.0000,421.4230,620.4052,-0.173928,0.721987,55.9868,579.1414,1428.5166,150.0000
沿测向方向750m,246,localized,750.1332,750.1332,266.4342,750.0000,623.9391,416.1730,-0.078226,-0.173403,33.7819,1016.4315,1280.6574,150.0000
沿测向方向750m,247,localized,750.1508,750.1508,393.4873,750.0000,687.2176,300.3863,0.210978,0.399335,23.3994,1143.4725,1224.1283,150.0000
沿测向方向750m,248,localized,680.3590,680.3590,220.0346,750.0000,-612.6844,432.5712,0.710969,0.032636,144.0659,969.7799,1448.9645,150.0000
沿测向方向750m,249,localized,750.0000,750.0000,554.9526,750.0000,-551.2335,508.5682,0.300293,-0.751483,137.0051,195.0510,1086.9611,150.0000
沿测向方向750m,250,localized,222.0884,222.0884,143.4562,750.0000,-730.8844,168.2500,-0.582905,-0.912868,167.6192,606.7081,1261.4959,150.0000
沿测向方向750m,251,localized,750.0000,750.0000,356.7193,750.0000,734.5027,151.6767,-0.264549,0.157550,11.9323,393.2895,1415.1105,150.0000
沿测向方向750m,252,localized,216.7599,216.7599,107.6776,750.0000,-605.2079,442.9711,-0.585115,0.798030,144.3835,857.3657,1243.6467,150.0000
沿测向方向750m,253,localized,462.9653,462.9653,197.7467,750.0000,634.3485,-400.1274,-0.222807,-0.997856,327.9803,552.2692,1345.9416,150.0000
沿测向方向750m,254,localized,750.1231,750.1231,429.9582,750.0000,-749.9061,11.8687,-0.338519,-0.516613,179.4318,1179.9223,1277.8628,150.0000
沿测向方向750m,255,localized,143.1449,143.1449,125.4944,750.0000,450.2938,-599.7796,0.940096,0.559461,305.9579,625.0094,1094.3302,150.0000
沿测向方向750m,256,localized,750.2617,750.2617,337.7302,750.0000,63.2413,-747.3289,0.334834,-0.115125,274.5022,1087.6890,1349.0321,150.0000
沿测向方向750m,257,localized,116.7181,116.7181,50.0139,750.0000,-744.0523,94.2668,0.423693,0.495973,172.3558,700.2741,1115.8088,150.0000
沿测向方向750m,258,localized,750.0000,750.0000,306.1537,750.0000,739.1181,-127.2967,0.954714,-0.587109,349.2732,443.9973,1164.8304,150.0000
沿测向方向750m,259,localized,750.2731,750.2731,318.9604,750.0000,-503.3210,556.0287,-0.674589,-0.406480,132.8262,1068.7862,1121.3144,150.0000
沿测向方向750m,260,localized,220.1555,220.1555,123.2647,750.0000,744.3924,-91.5424,0.746550,-0.114970,352.2426,872.8131,1443.7037,150.0000
沿测向方向750m,261,localized,750.2464,750.2464,447.7139,750.0000,-669.1782,338.6747,0.914624,0.332825,152.2412,1197.4582,1288.1629,150.0000
沿测向方向750m,262,localized,475.8104,475.8104,146.3350,750.0000,-139.5755,-736.8980,-0.453079,0.800554,259.7278,896.1913,1165.5505,150.0000
沿测向方向750m,263,localized,750.0000,750.0000,423.2633,750.0000,170.5960,730.3403,0.343081,0.734000,76.5093,326.7471,1455.2998,150.0000
沿测向方向750m,264,localized,750.3208,750.3208,369.6651,750.0000,539.8882,-520.5965,-0.587947,-0.070014,316.6301,1119.5455,1240.4447,150.0000
沿测向方向750m,265,localized,750.1676,750.1676,429.7801,750.0000,566.0708,-491.9998,-0.176518,-0.830039,319.1810,1179.7704,1362.5582,150.0000
沿测向方向750m,266,localized,750.1242,750.1242,361.7215,750.0000,-675.2752,-326.3485,-0.197429,-0.817403,205.9911,1111.7078,1209.0219,150.0000
沿测向方向750m,267,localized,750.2491,750.2491,204.8677,750.0000,-208.9428,-720.3075,0.153588,-0.632722,253.6703,954.8551,1161.8204,150.0000
沿测向方向750m,268,localized,750.0000,750.0000,222.0442,750.0000,-689.4436,295.2416,0.604426,-0.992659,156.2134,528.0551,1192.7246,150.0000
沿测向方向750m,269,localized,240.9797,240.9797,117.2333,750.0000,-613.7466,-431.0627,-0.660315,0.225251,215.7425,866.8645,1021.7047,150.0000
沿测向方向750m,270,localized,538.9074,538.9074,50.1677,750.0000,-508.0040,-551.7535,-0.158604,0.861391,227.5226,800.1219,1033.6796,150.0000
沿测向方向750m,271,localized,750.1750,750.1750,569.0475,750.0000,-679.1387,-318.2305,0.579933,0.842003,204.5269,1318.9584,1359.8488,150.0000
沿测向方向750m,272,localized,750.1375,750.1375,451.6590,750.0000,-721.5063,-204.7650,0.044999,0.007602,195.7991,1201.6584,1405.7202,150.0000
沿测向方向750m,273,localized,750.2492,750.2492,260.5976,750.0000,27.6631,749.4897,0.542757,0.786490,87.3435,1010.4671,1193.7543,150.0000
沿测向方向750m,274,localized,750.2358,750.2358,186.1301,750.0000,-310.9221,-682.5155,0.249108,-0.284472,245.2591,936.0945,1488.3024,150.0000
沿测向方向750m,275,localized,750.2371,750.2371,236.9906,750.0000,-372.0791,-651.1967,0.468418,0.437039,239.7889,986.8862,1355.0765,150.0000
沿测向方向750m,276,localized,750.2639,750.2639,299.3615,750.0000,744.3405,91.9629,-0.640252,0.588718,7.6834,1049.1974,1443.2486,150.0000
沿测向方向750m,277,localized,750.3168,750.3168,689.0803,750.0000,479.6098,-576.6060,0.854978,0.422934,308.8981,1438.9059,1442.3702,150.0000
沿测向方向750m,278,localized,750.0000,750.0000,362.7365,750.0000,377.2228,-648.2307,0.607272,0.351533,299.5890,387.3085,1023.4705,150.0000
沿测向方向750m,279,localized,423.2339,423.2339,43.6820,750.0000,-261.9718,-702.7594,0.165042,-0.772366,249.3907,793.6255,1456.2697,150.0000
沿测向方向750m,280,localized,750.2425,750.2425,278.6683,750.0000,144.2891,-735.9896,0.816498,0.057953,280.2755,1028.3871,1034.7628,150.0000
沿测向方向750m,281,localized,750.2748,750.2748,609.6517,750.0000,-495.3048,-563.1812,-0.787740,-0.503796,229.4569,1359.4936,1442.9277,150.0000
沿测向方向750m,282,localized,750.0000,750.0000,199.2774,750.0000,-642.1454,-387.4910,0.200864,-0.269486,210.9073,550.7353,1178.2157,150.0000
沿测向方向750m,283,localized,750.1786,750.1786,463.3903,750.0000,-663.6068,349.4654,0.034699,-0.461451,152.1933,1213.3900,1468.2816,150.0000
沿测向方向750m,284,localized,750.2740,750.2740,433.4555,750.0000,36.2700,-749.1225,-0.237119,0.925222,273.0090,1183.4379,1434.9892,150.0000
沿测向方向750m,285,localized,750.0000,750.0000,412.1272,750.0000,-429.7757,614.6486,-0.215894,0.086213,125.1780,337.8772,1043.5702,150.0000
沿测向方向750m,286,localized,32.3124,32.3124,26.8055,750.0000,388.2438,-641.6905,-0.850639,0.502755,302.0260,774.3010,1402.5592,150.0000
沿测向方向750m,287,localized,750.0000,750.0000,439.8338,750.0000,243.1488,709.4918,0.666013,0.275743,70.4170,310.2019,1045.8939,150.0000
沿测向方向750m,288,localized,750.0000,750.0000,737.0974,750.0000,381.2565,645.8665,0.201561,-0.736143,59.2450,12.9027,1034.4570,150.0000
沿测向方向750m,289,localized,750.1481,750.1481,170.9256,750.0000,-506.6785,552.9709,0.117611,0.635175,132.3809,920.9171,1230.9509,150.0000
沿测向方向750m,290,localized,750.1741,750.1741,188.0426,750.0000,741.3809,113.3773,-0.176379,-0.279214,8.8711,938.0249,1074.0932,150.0000
沿测向方向750m,291,localized,750.2481,750.2481,262.4016,750.0000,-681.8926,312.2859,0.483177,-0.447979,154.9105,1012.2987,1342.2390,150.0000
沿测向方向750m,292,localized,750.2528,750.2528,565.3317,750.0000,537.0706,523.5028,0.319018,-0.638074,43.9480,1315.3047,1367.9787,150.0000
沿测向方向750m,293,localized,750.0000,750.0000,341.5391,750.0000,-29.7084,749.4114,-0.315343,0.440514,92.5855,408.4744,1134.4164,150.0000
沿测向方向750m,294,localized,137.2486,137.2486,92.6239,750.0000,584.4553,-470.0127,-0.835971,-0.148069,322.0301,841.8955,1046.2082,150.0000
沿测向方向750m,295,localized,96.8575,96.8575,10.3620,750.0000,-730.9668,-167.8915,0.137231,0.353679,192.7983,760.2030,1139.9812,150.0000
沿测向方向750m,296,localized,451.9464,451.9464,414.1137,750.0000,-736.1008,143.7205,0.989331,-0.878328,167.9629,1163.7994,1434.7820,150.0000
沿测向方向750m,297,localized,750.0000,750.0000,547.6816,750.0000,480.4892,-575.8733,-0.063191,0.387919,309.9037,202.3186,1010.9216,150.0000
沿测向方向750m,298,localized,750.2585,750.2585,290.1686,750.0000,749.9998,-0.5705,0.348071,-0.081822,359.6083,1040.1189,1042.1356,150.0000
沿测向方向750m,299,localized,134.1836,134.1836,72.8711,750.0000,734.0807,153.7060,-0.705958,-0.393239,12.5320,822.2259,1468.2022,150.0000
沿测向方向750m,300,localized,750.2522,750.2522,288.5168,750.0000,739.1442,127.1450,0.504832,-0.239640,9.2555,1038.4120,1045.2087,150.0000
沿测向方向750m,301,localized,294.2860,294.2860,140.5202,750.0000,-160.0815,-732.7168,-0.708953,0.528358,258.3848,609.7292,1277.9532,150.0000
沿测向方向750m,302,localized,750.2214,750.2214,444.1246,750.0000,-685.7456,303.7317,-0.047909,0.348501,156.1583,1194.1239,1362.4830,150.0000
沿测向方向750m,303,localized,589.2935,589.2935,254.2248,750.0000,-619.3099,423.0310,-0.146833,-0.986402,145.8111,495.7800,1240.8032,150.0000
沿测向方向750m,304,localized,750.2679,750.2679,296.0979,750.0000,-592.1825,-460.2389,-0.233537,-0.124614,218.0876,1046.0758,1281.9972,150.0000
沿测向方向750m,305,localized,750.2987,750.2987,291.7054,750.0000,12.5780,-749.8945,-0.259167,0.328898,271.2201,1041.6780,1175.9953,150.0000
沿测向方向750m,306,localized,574.0055,574.0055,221.5192,750.0000,100.1867,-743.2783,-0.835365,0.687333,278.5120,528.6711,1459.3261,150.0000
沿测向方向750m,307,localized,149.1550,149.1550,95.9579,750.0000,-253.4651,705.8721,-0.659144,-0.535015,110.4114,654.3812,1097.7627,150.0000
沿测向方向750m,308,localized,142.0878,142.0878,86.1895,750.0000,-622.6685,-418.0716,-0.661738,-0.179498,214.5399,664.1969,1082.1700,150.0000
沿测向方向750m,309,localized,750.1322,750.1322,551.1092,750.0000,-374.3690,649.8830,0.072847,0.078304,119.8715,1301.1078,1407.5041,150.0000
沿测向方向750m,310,localized,681.7334,681.7334,91.5452,750.0000,626.1671,412.8132,-0.239307,0.899896,33.6350,841.4850,1196.1575,150.0000
沿测向方向750m,311,localized,750.2433,750.2433,704.2451,750.0000,361.8114,656.9570,-0.075110,0.833523,61.2318,1454.2438,1472.1637,150.0000
沿测向方向750m,312,localized,750.2361,750.2361,473.3892,750.0000,614.8601,429.4730,0.330034,-0.563270,34.6038,1223.3571,1320.9584,150.0000
沿测向方向750m,313,localized,518.2131,518.2131,307.6462,750.0000,-209.3590,720.1866,-0.671078,-0.482257,106.8803,442.4278,1088.7239,150.0000
沿测向方向750m,314,localized,750.0000,750.0000,369.2686,750.0000,723.2426,198.5450,-0.320343,-0.653686,15.6711,380.7434,1155.9324,150.0000
沿测向方向750m,315,localized,750.1136,750.1136,230.5558,750.0000,-225.8559,-715.1847,0.263400,0.954479,252.2104,980.5220,1076.1405,150.0000
沿测向方向750m,316,localized,750.0000,750.0000,329.6880,750.0000,-582.9580,471.8686,-0.382879,0.918069,141.3948,420.3334,1158.1128,150.0000
沿测向方向750m,317,localized,750.0000,750.0000,372.5568,750.0000,-221.6943,-716.4856,0.832455,-0.419494,251.9745,377.5234,1128.6945,150.0000
沿测向方向750m,318,localized,689.2868,689.2868,95.4100,750.0000,-620.6550,421.0551,-0.023100,-0.929607,145.8700,654.5904,1265.9828,150.0000
沿测向方向750m,319,localized,200.0106,200.0106,122.8545,750.0000,-736.4862,141.7324,-0.700161,-0.174256,169.8071,627.4318,1006.0391,150.0000
沿测向方向750m,320,localized,750.3025,750.3025,483.6849,750.0000,144.2243,-736.0023,-0.173692,0.616585,281.2607,1233.6761,1244.8827,150.0000
沿测向方向750m,321,localized,118.9576,118.9576,94.6623,750.0000,137.3921,737.3082,-0.844575,0.766117,80.2890,843.9331,1215.3813,150.0000
沿测向方向750m,322,localized,750.2809,750.2809,434.5433,750.0000,-598.3194,-452.2322,0.690717,-0.103905,216.3926,1184.3948,1331.0983,150.0000
沿测向方向750m,323,localized,750.0000,750.0000,195.8713,750.0000,199.6167,722.9476,-0.483707,0.719597,75.0481,554.2044,1070.5089,150.0000
沿测向方向750m,324,localized,138.0247,138.0247,88.4092,750.0000,-380.9747,646.0327,0.766303,-0.306588,119.7622,662.0946,1056.8312,150.0000
沿测向方向750m,325,localized,750.2674,750.2674,453.3052,750.0000,629.4953,-407.7201,-0.993410,0.236880,328.0625,1203.0060,1240.4390,150.0000
沿测向方向750m,326,localized,45.1265,45.1265,12.6077,750.0000,364.3080,655.5758,0.318773,0.784647,60.6200,761.8856,1384.9907,150.0000
沿测向方向750m,327,localized,750.2605,750.2605,358.6678,750.0000,-746.4286,73.1047,-0.827900,-0.605441,175.2342,1108.4257,1248.6030,150.0000
沿测向方向750m,328,localized,750.2284,750.2284,402.6300,750.0000,-436.2185,610.0930,-0.982029,-0.544820,126.5469,1152.3146,1378.9059,150.0000
沿测向方向750m,329,localized,750.0000,750.0000,148.6218,750.0000,-643.2734,-385.6155,-0.100305,-0.542343,211.0412,601.3829,1331.4834,150.0000
沿测向方向750m,330,localized,750.2479,750.2479,71.2089,750.0000,45.9315,-748.5922,-0.192159,-0.247116,273.7033,821.1603,1216.8985,150.0000
沿测向方向750m,331,localized,750.0000,750.0000,554.2413,750.0000,394.1344,638.0894,0.669131,-0.709390,57.6281,195.7768,1122.7533,150.0000
沿测向方向750m,332,localized,135.1193,135.1193,105.1949,750.0000,693.4122,285.7963,0.921213,-0.101783,21.4782,645.4015,1442.9767,150.0000
沿测向方向750m,333,localized,389.2338,389.2338,245.3366,750.0000,681.9989,312.0536,-0.815690,0.617149,25.4025,995.0282,1097.7633,150.0000
沿测向方向750m,334,localized,750.0000,750.0000,649.2264,750.0000,-735.8485,-145.0067,0.866823,0.204338,190.2811,100.7869,1223.1268,150.0000
沿测向方向750m,335,localized,750.3297,750.3297,423.2711,750.0000,679.4376,317.5918,-0.506759,0.446195,25.5597,1173.1898,1436.4824,150.0000
沿测向方向750m,336,localized,750.2492,750.2492,499.4864,750.0000,709.2270,-243.9203,-0.380352,0.448153,341.4010,1249.4451,1492.6312,150.0000
沿测向方向750m,337,localized,750.2349,750.2349,423.6349,750.0000,-744.7345,-88.7158,0.983211,0.619297,185.8101,1173.3289,1480.1179,150.0000
沿测向方向750m,338,localized,308.8640,308.8640,31.8715,750.0000,585.5761,468.6156,0.204333,0.589491,38.4647,781.7543,1328.6534,150.0000
沿测向方向750m,339,localized,750.2296,750.2296,135.7504,750.0000,595.1003,-456.4598,-0.229227,0.498796,322.7399,885.7113,1228.0446,150.0000
沿测向方向750m,340,localized,750.0000,750.0000,324.7759,750.0000,-704.2967,-257.8104,0.968978,-0.510814,199.1364,425.3646,1114.9673,150.0000
沿测向方向750m,341,localized,750.0000,750.0000,483.6001,750.0000,-0.1122,-750.0000,-0.418914,0.586758,270.4103,266.4109,1362.1303,150.0000
沿测向方向750m,342,localized,750.0000,750.0000,270.6997,750.0000,472.4441,-582.4917,0.171415,-0.605236,308.8732,479.3062,1235.5120,150.0000
沿测向方向750m,343,localized,750.3358,750.3358,204.0480,750.0000,290.8108,-691.3242,0.383758,-0.322962,292.4307,953.9694,1141.8077,150.0000
沿测向方向750m,344,localized,47.1831,47.1831,42.5153,750.0000,716.7862,220.7206,0.970170,-0.302762,16.1450,709.3180,1361.0767,150.0000
沿测向方向750m,345,localized,13.5342,13.5342,5.6750,750.0000,689.0722,-296.1071,0.420472,-0.950750,336.3254,751.3626,1168.8124,150.0000
沿测向方向750m,346,localized,750.2484,750.2484,196.4644,750.0000,-433.0401,-612.3531,0.711919,0.578730,234.0211,946.1854,1419.4409,150.0000
沿测向方向750m,347,localized,750.2487,750.2487,246.3874,750.0000,681.8837,-312.3053,-0.326147,-0.131710,335.7182,996.3382,1112.6052,150.0000
沿测向方向750m,348,localized,62.2721,62.2721,38.8325,750.0000,749.9245,-10.6446,-0.664934,0.153350,359.8517,712.1050,1007.4009,150.0000
沿测向方向750m,349,localized,17.6894,17.6894,10.7937,750.0000,742.1876,-107.9704,0.615983,-0.778798,351.1069,757.1324,1352.1921,150.0000
沿测向方向750m,350,localized,281.0346,281.0346,229.4320,750.0000,743.5189,98.3855,-0.963466,-0.482052,8.5013,520.8088,1163.7686,150.0000
沿测向方向750m,351,localized,750.0000,750.0000,396.3783,750.0000,-747.9758,-55.0652,0.918608,-0.026386,183.2919,353.7077,1031.2814,150.0000
沿测向方向750m,352,localized,750.2503,750.2503,191.9362,750.0000,711.1799,-238.1662,-0.087804,0.264490,341.5727,941.9319,1207.7700,150.0000
沿测向方向750m,353,localized,136.0393,136.0393,113.9267,750.0000,691.1003,-291.3424,0.868132,0.665137,336.2734,636.5554,1353.0612,150.0000
沿测向方向750m,354,localized,750.1235,750.1235,214.3101,750.0000,743.4766,-98.7045,0.219563,0.550960,352.2180,964.2853,1197.3097,150.0000
沿测向方向750m,355,localized,394.5329,394.5329,119.7176,750.0000,-376.0286,648.9241,0.643806,0.779100,119.4470,869.3733,1290.9858,150.0000
沿测向方向750m,356,localized,750.2966,750.2966,222.0997,750.0000,-515.8271,544.4468,-0.812081,-0.997909,134.2659,971.7698,1412.7069,150.0000
沿测向方向750m,357,localized,216.0718,216.0718,182.4859,750.0000,297.5705,-688.4416,0.925628,-0.740511,292.4502,931.9854,1126.8285,150.0000
沿测向方向750m,358,localized,750.2309,750.2309,398.5900,750.0000,-350.0585,663.2941,0.935045,0.074793,116.8881,1148.3022,1393.1054,150.0000
沿测向方向750m,359,localized,750.0000,750.0000,412.9636,750.0000,-740.9811,115.9615,-0.996314,0.639063,172.1018,337.1289,1430.2349,150.0000
沿测向方向750m,360,localized,313.3639,313.3639,151.8553,750.0000,527.8011,532.8471,-0.605060,-0.009380,45.8776,598.3096,1282.0176,150.0000
沿测向方向750m,361,localized,158.9889,158.9889,123.4634,750.0000,-553.8602,505.7064,-0.927094,-0.008856,138.5292,627.0363,1227.4418,150.0000
沿测向方向750m,362,localized,257.4430,257.4430,105.7697,750.0000,-370.3070,652.2060,0.562263,-0.362016,119.0246,855.4772,1250.2610,150.0000
沿测向方向750m,363,localized,750.2612,750.2612,152.4026,750.0000,-613.3941,431.5643,-0.364902,0.246958,145.2359,902.3125,1146.0246,150.0000
沿测向方向750m,364,localized,750.2722,750.2722,491.9855,750.0000,146.7213,-735.5086,0.570936,-0.457813,280.7105,1241.8915,1283.8569,150.0000
沿测向方向750m,365,localized,750.1383,750.1383,561.3045,750.0000,723.0746,-199.1562,0.097148,0.059409,344.5037,1311.3019,1368.5340,150.0000
沿测向方向750m,366,localized,53.2431,53.2431,39.8255,750.0000,-723.2299,-198.5913,-0.775864,0.681708,196.1302,788.4400,1427.2050,150.0000
沿测向方向750m,367,localized,265.6521,265.6521,124.6988,750.0000,686.5914,301.8148,0.685440,-0.616361,23.0441,625.5708,1004.9471,150.0000
沿测向方向750m,368,localized,750.0000,750.0000,352.9126,750.0000,-536.7985,-523.7818,-0.611494,0.830690,224.9083,397.1355,1194.2632,150.0000
沿测向方向750m,369,localized,59.9242,59.9242,38.7533,750.0000,-718.2435,215.9312,0.718013,-0.700531,162.5492,712.3448,1171.4046,150.0000
沿测向方向750m,370,localized,153.7384,153.7384,25.2706,750.0000,704.2295,257.9939,-0.219432,0.138104,20.3397,775.1013,1438.9984,150.0000
沿测向方向750m,371,localized,366.4885,366.4885,248.7956,750.0000,-413.6529,-625.6127,0.906944,0.218798,235.6205,501.3938,1197.0032,150.0000
沿测向方向750m,372,localized,446.5950,446.5950,309.6158,750.0000,-143.6472,736.1151,-0.788179,0.981806,101.8302,1059.3729,1192.8839,150.0000
沿测向方向750m,373,localized,412.2319,412.2319,338.7971,750.0000,179.0543,-728.3128,0.803763,0.843811,283.0084,411.2925,1142.9993,150.0000
沿测向方向750m,374,localized,28.0692,28.0692,16.0477,750.0000,-716.1616,222.7387,0.583031,-0.017305,162.1404,735.8444,1017.2632,150.0000
沿测向方向750m,375,localized,750.2207,750.2207,96.5524,750.0000,527.5253,-533.1201,0.025906,-0.721174,314.6719,846.5517,1035.8794,150.0000
沿测向方向750m,376,localized,109.4916,109.4916,36.7619,750.0000,-663.3484,349.9556,-0.321516,-0.613626,152.5072,713.4680,1156.0423,150.0000
沿测向方向750m,377,localized,750.2314,750.2314,585.8608,750.0000,600.1142,-449.8477,0.968090,-0.179093,322.1766,1335.6166,1374.6868,150.0000
沿测向方向750m,378,localized,750.2728,750.2728,373.6137,750.0000,-270.3413,-699.5824,-0.538822,0.932451,249.4107,1123.5140,1221.6919,150.0000
沿测向方向750m,379,localized,750.1265,750.1265,256.3421,750.0000,-411.6592,626.9264,-0.034149,0.047883,123.3243,1006.3415,1047.7296,150.0000
沿测向方向750m,380,localized,750.1329,750.1329,471.4087,750.0000,-749.9810,-5.3328,-0.005346,0.294030,180.4127,1221.4087,1339.7509,150.0000
沿测向方向750m,381,localized,750.0000,750.0000,313.9555,750.0000,539.3429,-521.1614,0.029142,0.206292,315.9531,436.0446,1247.8313,150.0000
沿测向方向750m,382,localized,186.9631,186.9631,182.2634,750.0000,-377.5275,-648.0533,0.999956,0.896445,238.7768,568.0930,1310.8819,150.0000
沿测向方向750m,383,localized,750.0000,750.0000,322.0837,750.0000,573.1748,483.7051,0.588314,0.136619,39.5729,427.9689,1206.5368,150.0000
沿测向方向750m,384,localized,70.9189,70.9189,62.1042,750.0000,691.2313,291.0315,-0.922653,-0.345190,23.7554,688.9841,1444.7625,150.0000
沿测向方向750m,385,localized,108.5902,108.5902,91.3265,750.0000,-718.3132,215.6992,-0.932614,0.309020,164.2183,840.4076,1414.1074,150.0000
沿测向方向750m,386,localized,750.0000,750.0000,385.3093,750.0000,-550.6663,509.1823,0.000354,0.391423,137.2411,364.6907,1047.4844,150.0000
沿测向方向750m,387,localized,714.8598,714.8598,226.9878,750.0000,416.8591,-623.4809,0.262303,0.444750,303.5044,523.0303,1289.4094,150.0000
沿测向方向750m,388,localized,750.0000,750.0000,167.5242,750.0000,-749.4242,-29.3843,-0.332421,0.475534,182.5778,582.5197,1285.6345,150.0000
沿测向方向750m,389,localized,750.2356,750.2356,353.5246,750.0000,654.0341,-367.0687,-0.548343,-0.048679,331.2456,1103.4173,1287.4949,150.0000
沿测向方向750m,390,localized,750.2602,750.2602,121.4491,750.0000,708.8814,244.9229,-0.241868,0.262003,19.3022,871.4012,1429.4537,150.0000
沿测向方向750m,391,localized,313.6459,313.6459,92.0314,750.0000,92.5846,-744.2635,0.294613,0.284805,276.7964,658.0395,1104.6938,150.0000
沿测向方向750m,392,localized,154.6779,154.6779,25.8759,750.0000,126.5438,-739.2474,-0.167012,-0.174806,279.8807,724.2135,1161.9707,150.0000
沿测向方向750m,393,localized,389.0320,389.0320,136.7502,750.0000,736.0605,143.9271,0.568188,-0.621371,10.4957,613.4154,1429.4907,150.0000
沿测向方向750m,394,localized,750.2501,750.2501,399.9255,750.0000,549.5931,-510.3405,-0.395798,0.477528,317.5167,1149.8740,1279.3375,150.0000
沿测向方向750m,395,localized,300.9687,300.9687,118.8608,750.0000,-182.4361,-727.4731,0.628782,0.106820,255.2929,868.5303,1102.7234,150.0000
沿测向方向750m,396,localized,750.2284,750.2284,315.3170,750.0000,291.9374,690.8492,0.433875,-0.291442,66.6583,1065.2443,1245.2505,150.0000
沿测向方向750m,397,localized,347.6468,347.6468,248.6720,750.0000,-737.4124,-136.8320,0.986304,-0.195556,189.5258,998.2256,1081.4860,150.0000
沿测向方向750m,398,localized,750.0000,750.0000,561.1275,750.0000,55.3814,-747.9525,0.193539,-0.541070,274.0411,188.8740,1147.5268,150.0000
沿测向方向750m,399,localized,239.2987,239.2987,124.9033,750.0000,-723.2447,198.5373,0.503654,0.613586,164.1462,625.2418,1365.8758,150.0000
测向垂线方向1000m,0,localized,49.9996,49.9996,1086.3458,1000.0000,-384.5646,923.0981,0.243282,0.401396,22.3734,420.2127,1215.6789,200.0000
测向垂线方向1000m,1,no_signal,1500.1130,,1560.8634,1000.0000,23.8486,999.7156,0.755708,,357.8777,1185.3384,1299.4520,200.0000
测向垂线方向1000m,2,no_signal,1500.1130,,1367.4426,1000.0000,941.5146,-336.9721,0.127649,,250.1798,930.4587,1243.5681,200.0000
测向垂线方向1000m,3,no_signal,1500.1130,,1718.4028,1000.0000,-392.1882,919.8850,-0.004837,,23.0956,1397.5494,1404.7522,200.0000
测向垂线方向1000m,4,localized,115.8775,115.8775,1441.7201,1000.0000,62.8031,998.0259,-0.051362,-0.118904,356.4506,1039.4328,1455.8636,200.0000
测向垂线方向1000m,5,localized,44.3188,44.3188,1055.5167,1000.0000,-802.5300,596.6117,-0.504767,-0.676482,53.8772,346.7343,1063.6914,200.0000
测向垂线方向1000m,6,localized,44.5261,44.5261,1054.9117,1000.0000,-913.1144,-407.7035,-0.667997,-0.551883,114.7286,347.7754,1067.1680,200.0000
测向垂线方向1000m,7,localized,67.3214,67.3214,1179.6042,1000.0000,476.1897,879.3426,-0.892992,-0.347364,332.4562,641.4516,1225.8454,200.0000
测向垂线方向1000m,8,no_signal,1500.1130,,1247.9808,1000.0000,925.6540,-378.3711,-0.699077,,248.4663,758.9304,1116.5329,200.0000
测向垂线方向1000m,9,no_signal,1500.1130,,1312.3274,1000.0000,990.9072,134.5471,-0.163761,,277.8962,852.6883,1037.7904,200.0000
测向垂线方向1000m,10,localized,45.3649,45.3649,1057.8321,1000.0000,-929.1104,369.8025,-0.580309,-0.159763,68.8769,355.2533,1180.7789,200.0000
测向垂线方向1000m,11,no_signal,1500.1130,,1690.3345,1000.0000,-271.7911,962.3563,0.127566,,15.6433,1360.5779,1373.6150,200.0000
测向垂线方向1000m,12,no_signal,1500.1130,,1265.7538,1000.0000,688.0972,-725.6185,-0.497693,,223.9774,784.7069,1107.0536,200.0000
测向垂线方向1000m,13,no_signal,1500.1130,,1383.1769,1000.0000,905.7358,-423.8427,0.060484,,244.8621,954.5486,1183.6276,200.0000
测向垂线方向1000m,14,localized,102.5380,102.5380,1389.4737,1000.0000,-697.5159,-716.5693,0.995427,0.322058,134.7765,947.4791,1429.2412,200.0000
测向垂线方向1000m,15,localized,42.1337,42.1337,1034.7158,1000.0000,492.2440,-870.4573,-0.512387,0.870459,210.0006,274.8691,1070.1150,200.0000
测向垂线方向1000m,16,no_signal,1500.1130,,1374.6217,1000.0000,-92.6133,-995.7022,-0.229219,,174.9153,947.1871,1224.6156,200.0000
测向垂线方向1000m,17,localized,88.4113,88.4113,1285.4137,1000.0000,-759.5644,650.4321,-0.042706,0.827175,49.4685,808.3895,1428.9288,200.0000
测向垂线方向1000m,18,no_signal,1500.1130,,1097.8055,1000.0000,610.8361,791.7570,0.574412,,321.7756,443.0502,1045.8684,200.0000
测向垂线方向1000m,19,no_signal,1500.1130,,1332.7086,1000.0000,-937.8173,347.1293,-0.571490,,70.2597,891.0030,1313.2764,200.0000
测向垂线方向1000m,20,no_signal,1500.1130,,1543.1975,1000.0000,-471.5240,881.8532,-0.898987,,29.0323,1191.1490,1418.5753,200.0000
测向垂线方向1000m,21,no_signal,1500.1130,,1674.5023,1000.0000,-995.0405,99.4708,0.670800,,83.6205,1331.4586,1358.4924,200.0000
测向垂线方向1000m,22,localized,67.1766,67.1766,1183.0454,1000.0000,-723.2815,-690.5533,-0.290068,-0.061333,133.9640,637.2193,1333.7048,200.0000
测向垂线方向1000m,23,no_signal,1500.1130,,1597.5790,1000.0000,824.4717,-565.9031,0.255857,,235.2791,1241.4392,1336.2100,200.0000
测向垂线方向1000m,24,localized,72.9954,72.9954,1210.7614,1000.0000,-882.4923,470.3269,-0.696197,-0.176375,62.6407,694.8591,1308.1274,200.0000
测向垂线方向1000m,25,localized,68.5511,68.5511,1201.7889,1000.0000,519.6395,-854.3856,0.768234,0.178128,210.5398,653.2828,1370.7592,200.0000
测向垂线方向1000m,26,no_signal,1500.1130,,1480.7958,1000.0000,-490.0998,871.6663,-0.402901,,29.7500,1099.1884,1368.8053,200.0000
测向垂线方向1000m,27,localized,40.3331,40.3331,1026.5052,1000.0000,997.8562,65.4443,-0.450971,0.636424,274.2033,239.7651,1378.8531,200.0000
测向垂线方向1000m,28,localized,77.4743,77.4743,1232.7469,1000.0000,-734.4298,-678.6846,-0.860568,-0.219245,133.6015,736.0534,1324.4620,200.0000
测向垂线方向1000m,29,localized,60.0147,60.0147,1150.4832,1000.0000,991.4354,-130.5977,0.068252,-0.374686,262.4276,567.6788,1221.4049,200.0000
测向垂线方向1000m,30,localized,37.9360,37.9360,1017.2010,1000.0000,-458.9016,-888.4871,-0.235877,-0.192135,152.9196,190.4361,1145.1937,200.0000
测向垂线方向1000m,31,localized,83.8092,83.8092,1302.8468,1000.0000,98.2617,995.1606,0.949730,-0.461300,353.4112,818.7000,1328.4043,200.0000
测向垂线方向1000m,32,no_signal,1500.1130,,1607.7058,1000.0000,-936.6556,-350.2516,0.773389,,109.7293,1245.4305,1347.0574,200.0000
测向垂线方向1000m,33,no_signal,1500.1130,,1440.5805,1000.0000,-181.1507,983.4553,-0.519048,,10.9558,1046.0519,1436.5989,200.0000
测向垂线方向1000m,34,no_signal,1500.1130,,1579.2186,1000.0000,-592.5812,-805.5107,-0.211897,,143.8715,1225.9688,1419.8553,200.0000
测向垂线方向1000m,35,no_signal,1500.1130,,1330.8292,1000.0000,-581.9253,-813.2423,0.257920,,144.1560,873.6367,1197.1975,200.0000
测向垂线方向1000m,36,no_signal,1500.1130,,1348.7608,1000.0000,795.8466,-605.4983,0.930668,,231.8046,888.9754,1031.8554,200.0000
测向垂线方向1000m,37,no_signal,1500.1130,,1486.0041,1000.0000,-675.4825,-737.3760,-0.629568,,138.1379,1110.2280,1111.1616,200.0000
测向垂线方向1000m,38,no_signal,1500.1130,,1435.5414,1000.0000,-272.1229,962.2625,0.156412,,15.6342,1027.2150,1373.9745,200.0000
测向垂线方向1000m,39,no_signal,1500.1130,,1385.1715,1000.0000,234.3537,972.1514,-0.817805,,347.2643,972.8677,1020.0942,200.0000
测向垂线方向1000m,40,no_signal,1500.1130,,1378.2389,1000.0000,-39.7619,-999.2092,-0.757230,,178.4784,961.7500,1184.0600,200.0000
测向垂线方向1000m,41,no_signal,1500.1130,,1285.3118,1000.0000,765.5367,-643.3922,-0.867800,,230.8226,822.7689,1261.9453,200.0000
测向垂线方向1000m,42,no_signal,1500.1130,,1696.4192,1000.0000,-968.0832,-250.6291,0.520863,,103.9939,1361.2819,1498.5670,200.0000
测向垂线方向1000m,43,no_signal,1500.1130,,1395.2930,1000.0000,-858.9788,512.0112,-0.379675,,59.5818,979.7075,1220.9163,200.0000
测向垂线方向1000m,44,no_signal,1500.1130,,1716.1313,1000.0000,831.9338,554.8748,0.516709,,303.1854,1385.6818,1427.8000,200.0000
测向垂线方向1000m,45,localized,61.9792,61.9792,1169.1445,1000.0000,235.1845,-971.9507,0.063469,-0.970800,193.5390,604.6151,1331.4967,200.0000
测向垂线方向1000m,46,no_signal,1500.1130,,1329.2145,1000.0000,-960.0442,279.8485,-0.232372,,73.9812,879.7426,1121.5398,200.0000
测向垂线方向1000m,47,no_signal,1500.1130,,1139.7800,1000.0000,106.5317,994.3093,-0.727211,,354.6118,559.7382,1050.8626,200.0000
测向垂线方向1000m,48,localized,39.5598,39.5598,1027.3891,1000.0000,-214.3215,-976.7632,-0.124272,-0.272924,167.7485,237.8234,1064.4481,200.0000
测向垂线方向1000m,49,localized,44.1315,44.1315,1055.2656,1000.0000,-97.5778,-995.2279,0.600818,0.288212,173.7995,326.7016,1177.9894,200.0000
测向垂线方向1000m,50,localized,69.4879,69.4879,1208.4620,1000.0000,469.3639,-883.0048,0.852923,0.170835,207.1401,663.7909,1480.8471,200.0000
测向垂线方向1000m,51,no_signal,1500.1130,,1354.5001,1000.0000,76.8380,-997.0436,0.709809,,183.6970,901.2988,1135.8907,200.0000
测向垂线方向1000m,52,no_signal,1500.1130,,1347.0791,1000.0000,-872.8437,487.9999,0.908175,,59.8826,886.8533,1216.3460,200.0000
测向垂线方向1000m,53,localized,35.2451,35.2451,1002.8209,1000.0000,266.2978,963.8908,0.117159,-0.693973,344.4388,73.1478,1043.5484,200.0000
测向垂线方向1000m,54,no_signal,1500.1130,,1286.7695,1000.0000,-660.3224,750.9823,-0.116302,,41.4408,811.8322,1070.4476,200.0000
测向垂线方向1000m,55,localized,71.2414,71.2414,1208.7070,1000.0000,928.5881,-371.1121,-0.594452,-0.596363,248.8102,689.4038,1236.1484,200.0000
测向垂线方向1000m,56,no_signal,1500.1130,,1450.4069,1000.0000,957.9017,-287.0964,0.362823,,252.9530,1044.2485,1149.4679,200.0000
测向垂线方向1000m,57,no_signal,1500.1130,,1357.3555,1000.0000,-996.0416,88.8881,0.483645,,84.4167,909.4289,1021.4485,200.0000
测向垂线方向1000m,58,no_signal,1500.1130,,1325.3617,1000.0000,479.9701,877.2848,0.796867,,330.5197,856.0219,1038.4913,200.0000
测向垂线方向1000m,59,no_signal,1500.1130,,1127.7173,1000.0000,987.1515,-159.7870,0.762128,,260.0433,508.1614,1087.9706,200.0000
测向垂线方向1000m,60,localized,37.3443,37.3443,1016.4170,1000.0000,23.0217,-999.7350,-0.032534,-0.834303,181.3517,182.5126,1144.7831,200.0000
测向垂线方向1000m,61,no_signal,1500.1130,,1309.0988,1000.0000,373.1339,927.7775,0.750112,,337.3409,831.8410,1274.8428,200.0000
测向垂线方向1000m,62,no_signal,1500.1130,,1606.1143,1000.0000,-748.1408,-663.5400,0.494534,,131.0759,1248.2211,1393.4766,200.0000
测向垂线方向1000m,63,localized,36.9125,36.9125,1012.0954,1000.0000,-857.1978,514.9872,0.916431,0.629403,58.0870,140.8272,1165.3279,200.0000
测向垂线方向1000m,64,no_signal,1500.1130,,1537.6969,1000.0000,215.4785,976.5086,-0.710062,,348.2665,1180.5815,1199.2516,200.0000
测向垂线方向1000m,65,no_signal,1500.1130,,1539.5898,1000.0000,852.0709,-523.4263,-0.475650,,238.9133,1178.9449,1464.4462,200.0000
测向垂线方向1000m,66,no_signal,1500.1130,,1672.0672,1000.0000,620.4832,784.2197,0.071223,,321.5773,1338.8354,1488.6349,200.0000
测向垂线方向1000m,67,localized,51.9228,51.9228,1087.8921,1000.0000,-908.5052,-417.8735,-0.965186,0.311698,115.6656,445.5558,1259.1465,200.0000
测向垂线方向1000m,68,no_signal,1500.1130,,1658.8637,1000.0000,-712.5480,-701.6234,-0.782832,,135.3402,1337.2997,1377.7037,200.0000
测向垂线方向1000m,69,no_signal,1500.1130,,1605.1096,1000.0000,513.8568,857.8759,-0.187381,,329.2663,1258.8131,1344.7853,200.0000
测向垂线方向1000m,70,no_signal,1500.1130,,1267.3593,1000.0000,858.5205,512.7792,-0.568208,,301.4173,788.5683,1149.8990,200.0000
测向垂线方向1000m,71,localized,80.9802,80.9802,1248.0959,1000.0000,-629.7537,-776.7949,-0.805425,0.022689,141.7735,761.0114,1445.8587,200.0000
测向垂线方向1000m,72,localized,64.0476,64.0476,1171.4813,1000.0000,-314.2319,949.3463,0.650030,0.397660,17.6644,598.9805,1285.2492,200.0000
测向垂线方向1000m,73,localized,94.1922,94.1922,1353.3884,1000.0000,-866.9094,498.4657,0.315697,-0.721108,59.7858,906.4608,1497.0776,200.0000
测向垂线方向1000m,74,no_signal,1500.1130,,1096.4464,1000.0000,977.9712,208.7401,-0.753918,,282.8024,463.0111,1058.8711,200.0000
测向垂线方向1000m,75,no_signal,1500.1130,,1404.0838,1000.0000,-782.5472,-622.5913,-0.274258,,128.7799,990.4206,1171.6797,200.0000
测向垂线方向1000m,76,localized,81.5934,81.5934,1266.9800,1000.0000,-973.7873,227.4604,-0.817025,-0.923881,77.6694,792.3607,1387.9486,200.0000
测向垂线方向1000m,77,localized,53.0814,53.0814,1113.7089,1000.0000,954.1850,299.2174,0.916147,0.024111,286.4945,474.5240,1142.1365,200.0000
测向垂线方向1000m,78,no_signal,1500.1130,,1270.7833,1000.0000,926.4978,376.3002,0.742843,,291.3619,771.2918,1185.3799,200.0000
测向垂线方向1000m,79,no_signal,1500.1130,,1265.7219,1000.0000,363.2973,-931.6733,-0.434333,,201.7372,783.5376,1080.3067,200.0000
测向垂线方向1000m,80,no_signal,1500.1130,,1277.7555,1000.0000,989.5106,144.4601,-0.391305,,278.6973,802.2575,1231.3338,200.0000
测向垂线方向1000m,81,localized,75.9935,75.9935,1261.6551,1000.0000,301.1042,953.5912,0.695178,-0.953758,341.7809,757.2310,1304.7607,200.0000
测向垂线方向1000m,82,localized,83.6745,83.6745,1274.3287,1000.0000,-942.4543,-334.3351,0.794258,0.906075,108.7379,776.1417,1321.8396,200.0000
测向垂线方向1000m,83,localized,72.6348,72.6348,1190.6889,1000.0000,-441.2243,-897.3968,-0.877152,0.945310,154.6951,661.8180,1211.7598,200.0000
测向垂线方向1000m,84,no_signal,1500.1130,,1470.8457,1000.0000,-245.7354,-969.3369,0.728885,,165.0458,1065.9581,1077.1375,200.0000
测向垂线方向1000m,85,no_signal,1500.1130,,1255.7781,1000.0000,804.9700,-593.3155,-0.791284,,234.3986,773.5268,1173.4065,200.0000
测向垂线方向1000m,86,localized,97.0123,97.0123,1323.8297,1000.0000,542.7810,839.8743,-0.751499,0.326278,327.8783,880.6970,1410.2699,200.0000
测向垂线方向1000m,87,no_signal,1500.1130,,1394.5533,1000.0000,613.8494,-789.4232,0.140452,,217.7279,969.5491,1232.7145,200.0000
测向垂线方向1000m,88,no_signal,1500.1130,,1425.0031,1000.0000,795.9050,-605.4216,0.111358,,232.6295,1013.2596,1075.8270,200.0000
测向垂线方向1000m,89,no_signal,1500.1130,,1325.3271,1000.0000,-732.1504,-681.1430,-0.568466,,133.5015,879.7435,1158.2183,200.0000
测向垂线方向1000m,90,localized,45.2003,45.2003,1059.3878,1000.0000,701.9893,712.1875,-0.870097,-0.849884,316.2833,365.2326,1165.8102,200.0000
测向垂线方向1000m,91,no_signal,1500.1130,,1510.8632,1000.0000,740.0327,672.5709,-0.223671,,312.4895,1136.4773,1352.4500,200.0000
测向垂线方向1000m,92,localized,72.7621,72.7621,1202.1802,1000.0000,-987.9156,154.9928,-0.352454,0.688585,81.4361,673.4407,1356.5542,200.0000
测向垂线方向1000m,93,no_signal,1500.1130,,1371.1619,1000.0000,279.9967,-960.0010,-0.041684,,196.3017,938.8563,1238.2300,200.0000
测向垂线方向1000m,94,no_signal,1500.1130,,1146.8293,1000.0000,670.1117,-742.2602,-0.025118,,222.1008,561.8809,1045.8640,200.0000
测向垂线方向1000m,95,no_signal,1500.1130,,1163.5386,1000.0000,-803.5773,-595.2003,0.646684,,125.8802,583.6499,1111.2467,200.0000
测向垂线方向1000m,96,no_signal,1500.1130,,1440.1564,1000.0000,-899.1036,-437.7360,0.425771,,115.5337,1028.9597,1087.6039,200.0000
测向垂线方向1000m,97,no_signal,1500.1130,,1622.4959,1000.0000,-999.9394,11.0053,0.242293,,89.1271,1273.4686,1451.6237,200.0000
测向垂线方向1000m,98,localized,61.6017,61.6017,1171.3280,1000.0000,-687.4448,726.2366,0.418278,-0.978278,43.0099,602.6691,1452.8593,200.0000
测向垂线方向1000m,99,no_signal,1500.1130,,1414.6929,1000.0000,-901.0048,-433.8091,-0.994516,,116.7041,1018.1850,1276.5310,200.0000
测向垂线方向1000m,100,no_signal,1500.1130,,1194.0327,1000.0000,-973.0912,230.4202,0.331610,,76.3466,646.7057,1106.9787,200.0000
测向垂线方向1000m,101,localized,46.0854,46.0854,1059.6411,1000.0000,966.0306,258.4276,0.206636,0.983771,284.7701,346.8965,1387.1133,200.0000
测向垂线方向1000m,102,no_signal,1500.1130,,1282.2047,1000.0000,-790.6834,612.2252,0.221565,,52.0279,798.6689,1001.3763,200.0000
测向垂线方向1000m,103,no_signal,1500.1130,,1611.3583,1000.0000,-794.8522,606.8031,-0.606774,,53.2481,1274.1515,1307.0870,200.0000
测向垂线方向1000m,104,no_signal,1500.1130,,1378.5859,1000.0000,548.7145,-836.0098,0.898891,,212.3800,933.3880,1017.6875,200.0000
测向垂线方向1000m,105,localized,49.8899,49.8899,1082.9321,1000.0000,617.5857,-786.5036,0.384613,0.891269,217.7554,408.9640,1168.3785,200.0000
测向垂线方向1000m,106,no_signal,1500.1130,,1251.8283,1000.0000,-849.3313,527.8601,-0.843129,,58.9821,767.9019,1182.9939,200.0000
测向垂线方向1000m,107,no_signal,1500.1130,,1281.3760,1000.0000,-606.3787,795.1760,-0.920577,,38.2487,817.4294,1133.1740,200.0000
测向垂线方向1000m,108,localized,80.8088,80.8088,1276.9324,1000.0000,770.7840,-637.0966,0.082987,-0.834956,230.3414,792.6288,1424.4947,200.0000
测向垂线方向1000m,109,no_signal,1500.1130,,1561.1872,1000.0000,-792.6891,-609.6261,0.461277,,127.1012,1190.8531,1335.0386,200.0000
测向垂线方向1000m,110,no_signal,1500.1130,,1445.7699,1000.0000,872.2581,-489.0458,-0.571948,,241.2941,1054.1806,1292.4468,200.0000
测向垂线方向1000m,111,no_signal,1500.1130,,1310.1344,1000.0000,368.7179,-929.5413,0.963713,,200.6729,829.7829,1024.8809,200.0000
测向垂线方向1000m,112,no_signal,1500.1130,,1701.0903,1000.0000,-444.8367,-895.6117,0.676421,,152.9107,1364.3659,1408.7248,200.0000
测向垂线方向1000m,113,localized,74.3535,74.3535,1224.8739,1000.0000,948.1012,317.9688,-0.012911,0.056628,288.5530,707.5556,1328.9897,200.0000
测向垂线方向1000m,114,no_signal,1500.1130,,1439.9874,1000.0000,802.3220,-596.8915,-0.670236,,234.0226,1047.8928,1058.6504,200.0000
测向垂线方向1000m,115,no_signal,1500.1130,,1538.5032,1000.0000,-644.0512,764.9824,-0.629695,,40.7243,1180.2260,1249.5452,200.0000
测向垂线方向1000m,116,no_signal,1500.1130,,1572.4667,1000.0000,459.7292,-888.0592,0.929443,,206.4402,1197.4158,1282.3104,200.0000
测向垂线方向1000m,117,localized,72.6678,72.6678,1205.5706,1000.0000,-649.4914,760.3689,-0.122724,0.643686,40.6260,675.4955,1207.7545,200.0000
测向垂线方向1000m,118,no_signal,1500.1130,,1164.8801,1000.0000,533.0652,846.0742,-0.158647,,327.9459,600.2246,1029.2018,200.0000
测向垂线方向1000m,119,localized,106.7090,106.7090,1415.5740,1000.0000,730.6595,-682.7421,0.792021,-0.061260,226.1497,988.1954,1449.5765,200.0000
测向垂线方向1000m,120,localized,70.6952,70.6952,1201.0521,1000.0000,784.0511,620.6963,-0.335037,-0.005050,308.7020,671.0995,1350.5946,200.0000
测向垂线方向1000m,121,localized,40.1826,40.1826,1024.8651,1000.0000,345.9516,-938.2523,-0.743200,0.537745,200.9831,237.7300,1254.1499,200.0000
测向垂线方向1000m,122,no_signal,1500.1130,,1159.7704,1000.0000,-705.4042,-708.8053,-0.974740,,136.1125,604.6823,1002.5622,200.0000
测向垂线方向1000m,123,localized,64.2801,64.2801,1170.9948,1000.0000,-732.9480,680.2847,0.556249,0.451003,46.5779,599.6546,1444.9643,200.0000
测向垂线方向1000m,124,no_signal,1500.1130,,1485.3226,1000.0000,607.3107,794.4644,-0.670035,,323.2747,1110.0200,1165.1411,200.0000
测向垂线方向1000m,125,no_signal,1500.1130,,1447.8757,1000.0000,-850.2478,526.3827,-0.014019,,58.2526,1047.3092,1282.7359,200.0000
测向垂线方向1000m,126,no_signal,1500.1130,,1181.9574,1000.0000,875.7765,-482.7168,0.982038,,240.1550,613.1920,1132.8908,200.0000
测向垂线方向1000m,127,localized,46.6436,46.6436,1071.8151,1000.0000,-73.4095,-997.3019,0.771633,0.230498,175.0185,372.4979,1260.5491,200.0000
测向垂线方向1000m,128,no_signal,1500.1130,,1520.3439,1000.0000,322.7843,946.4725,-0.468515,,341.6371,1153.3899,1365.1810,200.0000
测向垂线方向1000m,129,no_signal,1500.1130,,1344.0273,1000.0000,863.2421,-504.7902,0.818939,,238.8636,883.8241,1319.9999,200.0000
测向垂线方向1000m,130,no_signal,1500.1130,,1514.0260,1000.0000,-640.0268,-768.3525,-0.547615,,140.7538,1146.3803,1267.6127,200.0000
测向垂线方向1000m,131,no_signal,1500.1130,,1473.4443,1000.0000,-979.6977,200.4805,0.560464,,77.8745,1072.4076,1144.4434,200.0000
测向垂线方向1000m,132,no_signal,1500.1130,,1387.9933,1000.0000,670.9267,-741.5237,-0.107477,,222.2461,964.4395,1329.8721,200.0000
测向垂线方向1000m,133,localized,42.0817,42.0817,1031.8327,1000.0000,-999.7814,-20.9068,-0.959448,0.958098,92.1574,271.6153,1446.9806,200.0000
测向垂线方向1000m,134,localized,35.7016,35.7016,1002.6763,1000.0000,640.4287,768.0176,-0.705288,0.459100,320.8815,86.5476,1023.1840,200.0000
测向垂线方向1000m,135,localized,56.4320,56.4320,1128.4158,1000.0000,611.3068,-791.3937,-0.527619,-0.875512,218.2117,532.0919,1313.4993,200.0000
测向垂线方向1000m,136,localized,53.5588,53.5588,1103.4806,1000.0000,766.7907,641.8972,0.140233,0.669646,309.7932,464.1093,1450.5948,200.0000
测向垂线方向1000m,137,no_signal,1500.1130,,1576.2491,1000.0000,-916.1364,-400.8668,-0.937446,,114.5698,1234.8964,1466.2418,200.0000
测向垂线方向1000m,138,localized,74.3235,74.3235,1219.2223,1000.0000,-417.7876,908.5447,-0.364170,0.070109,25.0592,703.8825,1469.3996,200.0000
测向垂线方向1000m,139,localized,39.2847,39.2847,1025.0293,1000.0000,-222.4109,974.9530,-0.117282,-0.082836,12.9680,227.1896,1074.9381,200.0000
测向垂线方向1000m,140,no_signal,1500.1130,,1381.1732,1000.0000,945.3501,-326.0570,0.482541,,250.4878,944.3165,1215.0917,200.0000
测向垂线方向1000m,141,localized,87.1448,87.1448,1281.2637,1000.0000,868.5267,495.6424,-0.172824,0.571268,299.8849,804.0443,1284.5682,200.0000
测向垂线方向1000m,142,no_signal,1500.1130,,1513.0143,1000.0000,305.3436,952.2423,0.576843,,341.6443,1125.4119,1268.5104,200.0000
测向垂线方向1000m,143,no_signal,1500.1130,,1358.4275,1000.0000,-386.0012,-922.4983,-0.995749,,158.2898,936.9581,1000.8228,200.0000
测向垂线方向1000m,144,localized,43.6358,43.6358,1054.1915,1000.0000,-34.2075,-999.4148,0.979275,0.342260,177.0604,316.9929,1252.8301,200.0000
测向垂线方向1000m,145,localized,54.5860,54.5860,1116.3128,1000.0000,379.9456,-925.0089,0.892271,0.664178,201.4380,480.8112,1143.7037,200.0000
测向垂线方向1000m,146,no_signal,1500.1130,,1386.2572,1000.0000,756.0047,-654.5662,-0.259430,,229.3727,964.5953,1145.1125,200.0000
测向垂线方向1000m,147,localized,59.4064,59.4064,1155.7062,1000.0000,-383.7290,-923.4457,0.599238,-0.615160,156.8359,568.9950,1429.2292,200.0000
测向垂线方向1000m,148,no_signal,1500.1130,,1535.9458,1000.0000,-523.3662,852.1079,-0.696650,,32.2550,1178.0390,1370.8475,200.0000
测向垂线方向1000m,149,no_signal,1500.1130,,1354.4181,1000.0000,-165.8490,-986.1512,0.970911,,169.4825,896.6939,1250.0602,200.0000
测向垂线方向1000m,150,localized,85.8449,85.8449,1277.9358,1000.0000,728.7402,-684.7903,-0.281753,0.274954,227.0626,800.6211,1419.5848,200.0000
测向垂线方向1000m,151,localized,113.6251,113.6251,1409.5090,1000.0000,-269.8754,962.8953,-0.802956,-0.025660,16.4598,1007.4482,1475.3352,200.0000
测向垂线方向1000m,152,localized,35.6848,35.6848,1005.4168,1000.0000,-990.4198,138.0892,0.319292,-0.287143,81.7434,98.8018,1390.6967,200.0000
测向垂线方向1000m,153,no_signal,1500.1130,,1146.6822,1000.0000,997.0189,-77.1577,0.302620,,265.2722,555.8848,1020.8419,200.0000
测向垂线方向1000m,154,no_signal,1500.1130,,1162.3049,1000.0000,-535.8369,844.3215,-0.044981,,32.4457,593.1982,1153.2474,200.0000
测向垂线方向1000m,155,localized,75.7130,75.7130,1227.0906,1000.0000,-388.9619,-921.2538,0.436714,0.843377,156.6734,703.5808,1230.0864,200.0000
测向垂线方向1000m,156,no_signal,1500.1130,,1559.1635,1000.0000,318.9916,947.7575,-0.295310,,341.6934,1201.4055,1273.3841,200.0000
测向垂线方向1000m,157,no_signal,1500.1130,,1464.1205,1000.0000,909.2260,-416.3028,0.736196,,244.6624,1056.6437,1198.8299,200.0000
测向垂线方向1000m,158,no_signal,1500.1130,,1429.6632,1000.0000,832.2775,554.3592,-0.996514,,304.6631,1039.2719,1234.0425,200.0000
测向垂线方向1000m,159,no_signal,1500.1130,,1560.4894,1000.0000,-552.5114,833.5053,0.570891,,32.9686,1188.0456,1207.2744,200.0000
测向垂线方向1000m,160,no_signal,1500.1130,,1680.1844,1000.0000,963.5277,-267.6086,0.821248,,253.6567,1335.9355,1432.4015,200.0000
测向垂线方向1000m,161,localized,50.1251,50.1251,1097.9084,1000.0000,119.6250,992.8192,0.913932,-0.235589,352.2156,437.5441,1197.3179,200.0000
测向垂线方向1000m,162,localized,48.8714,48.8714,1088.5852,1000.0000,277.1814,960.8176,0.246732,-0.699733,343.6612,425.8522,1337.5755,200.0000
测向垂线方向1000m,163,no_signal,1500.1130,,1360.2015,1000.0000,996.7437,-80.6346,0.515276,,264.8597,913.0856,1211.3510,200.0000
测向垂线方向1000m,164,no_signal,1500.1130,,1789.3714,1000.0000,-260.9150,-965.3618,-0.278990,,165.1546,1488.7404,1497.8765,200.0000
测向垂线方向1000m,165,no_signal,1500.1130,,1519.9493,1000.0000,829.2503,-558.8774,-0.663783,,236.6856,1156.3033,1464.6664,200.0000
测向垂线方向1000m,166,localized,56.9940,56.9940,1126.8706,1000.0000,794.9682,606.6511,-0.013246,0.111508,307.3610,519.6900,1196.1629,200.0000
测向垂线方向1000m,167,localized,78.5346,78.5346,1252.5118,1000.0000,-914.7262,-404.0743,0.121361,-0.107759,113.7118,752.0637,1269.0582,200.0000
测向垂线方向1000m,168,no_signal,1500.1130,,1378.8820,1000.0000,-638.0998,769.9537,0.684556,,38.9657,937.5042,1076.7488,200.0000
测向垂线方向1000m,169,no_signal,1500.1130,,1432.4916,1000.0000,-908.0118,418.9445,-0.495023,,65.7271,1034.3622,1356.5509,200.0000
测向垂线方向1000m,170,no_signal,1500.1130,,1638.1653,1000.0000,998.8058,48.8569,0.914975,,271.8854,1281.6602,1472.8231,200.0000
测向垂线方向1000m,171,localized,111.0338,111.0338,1403.6523,1000.0000,-997.1660,75.2321,-0.217023,0.303115,85.9025,988.8026,1445.3485,200.0000
测向垂线方向1000m,172,localized,37.1369,37.1369,1013.2927,1000.0000,-980.8949,194.5382,0.825550,0.595227,77.9567,149.8163,1312.3678,200.0000
测向垂线方向1000m,173,localized,57.3754,57.3754,1140.1687,1000.0000,-688.0707,725.6437,0.848993,-0.085346,42.6286,533.0919,1366.5967,200.0000
测向垂线方向1000m,174,localized,42.1776,42.1776,1038.7031,1000.0000,111.3593,-993.7802,-0.898167,-0.289867,187.2918,297.0110,1264.1494,200.0000
测向垂线方向1000m,175,localized,98.4621,98.4621,1316.7892,1000.0000,456.5803,889.6822,-0.818627,0.959051,333.6520,871.1058,1394.1882,200.0000
测向垂线方向1000m,176,no_signal,1500.1130,,1432.3791,1000.0000,-820.7259,571.3221,-0.975671,,56.1332,1042.6983,1246.3821,200.0000
测向垂线方向1000m,177,no_signal,1500.1130,,1344.0766,1000.0000,993.4568,-114.2082,0.066999,,263.3750,896.9082,1051.7981,200.0000
测向垂线方向1000m,178,no_signal,1500.1130,,1452.2187,1000.0000,20.2893,999.7942,0.750630,,358.0868,1040.0427,1323.1529,200.0000
测向垂线方向1000m,179,localized,72.9303,72.9303,1210.3157,1000.0000,829.4528,558.5768,-0.506493,0.022892,304.4639,690.7066,1297.8511,200.0000
测向垂线方向1000m,180,localized,44.9719,44.9719,1060.5550,1000.0000,895.1458,-445.7734,0.551379,0.196408,242.9758,343.7456,1145.4553,200.0000
测向垂线方向1000m,181,localized,54.0473,54.0473,1113.0811,1000.0000,-60.5795,998.1634,-0.121083,-0.327103,3.5942,490.9425,1387.9749,200.0000
测向垂线方向1000m,182,no_signal,1500.1130,,1423.6243,1000.0000,-997.6352,68.7319,-0.791581,,86.8504,1027.1745,1355.8306,200.0000
测向垂线方向1000m,183,localized,71.1302,71.1302,1211.4404,1000.0000,-532.2907,-846.5616,0.943161,0.701354,146.8965,667.5416,1407.2118,200.0000
测向垂线方向1000m,184,localized,54.0595,54.0595,1104.8532,1000.0000,-934.2715,356.5625,-0.785842,-0.108603,69.8966,483.7030,1417.1530,200.0000
测向垂线方向1000m,185,no_signal,1500.1130,,1109.7275,1000.0000,-989.4541,-144.8470,-0.430752,,98.7592,488.7161,1065.6343,200.0000
测向垂线方向1000m,186,localized,112.5687,112.5687,1469.0134,1000.0000,-889.0593,-457.7921,-0.187068,-0.886170,117.4318,1079.3741,1469.6136,200.0000
测向垂线方向1000m,187,no_signal,1500.1130,,1199.3470,1000.0000,-192.2725,-981.3416,-0.267385,,169.1820,666.8260,1052.5288,200.0000
测向垂线方向1000m,188,no_signal,1500.1130,,1597.0075,1000.0000,-227.6634,-973.7399,0.113534,,166.7269,1243.1839,1444.5614,200.0000
测向垂线方向1000m,189,no_signal,1500.1130,,1676.6777,1000.0000,896.9175,442.1980,0.473361,,295.7708,1337.5899,1425.5749,200.0000
测向垂线方向1000m,190,localized,56.3751,56.3751,1128.4891,1000.0000,624.6960,780.8681,0.947301,0.549487,320.3928,506.6891,1336.9849,200.0000
测向垂线方向1000m,191,no_signal,1500.1130,,1357.4706,1000.0000,-37.1723,999.3089,0.080111,,2.0502,916.6041,1057.5761,200.0000
测向垂线方向1000m,192,no_signal,1500.1130,,1540.3679,1000.0000,-994.7272,-102.5560,0.928721,,94.9577,1155.5405,1490.4839,200.0000
测向垂线方向1000m,193,localized,65.8470,65.8470,1182.4813,1000.0000,953.6946,-300.7765,-0.379553,-0.682737,252.8753,637.7391,1353.3196,200.0000
测向垂线方向1000m,194,no_signal,1500.1130,,1302.8363,1000.0000,-166.8365,985.9846,0.449993,,9.1539,827.2775,1107.0876,200.0000
测向垂线方向1000m,195,no_signal,1500.1130,,1318.7201,1000.0000,185.0209,982.7346,-0.573894,,349.9115,869.7388,1179.7576,200.0000
测向垂线方向1000m,196,no_signal,1500.1130,,1151.5375,1000.0000,896.2284,-443.5928,0.549334,,243.1173,561.4909,1119.4532,200.0000
测向垂线方向1000m,197,no_signal,1500.1130,,1662.8838,1000.0000,-645.2440,-763.9765,0.839382,,138.9766,1314.0330,1499.2049,200.0000
测向垂线方向1000m,198,no_signal,1500.1130,,1429.4597,1000.0000,-540.7788,841.1648,-0.039836,,32.7765,1022.1430,1175.6290,200.0000
测向垂线方向1000m,199,no_signal,1500.1130,,1579.1993,1000.0000,-999.9441,-10.5696,0.222424,,90.3832,1218.3640,1398.5884,200.0000
测向垂线方向1000m,200,localized,51.7565,51.7565,1104.0642,1000.0000,-577.6162,-816.3085,0.294497,-0.409156,144.4224,462.8177,1270.0022,200.0000
测向垂线方向1000m,201,no_signal,1500.1130,,1476.7306,1000.0000,-156.2487,-987.7177,0.409234,,170.6015,1079.4965,1298.7189,200.0000
测向垂线方向1000m,202,no_signal,1500.1130,,1262.6545,1000.0000,-976.0235,217.6653,-0.941234,,78.3693,787.5081,1170.2434,200.0000
测向垂线方向1000m,203,no_signal,1500.1130,,1328.6550,1000.0000,699.6818,-714.4546,0.074611,,224.3269,873.5268,1172.0821,200.0000
测向垂线方向1000m,204,localized,50.7895,50.7895,1081.7503,1000.0000,-612.5364,-790.4424,-0.975326,0.301718,143.2022,429.9062,1332.8232,200.0000
测向垂线方向1000m,205,localized,72.7494,72.7494,1222.2243,1000.0000,766.9597,641.6953,-0.586819,-0.936493,310.5052,713.0483,1268.8385,200.0000
测向垂线方向1000m,206,no_signal,1500.1130,,1454.5431,1000.0000,197.4789,-980.3071,0.298157,,191.0914,1051.0740,1089.5261,200.0000
测向垂线方向1000m,207,localized,37.5446,37.5446,1016.0972,1000.0000,835.9992,548.7307,0.966010,0.601004,302.3140,164.0764,1137.7695,200.0000
测向垂线方向1000m,208,no_signal,1500.1130,,1487.1167,1000.0000,-924.1418,382.0496,0.077292,,67.4620,1099.3408,1487.0539,200.0000
测向垂线方向1000m,209,localized,67.3511,67.3511,1190.6235,1000.0000,486.1409,873.8805,0.280755,0.011241,330.6320,641.3262,1304.5178,200.0000
测向垂线方向1000m,210,no_signal,1500.1130,,1545.0744,1000.0000,-998.9697,45.3812,0.566034,,86.8329,1167.9803,1171.0498,200.0000
测向垂线方向1000m,211,no_signal,1500.1130,,1597.1267,1000.0000,-975.3866,220.5015,0.362147,,76.8994,1239.0121,1460.9159,200.0000
测向垂线方向1000m,212,no_signal,1500.1130,,1501.5778,1000.0000,993.9909,109.4624,-0.500979,,276.7853,1128.9277,1493.7380,200.0000
测向垂线方向1000m,213,no_signal,1500.1130,,1417.1670,1000.0000,49.3328,998.7824,-0.117714,,357.2900,1006.2291,1392.8732,200.0000
测向垂线方向1000m,214,localized,47.1708,47.1708,1071.8376,1000.0000,608.8318,-793.2994,-0.140365,-0.237375,217.6454,388.2502,1145.3194,200.0000
测向垂线方向1000m,215,no_signal,1500.1130,,1402.1331,1000.0000,164.2881,-986.4124,0.474661,,188.9812,974.5920,1023.7034,200.0000
测向垂线方向1000m,216,no_signal,1500.1130,,1574.2730,1000.0000,-697.7510,-716.3404,-0.303254,,136.0564,1221.1725,1225.3224,200.0000
测向垂线方向1000m,217,no_signal,1500.1130,,1500.4915,1000.0000,-984.0161,178.0793,0.121545,,79.6206,1116.5740,1451.7774,200.0000
测向垂线方向1000m,218,no_signal,1500.1130,,1258.6013,1000.0000,49.6082,-998.7688,-0.415322,,183.2588,771.5326,1023.5185,200.0000
测向垂线方向1000m,219,no_signal,1500.1130,,1461.3554,1000.0000,915.5918,402.1090,-0.877660,,294.5877,1081.0540,1349.7099,200.0000
测向垂线方向1000m,220,no_signal,1500.1130,,1324.2616,1000.0000,441.1188,897.4487,-0.015681,,333.8404,868.4148,1281.4934,200.0000
测向垂线方向1000m,221,no_signal,1500.1130,,1624.0808,1000.0000,778.0393,-628.2156,0.945303,,230.1361,1263.3109,1327.1946,200.0000
测向垂线方向1000m,222,no_signal,1500.1130,,1166.6651,1000.0000,-134.4876,990.9153,0.366693,,7.3623,594.5563,1070.7270,200.0000
测向垂线方向1000m,223,no_signal,1500.1130,,1438.8502,1000.0000,848.5536,529.1094,0.148347,,301.7970,1031.9622,1074.4141,200.0000
测向垂线方向1000m,224,no_signal,1500.1130,,1393.7903,1000.0000,281.4890,-959.5645,0.534820,,195.8143,961.6129,1162.6546,200.0000
测向垂线方向1000m,225,no_signal,1500.1130,,1350.2162,1000.0000,764.4877,644.6384,-0.015642,,310.1542,907.5127,1051.3022,200.0000
测向垂线方向1000m,226,no_signal,1500.1130,,1646.5396,1000.0000,-113.6405,993.5219,-0.498061,,7.0233,1316.8089,1395.0647,200.0000
测向垂线方向1000m,227,no_signal,1500.1130,,1513.4957,1000.0000,478.8620,-877.8902,0.196519,,208.4146,1132.6516,1191.7100,200.0000
测向垂线方向1000m,228,localized,40.0007,40.0007,1027.6140,1000.0000,869.8025,493.4000,0.302702,0.696867,299.2616,231.3990,1228.6234,200.0000
测向垂线方向1000m,229,no_signal,1500.1130,,1545.7135,1000.0000,743.5831,668.6435,-0.153049,,312.1155,1181.3303,1185.2393,200.0000
测向垂线方向1000m,230,localized,109.9917,109.9917,1404.6426,1000.0000,-952.9229,-303.2128,0.217717,0.489380,107.4330,982.6256,1477.3510,200.0000
测向垂线方向1000m,231,no_signal,1500.1130,,1435.8456,1000.0000,557.0397,-830.4859,0.155800,,213.6955,1027.6497,1214.4969,200.0000
测向垂线方向1000m,232,no_signal,1500.1130,,1174.1106,1000.0000,-424.0078,905.6585,-0.321236,,25.4091,620.8847,1081.9174,200.0000
测向垂线方向1000m,233,localized,98.3513,98.3513,1379.9102,1000.0000,875.8398,482.6019,0.262658,-0.950401,298.5928,946.2960,1496.2534,200.0000
测向垂线方向1000m,234,no_signal,1500.1130,,1422.9595,1000.0000,-960.5514,278.1026,-0.104185,,73.9572,1014.1508,1223.5573,200.0000
测向垂线方向1000m,235,no_signal,1500.1130,,1355.9137,1000.0000,-492.7842,-870.1516,-0.934206,,151.4105,932.1469,1219.5702,200.0000
测向垂线方向1000m,236,no_signal,1500.1130,,1313.3542,1000.0000,882.6771,-469.9798,-0.941424,,242.9084,867.9988,1085.5722,200.0000
测向垂线方向1000m,237,no_signal,1500.1130,,1325.1416,1000.0000,-471.0212,-882.1219,0.249115,,151.6503,865.1458,1201.7690,200.0000
测向垂线方向1000m,238,no_signal,1500.1130,,1111.0985,1000.0000,382.1086,924.1174,0.035666,,337.5000,483.6711,1079.9277,200.0000
测向垂线方向1000m,239,no_signal,1500.1130,,1189.5868,1000.0000,-379.0781,-925.3647,0.224842,,157.4986,640.3833,1087.9305,200.0000
测向垂线方向1000m,240,no_signal,1500.1130,,1436.1497,1000.0000,766.9263,-641.7352,-0.323673,,230.4023,1036.4536,1202.4209,200.0000
测向垂线方向1000m,241,no_signal,1500.1130,,1288.6200,1000.0000,-899.8013,-436.2999,-0.551640,,116.4197,822.4219,1015.8283,200.0000
测向垂线方向1000m,242,localized,77.9842,77.9842,1250.5439,1000.0000,941.0627,-338.2323,0.355672,0.060801,249.8751,744.7241,1367.5991,200.0000
测向垂线方向1000m,243,no_signal,1500.1130,,1326.0186,1000.0000,409.8701,-912.1439,-0.487976,,204.6846,879.3771,1154.7666,200.0000
测向垂线方向1000m,244,localized,46.2406,46.2406,1064.6608,1000.0000,966.2352,257.6618,0.717515,0.859610,284.2139,353.0720,1093.4904,200.0000
测向垂线方向1000m,245,localized,63.3923,63.3923,1154.0748,1000.0000,-827.2070,561.8974,-0.173928,0.721987,55.9868,579.1414,1428.5166,200.0000
测向垂线方向1000m,246,no_signal,1500.1130,,1424.9062,1000.0000,-554.8974,831.9188,-0.078226,,33.7819,1016.4315,1280.6574,200.0000
测向垂线方向1000m,247,no_signal,1500.1130,,1521.8247,1000.0000,-400.5151,916.2902,0.210978,,23.3994,1143.4725,1224.1283,200.0000
测向垂线方向1000m,248,localized,104.8353,104.8353,1401.6205,1000.0000,-576.7616,-816.9125,0.710969,0.032636,144.0659,969.7799,1448.9645,200.0000
测向垂线方向1000m,249,localized,37.7530,37.7530,1019.8478,1000.0000,-678.0910,-734.9780,0.300293,-0.751483,137.0051,195.0510,1086.9611,200.0000
测向垂线方向1000m,250,localized,62.6426,62.6426,1164.3668,1000.0000,-224.3333,-974.5125,-0.582905,-0.912868,167.6192,606.7081,1261.4959,200.0000
测向垂线方向1000m,251,localized,48.0015,48.0015,1072.8676,1000.0000,-202.2357,979.3369,-0.264549,0.157550,11.9323,393.2895,1415.1105,200.0000
测向垂线方向1000m,252,no_signal,1500.1130,,1310.5591,1000.0000,-590.6281,-806.9439,-0.585115,,144.3835,857.3657,1243.6467,200.0000
测向垂线方向1000m,253,localized,57.6979,57.6979,1140.4850,1000.0000,533.5032,845.7981,-0.222807,-0.997856,327.9803,552.2692,1345.9416,200.0000
测向垂线方向1000m,254,no_signal,1500.1130,,1542.1654,1000.0000,-15.8250,-999.8748,-0.338519,,179.4318,1179.9223,1277.8628,200.0000
测向垂线方向1000m,255,no_signal,1500.1130,,1187.9166,1000.0000,799.7061,600.3917,0.940096,,305.9579,625.0094,1094.3302,200.0000
测向垂线方向1000m,256,no_signal,1500.1130,,1481.8165,1000.0000,996.4386,84.3217,0.334834,,274.5022,1087.6890,1349.0321,200.0000
测向垂线方向1000m,257,no_signal,1500.1130,,1225.0472,1000.0000,-125.6891,-992.0697,0.423693,,172.3558,700.2741,1115.8088,200.0000
测向垂线方向1000m,258,localized,50.0517,50.0517,1100.8767,1000.0000,169.7289,985.4908,0.954714,-0.587109,349.2732,443.9973,1164.8304,200.0000
测向垂线方向1000m,259,no_signal,1500.1130,,1455.0385,1000.0000,-741.3716,-671.0947,-0.674589,,132.8262,1068.7862,1121.3144,200.0000
测向垂线方向1000m,260,localized,91.6688,91.6688,1335.8694,1000.0000,122.0565,992.5232,0.746550,-0.114970,352.2426,872.8131,1443.7037,200.0000
测向垂线方向1000m,261,no_signal,1500.1130,,1572.3025,1000.0000,-451.5663,-892.2376,0.914624,,152.2412,1197.4582,1288.1629,200.0000
测向垂线方向1000m,262,no_signal,1500.1130,,1337.5296,1000.0000,982.5307,-186.1007,-0.453079,,259.7278,896.1913,1165.5505,200.0000
测向垂线方向1000m,263,localized,44.6329,44.6329,1053.8865,1000.0000,-973.7871,227.4613,0.343081,0.734000,76.5093,326.7471,1455.2998,200.0000
测向垂线方向1000m,264,no_signal,1500.1130,,1493.4543,1000.0000,694.1286,719.8510,-0.587947,,316.6301,1119.5455,1240.4447,200.0000
测向垂线方向1000m,265,no_signal,1500.1130,,1544.2114,1000.0000,655.9998,754.7611,-0.176518,,319.1810,1179.7704,1362.5582,200.0000
测向垂线方向1000m,266,no_signal,1500.1130,,1492.7266,1000.0000,435.1314,-900.3670,-0.197429,,205.9911,1111.7078,1209.0219,200.0000
测向垂线方向1000m,267,no_signal,1500.1130,,1384.5098,1000.0000,960.4100,-278.5904,0.153588,,253.6703,954.8551,1161.8204,200.0000
测向垂线方向1000m,268,localized,55.4879,55.4879,1135.7742,1000.0000,-393.6554,-919.2581,0.604426,-0.992659,156.2134,528.0551,1192.7246,200.0000
测向垂线方向1000m,269,no_signal,1500.1130,,1315.8548,1000.0000,574.7503,-818.3289,-0.660315,,215.7425,866.8645,1021.7047,200.0000
测向垂线方向1000m,270,no_signal,1500.1130,,1278.9704,1000.0000,735.6713,-677.3387,-0.158604,,227.5226,800.1219,1033.6796,200.0000
测向垂线方向1000m,271,no_signal,1500.1130,,1663.2351,1000.0000,424.3073,-905.5183,0.579933,,204.5269,1318.9584,1359.8488,200.0000
测向垂线方向1000m,272,no_signal,1500.1130,,1563.9279,1000.0000,273.0201,-962.0083,0.044999,,195.7991,1201.6584,1405.7202,200.0000
测向垂线方向1000m,273,no_signal,1500.1130,,1428.3513,1000.0000,-999.3195,36.8841,0.542757,,87.3435,1010.4671,1193.7543,200.0000
测向垂线方向1000m,274,localized,99.9051,99.9051,1372.7391,1000.0000,910.0207,-414.5628,0.249108,-0.284472,245.2591,936.0945,1488.3024,200.0000
测向垂线方向1000m,275,no_signal,1500.1130,,1410.7022,1000.0000,868.2622,-496.1055,0.468418,,239.7889,986.8862,1355.0765,200.0000
测向垂线方向1000m,276,localized,93.6848,93.6848,1441.3074,1000.0000,-122.6172,992.4540,-0.640252,0.588718,7.6834,1049.1974,1443.2486,200.0000
测向垂线方向1000m,277,no_signal,1500.1130,,1764.4807,1000.0000,768.8080,639.4797,0.854978,,308.8981,1438.9059,1442.3702,200.0000
测向垂线方向1000m,278,no_signal,1500.1130,,1076.2053,1000.0000,864.3075,502.9637,0.607272,,299.5890,387.3085,1023.4705,200.0000
测向垂线方向1000m,279,localized,81.0159,81.0159,1278.4418,1000.0000,937.0125,-349.2957,0.165042,-0.772366,249.3907,793.6255,1456.2697,200.0000
测向垂线方向1000m,280,no_signal,1500.1130,,1444.6070,1000.0000,981.3194,192.3855,0.816498,,280.2755,1028.3871,1034.7628,200.0000
测向垂线方向1000m,281,no_signal,1500.1130,,1676.5565,1000.0000,750.9083,-660.4065,-0.787740,,229.4569,1359.4936,1442.9277,200.0000
测向垂线方向1000m,282,localized,58.7402,58.7402,1143.3157,1000.0000,516.6546,-856.1939,0.200864,-0.269486,210.9073,550.7353,1178.2157,200.0000
测向垂线方向1000m,283,no_signal,1500.1130,,1572.8270,1000.0000,-465.9538,-884.8090,0.034699,,152.1933,1213.3900,1468.2816,200.0000
测向垂线方向1000m,284,no_signal,1500.1130,,1546.1986,1000.0000,998.8300,48.3600,-0.237119,,273.0090,1183.4379,1434.9892,200.0000
测向垂线方向1000m,285,no_signal,1500.1130,,1054.3314,1000.0000,-819.5314,-573.0342,-0.215894,,125.1780,337.8772,1043.5702,200.0000
测向垂线方向1000m,286,localized,84.1669,84.1669,1255.6081,1000.0000,855.5874,517.6584,-0.850639,0.502755,302.0260,774.3010,1402.5592,200.0000
测向垂线方向1000m,287,no_signal,1500.1130,,1050.4460,1000.0000,-945.9891,324.1984,0.666013,,70.4170,310.2019,1045.8939,200.0000
测向垂线方向1000m,288,localized,17.5163,17.5163,1000.1286,1000.0000,-861.1553,508.3420,0.201561,-0.736143,59.2450,12.9027,1034.4570,200.0000
测向垂线方向1000m,289,no_signal,1500.1130,,1360.8339,1000.0000,-737.2946,-675.5714,0.117611,,132.3809,920.9171,1230.9509,200.0000
测向垂线方向1000m,290,no_signal,1500.1130,,1368.9834,1000.0000,-151.1698,988.5078,-0.176379,,8.8711,938.0249,1074.0932,200.0000
测向垂线方向1000m,291,no_signal,1500.1130,,1428.9234,1000.0000,-416.3812,-909.1901,0.483177,,154.9105,1012.2987,1342.2390,200.0000
测向垂线方向1000m,292,no_signal,1500.1130,,1656.7056,1000.0000,-698.0037,716.0942,0.319018,,43.9480,1315.3047,1367.9787,200.0000
测向垂线方向1000m,293,localized,49.3755,49.3755,1078.1257,1000.0000,-999.2152,-39.6112,-0.315343,0.440514,92.5855,408.4744,1134.4164,200.0000
测向垂线方向1000m,294,no_signal,1500.1130,,1297.7756,1000.0000,626.6837,779.2738,-0.835971,,322.0301,841.8955,1046.2082,200.0000
测向垂线方向1000m,295,no_signal,1500.1130,,1257.5970,1000.0000,223.8553,-974.6224,0.137231,,192.7983,760.2030,1139.9812,200.0000
测向垂线方向1000m,296,no_signal,1500.1130,,1547.4553,1000.0000,-191.6274,-981.4678,0.989331,,167.9629,1163.7994,1434.7820,200.0000
测向垂线方向1000m,297,no_signal,1500.1130,,1020.0424,1000.0000,767.8311,640.6523,-0.063191,,309.9037,202.3186,1010.9216,200.0000
测向垂线方向1000m,298,no_signal,1500.1130,,1447.2335,1000.0000,0.7607,999.9997,0.348071,,359.6083,1040.1189,1042.1356,200.0000
测向垂线方向1000m,299,localized,86.7208,86.7208,1286.7766,1000.0000,-204.9413,978.7743,-0.705958,-0.393239,12.5320,822.2259,1468.2022,200.0000
测向垂线方向1000m,300,no_signal,1500.1130,,1447.9635,1000.0000,-169.5266,985.5256,0.504832,,9.2555,1038.4120,1045.2087,200.0000
测向垂线方向1000m,301,localized,66.1614,66.1614,1164.7665,1000.0000,976.9557,-213.4420,-0.708953,0.528358,258.3848,609.7292,1277.9532,200.0000
测向垂线方向1000m,302,no_signal,1500.1130,,1556.8991,1000.0000,-404.9756,-914.3275,-0.047909,,156.1583,1194.1239,1362.4830,200.0000
测向垂线方向1000m,303,localized,53.3563,53.3563,1115.0142,1000.0000,-564.0413,-825.7465,-0.146833,-0.986402,145.8111,495.7800,1240.8032,200.0000
测向垂线方向1000m,304,no_signal,1500.1130,,1444.2116,1000.0000,613.6519,-789.5767,-0.233537,,218.0876,1046.0758,1281.9972,200.0000
测向垂线方向1000m,305,no_signal,1500.1130,,1440.7184,1000.0000,999.8594,16.7707,-0.259167,,271.2201,1041.6780,1175.9953,200.0000
测向垂线方向1000m,306,localized,59.1296,59.1296,1124.3121,1000.0000,991.0377,133.5822,-0.835365,0.687333,278.5120,528.6711,1459.3261,200.0000
测向垂线方向1000m,307,no_signal,1500.1130,,1188.7635,1000.0000,-941.1628,-337.9535,-0.659144,,110.4114,654.3812,1097.7627,200.0000
测向垂线方向1000m,308,no_signal,1500.1130,,1194.0752,1000.0000,557.4288,-830.2247,-0.661738,,214.5399,664.1969,1082.1700,200.0000
测向垂线方向1000m,309,no_signal,1500.1130,,1642.0079,1000.0000,-866.5106,-499.1587,0.072847,,119.8715,1301.1078,1407.5041,200.0000
测向垂线方向1000m,310,no_signal,1500.1130,,1304.2499,1000.0000,-550.4176,834.8895,-0.239307,,33.6350,841.4850,1196.1575,200.0000
测向垂线方向1000m,311,no_signal,1500.1130,,1763.8062,1000.0000,-875.9427,482.4152,-0.075110,,61.2318,1454.2438,1472.1637,200.0000
测向垂线方向1000m,312,no_signal,1500.1130,,1584.5176,1000.0000,-572.6306,819.8135,0.330034,,34.6038,1223.3571,1320.9584,200.0000
测向垂线方向1000m,313,no_signal,1500.1130,,1088.7510,1000.0000,-960.2488,-279.1454,-0.671078,,106.8803,442.4278,1088.7239,200.0000
测向垂线方向1000m,314,localized,46.2465,46.2465,1068.0394,1000.0000,-264.7267,964.3235,-0.320343,-0.653686,15.6711,380.7434,1155.9324,200.0000
测向垂线方向1000m,315,no_signal,1500.1130,,1403.7232,1000.0000,953.5796,-301.1412,0.263400,,252.2104,980.5220,1076.1405,200.0000
测向垂线方向1000m,316,localized,50.8745,50.8745,1082.1564,1000.0000,-629.1581,-777.2774,-0.382879,0.918069,141.3948,420.3334,1158.1128,200.0000
测向垂线方向1000m,317,localized,46.1612,46.1612,1074.0082,1000.0000,955.3141,-295.5924,0.832455,-0.419494,251.9745,377.5234,1128.6945,200.0000
测向垂线方向1000m,318,localized,66.6096,66.6096,1194.9731,1000.0000,-561.4068,-827.5400,-0.023100,-0.929607,145.8700,654.5904,1265.9828,200.0000
测向垂线方向1000m,319,no_signal,1500.1130,,1174.0258,1000.0000,-188.9765,-981.9816,-0.700161,,169.8071,627.4318,1006.0391,200.0000
测向垂线方向1000m,320,no_signal,1500.1130,,1585.7102,1000.0000,981.3364,192.2991,-0.173692,,281.2607,1233.6761,1244.8827,200.0000
测向垂线方向1000m,321,no_signal,1500.1130,,1298.9780,1000.0000,-983.0776,183.1894,-0.844575,,80.2890,843.9331,1215.3813,200.0000
测向垂线方向1000m,322,no_signal,1500.1130,,1559.2776,1000.0000,602.9763,-797.7591,0.690717,,216.3926,1184.3948,1331.0983,200.0000
测向垂线方向1000m,323,no_signal,1500.1130,,1139.2037,1000.0000,-963.9301,266.1556,-0.483707,,75.0481,554.2044,1070.5089,200.0000
测向垂线方向1000m,324,no_signal,1500.1130,,1206.6810,1000.0000,-861.3770,-507.9662,0.766303,,119.7622,662.0946,1056.8312,200.0000
测向垂线方向1000m,325,no_signal,1500.1130,,1550.9705,1000.0000,543.6268,839.3271,-0.993410,,328.0625,1203.0060,1240.4390,200.0000
测向垂线方向1000m,326,localized,82.1963,82.1963,1260.5345,1000.0000,-874.1011,485.7441,0.318773,0.784647,60.6200,761.8856,1384.9907,200.0000
测向垂线方向1000m,327,no_signal,1500.1130,,1482.0850,1000.0000,-97.4730,-995.2382,-0.827900,,175.2342,1108.4257,1248.6030,200.0000
测向垂线方向1000m,328,no_signal,1500.1130,,1512.7228,1000.0000,-813.4573,-581.6247,-0.982029,,126.5469,1152.3146,1378.9059,200.0000
测向垂线方向1000m,329,localized,62.6791,62.6791,1165.9999,1000.0000,514.1540,-857.6979,-0.100305,-0.542343,211.0412,601.3829,1331.4834,200.0000
测向垂线方向1000m,330,no_signal,1500.1130,,1291.8189,1000.0000,998.1229,61.2420,-0.192159,,273.7033,821.1603,1216.8985,200.0000
测向垂线方向1000m,331,localized,37.7909,37.7909,1021.2253,1000.0000,-850.7859,525.5125,0.669131,-0.709390,57.6281,195.7768,1122.7533,200.0000
测向垂线方向1000m,332,localized,67.0259,67.0259,1198.8728,1000.0000,-381.0617,924.5496,0.921213,-0.101783,21.4782,645.4015,1442.9767,200.0000
测向垂线方向1000m,333,no_signal,1500.1130,,1400.6251,1000.0000,-416.0714,909.3319,-0.815690,,25.4025,995.0282,1097.7633,200.0000
测向垂线方向1000m,334,localized,35.8655,35.8655,1006.5821,1000.0000,193.3422,-981.1314,0.866823,0.204338,190.2811,100.7869,1223.1268,200.0000
测向垂线方向1000m,335,no_signal,1500.1130,,1534.8035,1000.0000,-423.4557,905.9168,-0.506759,,25.5597,1173.1898,1436.4824,200.0000
测向垂线方向1000m,336,no_signal,1500.1130,,1595.1566,1000.0000,325.2270,945.6360,-0.380352,,341.4010,1249.4451,1492.6312,200.0000
测向垂线方向1000m,337,no_signal,1500.1130,,1554.6601,1000.0000,118.2878,-992.9794,0.983211,,185.8101,1173.3289,1480.1179,200.0000
测向垂线方向1000m,338,localized,84.0239,84.0239,1271.5014,1000.0000,-624.8208,780.7682,0.204333,0.589491,38.4647,781.7543,1328.6534,200.0000
测向垂线方向1000m,339,no_signal,1500.1130,,1333.1907,1000.0000,608.6131,793.4671,-0.229227,,322.7399,885.7113,1228.0446,200.0000
测向垂线方向1000m,340,localized,48.9417,48.9417,1093.3077,1000.0000,343.7472,-939.0622,0.968978,-0.510814,199.1364,425.3646,1114.9673,200.0000
测向垂线方向1000m,341,localized,41.4741,41.4741,1032.9952,1000.0000,1000.0000,-0.1495,-0.418914,0.586758,270.4103,266.4109,1362.1303,200.0000
测向垂线方向1000m,342,localized,52.6640,52.6640,1110.2263,1000.0000,776.6556,629.9255,0.171415,-0.605236,308.8732,479.3062,1235.5120,200.0000
测向垂线方向1000m,343,no_signal,1500.1130,,1386.6638,1000.0000,921.7655,387.7477,0.383758,,292.4307,953.9694,1141.8077,200.0000
测向垂线方向1000m,344,localized,72.6653,72.6653,1235.7800,1000.0000,-294.2942,955.7149,0.970170,-0.302762,16.1450,709.3180,1361.0767,200.0000
测向垂线方向1000m,345,no_signal,1500.1130,,1255.2185,1000.0000,394.8095,918.7630,0.420472,,336.3254,751.3626,1168.8124,200.0000
测向垂线方向1000m,346,localized,104.1393,104.1393,1385.2002,1000.0000,816.4708,-577.3868,0.711919,0.578730,234.0211,946.1854,1419.4409,200.0000
测向垂线方向1000m,347,no_signal,1500.1130,,1407.6033,1000.0000,416.4070,909.1783,-0.326147,,335.7182,996.3382,1112.6052,200.0000
测向垂线方向1000m,348,no_signal,1500.1130,,1220.8872,1000.0000,14.1929,999.8993,-0.664934,,359.8517,712.1050,1007.4009,200.0000
测向垂线方向1000m,349,localized,76.5692,76.5692,1260.7652,1000.0000,143.9606,989.5834,0.615983,-0.778798,351.1069,757.1324,1352.1921,200.0000
测向垂线方向1000m,350,localized,56.3883,56.3883,1119.6996,1000.0000,-131.1807,991.3585,-0.963466,-0.482052,8.5013,520.8088,1163.7686,200.0000
测向垂线方向1000m,351,no_signal,1500.1130,,1066.0443,1000.0000,73.4203,-997.3011,0.918608,,183.2919,353.7077,1031.2814,200.0000
测向垂线方向1000m,352,no_signal,1500.1130,,1372.7158,1000.0000,317.5549,948.2399,-0.087804,,341.5727,941.9319,1207.7700,200.0000
测向垂线方向1000m,353,localized,68.0421,68.0421,1193.5208,1000.0000,388.4565,921.4671,0.868132,0.665137,336.2734,636.5554,1353.0612,200.0000
测向垂线方向1000m,354,no_signal,1500.1130,,1391.8465,1000.0000,131.6060,991.3021,0.219563,,352.2180,964.2853,1197.3097,200.0000
测向垂线方向1000m,355,no_signal,1500.1130,,1332.4215,1000.0000,-865.2321,-501.3715,0.643806,,119.4470,869.3733,1290.9858,200.0000
测向垂线方向1000m,356,localized,103.7621,103.7621,1384.4821,1000.0000,-725.9291,-687.7695,-0.812081,-0.997909,134.2659,971.7698,1412.7069,200.0000
测向垂线方向1000m,357,no_signal,1500.1130,,1377.9363,1000.0000,917.9221,396.7606,0.925628,,292.4502,931.9854,1126.8285,200.0000
测向垂线方向1000m,358,no_signal,1500.1130,,1534.9514,1000.0000,-884.3921,-466.7447,0.935045,,116.8881,1148.3022,1393.1054,200.0000
测向垂线方向1000m,359,localized,45.2608,45.2608,1049.7294,1000.0000,-154.6153,-987.9748,-0.996314,0.639063,172.1018,337.1289,1430.2349,200.0000
测向垂线方向1000m,360,localized,63.8216,63.8216,1159.8870,1000.0000,-710.4628,703.7347,-0.605060,-0.009380,45.8776,598.3096,1282.0176,200.0000
测向垂线方向1000m,361,localized,66.7370,66.7370,1171.7011,1000.0000,-674.2752,-738.4802,-0.927094,-0.008856,138.5292,627.0363,1227.4418,200.0000
测向垂线方向1000m,362,no_signal,1500.1130,,1322.3582,1000.0000,-869.6080,-493.7427,0.562263,,119.0246,855.4772,1250.2610,200.0000
测向垂线方向1000m,363,no_signal,1500.1130,,1342.6373,1000.0000,-575.4190,-817.8588,-0.364902,,145.2359,902.3125,1146.0246,200.0000
测向垂线方向1000m,364,no_signal,1500.1130,,1602.1998,1000.0000,980.6781,195.6283,0.570936,,280.7105,1241.8915,1283.8569,200.0000
测向垂线方向1000m,365,no_signal,1500.1130,,1650.4422,1000.0000,265.5416,964.0994,0.097148,,344.5037,1311.3019,1368.5340,200.0000
测向垂线方向1000m,366,localized,86.4182,86.4182,1265.0238,1000.0000,264.7883,-964.3066,-0.775864,0.681708,196.1302,788.4400,1427.2050,200.0000
测向垂线方向1000m,367,no_signal,1500.1130,,1185.8778,1000.0000,-402.4198,915.4552,0.685440,,23.0441,625.5708,1004.9471,200.0000
测向垂线方向1000m,368,localized,49.1980,49.1980,1072.0260,1000.0000,698.3757,-715.7314,-0.611494,0.830690,224.9083,397.1355,1194.2632,200.0000
测向垂线方向1000m,369,no_signal,1500.1130,,1235.0257,1000.0000,-287.9083,-957.6580,0.718013,,162.5492,712.3448,1171.4046,200.0000
测向垂线方向1000m,370,localized,82.2898,82.2898,1262.8718,1000.0000,-343.9919,938.9726,-0.219432,0.138104,20.3397,775.1013,1438.9984,200.0000
测向垂线方向1000m,371,localized,55.4071,55.4071,1125.7301,1000.0000,834.1503,-551.5373,0.906944,0.218798,235.6205,501.3938,1197.0032,200.0000
测向垂线方向1000m,372,no_signal,1500.1130,,1446.7639,1000.0000,-981.4868,-191.5296,-0.788179,,101.8302,1059.3729,1192.8839,200.0000
测向垂线方向1000m,373,localized,49.8961,49.8961,1086.6005,1000.0000,971.0838,238.7390,0.803763,0.843811,283.0084,411.2925,1142.9993,200.0000
测向垂线方向1000m,374,no_signal,1500.1130,,1247.5746,1000.0000,-296.9850,-954.8821,0.583031,,162.1404,735.8444,1017.2632,200.0000
测向垂线方向1000m,375,no_signal,1500.1130,,1310.5019,1000.0000,710.8268,703.3670,0.025906,,314.6719,846.5517,1035.8794,200.0000
测向垂线方向1000m,376,no_signal,1500.1130,,1225.1650,1000.0000,-466.6074,-884.4645,-0.321516,,152.5072,713.4680,1156.0423,200.0000
测向垂线方向1000m,377,no_signal,1500.1130,,1681.9643,1000.0000,599.7969,800.1523,0.968090,,322.1766,1335.6166,1374.6868,200.0000
测向垂线方向1000m,378,no_signal,1500.1130,,1497.0479,1000.0000,932.7766,-360.4550,-0.538822,,249.4107,1123.5140,1221.6919,200.0000
测向垂线方向1000m,379,no_signal,1500.1130,,1418.2820,1000.0000,-835.9018,-548.8790,-0.034149,,123.3243,1006.3415,1047.7296,200.0000
测向垂线方向1000m,380,no_signal,1500.1130,,1578.4838,1000.0000,7.1104,-999.9747,-0.005346,,180.4127,1221.4087,1339.7509,200.0000
测向垂线方向1000m,381,localized,50.8558,50.8558,1091.1363,1000.0000,694.8818,719.1239,0.029142,0.206292,315.9531,436.0446,1247.8313,200.0000
测向垂线方向1000m,382,localized,62.1469,62.1469,1158.6880,1000.0000,864.0710,-503.3699,0.999956,0.896445,238.7768,568.0930,1310.8819,200.0000
测向垂线方向1000m,383,localized,50.0788,50.0788,1091.7628,1000.0000,-644.9401,764.2331,0.588314,0.136619,39.5729,427.9689,1206.5368,200.0000
测向垂线方向1000m,384,localized,72.1271,72.1271,1205.2013,1000.0000,-388.0419,921.6417,-0.922653,-0.345190,23.7554,688.9841,1444.7625,200.0000
测向垂线方向1000m,385,localized,91.9032,91.9032,1295.7342,1000.0000,-287.5990,-957.7509,-0.932614,0.309020,164.2183,840.4076,1414.1074,200.0000
测向垂线方向1000m,386,no_signal,1500.1130,,1064.4265,1000.0000,-678.9097,-734.2218,0.000354,,137.2411,364.6907,1047.4844,200.0000
测向垂线方向1000m,387,localized,57.7611,57.7611,1130.6412,1000.0000,831.3079,555.8122,0.262303,0.444750,303.5044,523.0303,1289.4094,200.0000
测向垂线方向1000m,388,localized,63.2612,63.2612,1154.3699,1000.0000,39.1790,-999.2322,-0.332421,0.475534,182.5778,582.5197,1285.6345,200.0000
测向垂线方向1000m,389,no_signal,1500.1130,,1482.0290,1000.0000,489.4249,872.0454,-0.548343,,331.2456,1103.4173,1287.4949,200.0000
测向垂线方向1000m,390,localized,94.6202,94.6202,1323.6249,1000.0000,-326.5639,945.1751,-0.241868,0.262003,19.3022,871.4012,1429.4537,200.0000
测向垂线方向1000m,391,no_signal,1500.1130,,1199.9097,1000.0000,992.3513,123.4461,0.294613,,276.7964,658.0395,1104.6938,200.0000
测向垂线方向1000m,392,no_signal,1500.1130,,1232.9895,1000.0000,985.6632,168.7251,-0.167012,,279.8807,724.2135,1161.9707,200.0000
测向垂线方向1000m,393,localized,63.1912,63.1912,1178.3227,1000.0000,-191.9028,981.4139,0.568188,-0.621371,10.4957,613.4154,1429.4907,200.0000
测向垂线方向1000m,394,no_signal,1500.1130,,1518.6586,1000.0000,680.4541,732.7907,-0.395798,,317.5167,1149.8740,1279.3375,200.0000
测向垂线方向1000m,395,no_signal,1500.1130,,1331.6935,1000.0000,969.9641,-243.2482,0.628782,,255.2929,868.5303,1102.7234,200.0000
测向垂线方向1000m,396,no_signal,1500.1130,,1466.5874,1000.0000,-921.1322,389.2499,0.433875,,66.6583,1065.2443,1245.2505,200.0000
测向垂线方向1000m,397,no_signal,1500.1130,,1425.0684,1000.0000,182.4427,-983.2165,0.986304,,189.5258,998.2256,1081.4860,200.0000
测向垂线方向1000m,398,localized,37.6831,37.6831,1018.3071,1000.0000,997.2700,73.8419,0.193539,-0.541070,274.0411,188.8740,1147.5268,200.0000
测向垂线方向1000m,399,localized,67.0792,67.0792,1184.0268,1000.0000,-264.7163,-964.3263,0.503654,0.613586,164.1462,625.2418,1365.8758,200.0000
oracle-Thales（不可实现，参考）,0,localized,12.8930,12.8930,7.3348,420.2767,385.7883,166.7331,0.243282,0.401396,22.3734,420.2127,1215.6789,84.0553
oracle-Thales（不可实现，参考）,1,localized,25.7538,25.7538,20.6902,1185.5190,1185.2916,-23.2195,0.755708,-0.836727,357.8777,1185.3384,1299.4520,237.1038
oracle-Thales（不可实现，参考）,2,localized,30.4276,30.4276,16.2412,930.6004,-300.2104,-880.8467,0.127649,0.316142,250.1798,930.4587,1243.5681,186.1201
oracle-Thales（不可实现，参考）,3,localized,48.7900,48.7900,24.3943,1397.7623,1275.9694,570.6501,-0.004837,-0.910582,23.0956,1397.5494,1404.7522,279.5525
oracle-Thales（不可实现，参考）,4,localized,36.3018,36.3018,18.1434,1039.5911,1038.5622,-46.2410,-0.051362,-0.118904,356.4506,1039.4328,1455.8636,207.9182
oracle-Thales（不可实现，参考）,5,localized,12.1082,12.1082,6.0523,346.7872,199.5176,283.6443,-0.504767,-0.676482,53.8772,346.7343,1063.6914,69.3574
oracle-Thales（不可实现，参考）,6,localized,12.1479,12.1479,6.0704,347.8284,-150.9956,313.3447,-0.667997,-0.551883,114.7286,347.7754,1067.1680,69.5657
oracle-Thales（不可实现，参考）,7,localized,22.4185,22.4185,11.1966,641.5493,573.9253,-286.6972,-0.892992,-0.347364,332.4562,641.4516,1225.8454,128.3099
oracle-Thales（不可实现，参考）,8,localized,26.5593,26.5593,13.2472,759.0460,-266.2422,-710.8206,-0.699077,0.865744,248.4663,758.9304,1116.5329,151.8092
oracle-Thales（不可实现，参考）,9,localized,29.7699,29.7699,14.8837,852.8182,131.8838,-842.5589,-0.163761,-0.827517,277.8962,852.6883,1037.7904,170.5636
oracle-Thales（不可实现，参考）,10,localized,12.4130,12.4130,6.2010,355.3075,122.2395,333.6179,-0.580309,-0.159763,68.8769,355.2533,1180.7789,71.0615
oracle-Thales（不可实现，参考）,11,localized,44.5029,44.5029,23.7490,1360.7851,1303.7769,389.7461,0.127566,0.562479,15.6433,1360.5779,1373.6150,272.1570
oracle-Thales（不可实现，参考）,12,localized,27.4377,27.4377,13.6971,784.8265,-555.1753,-554.7369,-0.497693,0.554266,223.9774,784.7069,1107.0536,156.9653
oracle-Thales（不可实现，参考）,13,localized,32.3450,32.3450,16.6617,954.6940,-390.4073,-871.2192,0.060484,0.683507,244.8621,954.5486,1183.6276,190.9388
oracle-Thales（不可实现，参考）,14,localized,16.6184,16.6184,16.5383,947.6235,-679.0907,660.9282,0.995427,0.322058,134.7765,947.4791,1429.2412,189.5247
oracle-Thales（不可实现，参考）,15,direct,0.0000,0.0000,4.7979,274.9109,-235.6433,-141.5919,-0.512387,,210.0006,274.8691,1070.1150,54.9822
oracle-Thales（不可实现，参考）,16,localized,33.1079,33.1079,16.5332,947.3314,-944.9249,67.4802,-0.229219,0.670874,174.9153,947.1871,1224.6156,189.4663
oracle-Thales（不可实现，参考）,17,localized,28.2528,28.2528,14.1105,808.5126,514.6200,623.5856,-0.042706,0.827175,49.4685,808.3895,1428.9288,161.7025
oracle-Thales（不可实现，参考）,18,localized,11.0291,11.0291,7.7335,443.1177,352.8424,-268.0588,0.574412,0.297077,321.7756,443.0502,1045.8684,88.6235
oracle-Thales（不可实现，参考）,19,localized,31.1160,31.1160,15.5525,891.1388,286.3049,843.8944,-0.571490,-0.681650,70.2597,891.0030,1313.2764,178.2278
oracle-Thales（不可实现，参考）,20,localized,41.6507,41.6507,20.7916,1191.3304,1031.3869,596.2459,-0.898987,0.002177,29.0323,1191.1490,1418.5753,238.2661
oracle-Thales（不可实现，参考）,21,localized,30.9156,30.9156,23.2407,1331.6615,124.8460,1325.7963,0.670800,0.989519,83.6205,1331.4586,1358.4924,266.3323
oracle-Thales（不可实现，参考）,22,localized,22.2598,22.2598,11.1227,637.3164,-450.3674,450.9339,-0.290068,-0.061333,133.9640,637.2193,1333.7048,127.4633
oracle-Thales（不可实现，参考）,23,localized,37.8009,37.8009,21.6694,1241.6283,-689.2871,-1032.7266,0.255857,-0.406936,235.2791,1241.4392,1336.2100,248.3257
oracle-Thales（不可实现，参考）,24,localized,24.2827,24.2827,12.1288,694.9649,308.5638,622.7075,-0.696197,-0.176375,62.6407,694.8591,1308.1274,138.9930
oracle-Thales（不可实现，参考）,25,localized,14.0498,14.0498,11.4031,653.3823,-556.8625,-341.7786,0.768234,0.178128,210.5398,653.2828,1370.7592,130.6765
oracle-Thales（不可实现，参考）,26,localized,38.4209,38.4209,19.1864,1099.3558,944.7930,562.0938,-0.402901,0.409563,29.7500,1099.1884,1368.8053,219.8712
oracle-Thales（不可实现，参考）,27,direct,0.0000,0.0000,4.1851,239.8016,21.7477,-238.8134,-0.450971,,274.2033,239.7651,1378.8531,47.9603
oracle-Thales（不可实现，参考）,28,localized,25.7278,25.7278,12.8479,736.1655,-516.9147,524.1554,-0.860568,-0.219245,133.6015,736.0534,1324.4620,147.2331
oracle-Thales（不可实现，参考）,29,localized,19.1459,19.1459,9.9089,567.7652,-64.9855,-564.0339,0.068252,-0.374686,262.4276,567.6788,1221.4049,113.5530
oracle-Thales（不可实现，参考）,30,direct,0.0000,0.0000,3.3241,190.4651,-171.0716,83.7345,-0.235877,,152.9196,190.4361,1145.1937,38.0930
oracle-Thales（不可实现，参考）,31,localized,15.0133,15.0133,14.2905,818.8247,814.9324,-79.7441,0.949730,-0.461300,353.4112,818.7000,1328.4043,163.7649
oracle-Thales（不可实现，参考）,32,localized,26.6834,26.6834,21.7391,1245.6202,-440.8916,1164.9825,0.773389,0.916535,109.7293,1245.4305,1347.0574,249.1240
oracle-Thales（不可实现，参考）,33,localized,36.5638,36.5638,18.2589,1046.2113,1023.5164,216.7308,-0.519048,0.250582,10.9558,1046.0519,1436.5989,209.2423
oracle-Thales（不可实现，参考）,34,localized,42.8545,42.8545,21.3994,1226.1556,-1002.8280,705.5447,-0.211897,0.743638,143.8715,1225.9688,1419.8553,245.2311
oracle-Thales（不可实现，参考）,35,localized,26.5886,26.5886,15.2494,873.7697,-717.1123,499.2230,0.257920,0.777908,144.1560,873.6367,1197.1975,174.7539
oracle-Thales（不可实现，参考）,36,localized,16.5977,16.5977,15.5171,889.1108,-537.4985,-708.2467,0.930668,-0.457458,231.8046,888.9754,1031.8554,177.8222
oracle-Thales（不可实现，参考）,37,localized,38.8165,38.8165,19.3791,1110.3971,-839.7787,726.4664,-0.629568,0.294166,138.1379,1110.2280,1111.1616,222.0794
oracle-Thales（不可实现，参考）,38,localized,33.0877,33.0877,17.9301,1027.3715,984.3778,294.0961,0.156412,0.829313,15.6342,1027.2150,1373.9745,205.4743
oracle-Thales（不可实现，参考）,39,localized,34.0440,34.0440,16.9815,973.0159,952.6761,-197.9093,-0.817805,0.632954,347.2643,972.8677,1020.0942,194.6032
oracle-Thales（不可实现，参考）,40,localized,33.6255,33.6255,16.7874,961.8965,-961.8566,8.7560,-0.757230,0.117288,178.4784,961.7500,1184.0600,192.3793
oracle-Thales（不可实现，参考）,41,localized,28.7330,28.7330,14.3615,822.8942,-508.6300,-646.8774,-0.867800,-0.962985,230.8226,822.7689,1261.9453,164.5788
oracle-Thales（不可实现，参考）,42,localized,35.1733,35.1733,23.7613,1361.4892,-352.2389,1315.1353,0.520863,0.856340,103.9939,1361.2819,1498.5670,272.2978
oracle-Thales（不可实现，参考）,43,localized,34.2140,34.2140,17.1009,979.8567,481.2866,853.5118,-0.379675,-0.499054,59.5818,979.7075,1220.9163,195.9713
oracle-Thales（不可实现，参考）,44,localized,35.8809,35.8809,24.1872,1385.8929,778.6950,-1146.4438,0.516709,-0.568713,303.1854,1385.6818,1427.8000,277.1786
oracle-Thales（不可实现，参考）,45,localized,20.4378,20.4378,10.5536,604.7072,-585.3426,-151.8054,0.063469,-0.970800,193.5390,604.6151,1331.4967,120.9414
oracle-Thales（不可实现，参考）,46,localized,30.7495,30.7495,15.3560,879.8766,228.0076,849.8208,-0.232372,0.633260,73.9812,879.7426,1121.5398,175.9753
oracle-Thales（不可实现，参考）,47,localized,19.5782,19.5782,9.7703,559.8234,558.1823,-42.8342,-0.727211,0.462553,354.6118,559.7382,1050.8626,111.9647
oracle-Thales（不可实现，参考）,48,direct,0.0000,0.0000,4.1512,237.8596,-233.2880,46.4100,-0.124272,,167.7485,237.8234,1064.4481,47.5719
oracle-Thales（不可实现，参考）,49,localized,7.9820,7.9820,5.7026,326.7514,-325.4063,29.6173,0.600818,0.288212,173.7995,326.7016,1177.9894,65.3503
oracle-Thales（不可实现，参考）,50,localized,13.2939,13.2939,11.5865,663.8920,-585.4180,-313.1108,0.852923,0.170835,207.1401,663.7909,1480.8471,132.7784
oracle-Thales（不可实现，参考）,51,localized,20.3097,20.3097,15.7322,901.4361,-898.4088,-73.8157,0.709809,0.746215,183.6970,901.2988,1135.8907,180.2872
oracle-Thales（不可实现，参考）,52,localized,16.9089,16.9089,15.4801,886.9884,431.6089,774.8949,0.908175,-0.799586,59.8826,886.8533,1216.3460,177.3977
oracle-Thales（不可实现，参考）,53,direct,0.0000,0.0000,1.2768,73.1590,70.8091,-18.3932,0.117159,,344.4388,73.1478,1043.5484,14.6318
oracle-Thales（不可实现，参考）,54,localized,28.3751,28.3751,14.1706,811.9559,599.2034,547.9302,-0.116302,0.788476,41.4408,811.8322,1070.4476,162.3912
oracle-Thales（不可实现，参考）,55,localized,24.0781,24.0781,12.0336,689.5088,-237.9706,-647.1418,-0.594452,-0.596363,248.8102,689.4038,1236.1484,137.9018
oracle-Thales（不可实现，参考）,56,localized,29.8507,29.8507,18.2274,1044.4076,-288.7016,-1003.7124,0.362823,-0.033832,252.9530,1044.2485,1149.4679,208.8815
oracle-Thales（不可实现，参考）,57,localized,24.0731,24.0731,15.8741,909.5674,72.6819,906.6588,0.483645,-0.538889,84.4167,909.4289,1021.4485,181.9135
oracle-Thales（不可实现，参考）,58,localized,17.9842,17.9842,14.9419,856.1523,752.5415,-408.2621,0.796867,0.454281,330.5197,856.0219,1038.4913,171.2305
oracle-Thales（不可实现，参考）,59,localized,10.9852,10.9852,8.8700,508.2388,-79.1263,-502.0416,0.762128,0.580764,260.0433,508.1614,1087.9706,101.6478
oracle-Thales（不可实现，参考）,60,direct,0.0000,0.0000,3.1858,182.5404,-182.3867,-7.4902,-0.032534,,181.3517,182.5126,1144.7831,36.5081
oracle-Thales（不可实现，参考）,61,localized,18.1520,18.1520,14.5198,831.9677,773.2275,-307.0660,0.750112,0.009899,337.3409,831.8410,1274.8428,166.3935
oracle-Thales（不可实现，参考）,62,localized,32.8046,32.8046,21.7878,1248.4113,-836.5781,926.6433,0.494534,-0.597072,131.0759,1248.2211,1393.4766,249.6823
oracle-Thales（不可实现，参考）,63,direct,0.0000,0.0000,2.4581,140.8487,72.3591,120.8409,0.916431,,58.0870,140.8272,1165.3279,28.1697
oracle-Thales（不可实现，参考）,64,localized,41.2474,41.2474,20.6071,1180.7614,1160.1027,-219.9071,-0.710062,-0.392515,348.2665,1180.5815,1199.2516,236.1523
oracle-Thales（不可实现，参考）,65,localized,41.1843,41.1843,20.5786,1179.1245,-591.1070,-1020.2583,-0.475650,-0.258146,238.9133,1178.9449,1464.4462,235.8249
oracle-Thales（不可实现，参考）,66,localized,45.0814,45.0814,23.3695,1339.0393,1063.4308,-813.7207,0.071223,-0.546779,321.5773,1338.8354,1488.6349,267.8079
oracle-Thales（不可实现，参考）,67,localized,15.5892,15.5892,7.7772,445.6237,-199.9881,398.2276,-0.965186,0.311698,115.6656,445.5558,1259.1465,89.1247
oracle-Thales（不可实现，参考）,68,localized,46.7338,46.7338,23.3427,1337.5034,-967.6196,923.3785,-0.782832,-0.282479,135.3402,1337.2997,1377.7037,267.5007
oracle-Thales（不可实现，参考）,69,localized,44.0116,44.0116,21.9727,1259.0048,1093.2442,-624.4279,-0.187381,0.977626,329.2663,1258.8131,1344.7853,251.8010
oracle-Thales（不可实现，参考）,70,localized,27.5790,27.5790,13.7645,788.6884,422.8019,-665.7837,-0.568208,0.624921,301.4173,788.5683,1149.8990,157.7377
oracle-Thales（不可实现，参考）,71,localized,26.6061,26.6061,13.2835,761.1273,-606.0476,460.4575,-0.805425,0.022689,141.7735,761.0114,1445.8587,152.2255
oracle-Thales（不可实现，参考）,72,localized,14.1202,14.1202,10.4552,599.0718,567.5661,191.7178,0.650030,0.397660,17.6644,598.9805,1285.2492,119.8144
oracle-Thales（不可实现，参考）,73,localized,26.6515,26.6515,15.8223,906.5988,442.4897,791.2802,0.315697,-0.721108,59.7858,906.4608,1497.0776,181.3198
oracle-Thales（不可实现，参考）,74,localized,16.2065,16.2065,8.0819,463.0817,110.4797,-449.7098,-0.753918,0.899730,282.8024,463.0111,1058.8711,92.6163
oracle-Thales（不可实现，参考）,75,localized,34.6165,34.6165,17.2879,990.5715,-633.8070,761.2625,-0.274258,0.528323,128.7799,990.4206,1171.6797,198.1143
oracle-Thales（不可实现，参考）,76,localized,27.6708,27.6708,13.8307,792.4814,155.6984,777.0359,-0.817025,-0.923881,77.6694,792.3607,1387.9486,158.4963
oracle-Thales（不可实现，参考）,77,localized,8.9790,8.9790,8.2828,474.5963,142.6701,-452.6443,0.916147,0.024111,286.4945,474.5240,1142.1365,94.9193
oracle-Thales（不可实现，参考）,78,localized,16.9355,16.9355,13.4629,771.4093,293.4863,-713.3989,0.742843,0.805634,291.3619,771.2918,1185.3799,154.2819
oracle-Thales（不可实现，参考）,79,localized,27.3814,27.3814,13.6767,783.6569,-722.7570,-302.8868,-0.434333,0.152801,201.7372,783.5376,1080.3067,156.7314
oracle-Thales（不可实现，参考）,80,localized,28.0143,28.0143,14.0035,802.3797,135.1555,-790.9148,-0.391305,-0.635489,278.6973,802.2575,1231.3338,160.4759
oracle-Thales（不可实现，参考）,81,localized,17.2530,17.2530,13.2175,757.3464,723.4018,-224.1948,0.695178,-0.953758,341.7809,757.2310,1304.7607,151.4693
oracle-Thales（不可实现，参考）,82,localized,16.3456,16.3456,13.5476,776.2600,-262.1563,730.6529,0.794258,0.906075,108.7379,776.1417,1321.8396,155.2520
oracle-Thales（不可实现，参考）,83,localized,23.1747,23.1747,11.5521,661.9188,-603.2518,272.4404,-0.877152,0.945310,154.6951,661.8180,1211.7598,132.3838
oracle-Thales（不可实现，参考）,84,localized,23.6575,23.6575,18.6064,1066.1205,-1034.6580,257.0906,0.728885,-0.704093,165.0458,1065.9581,1077.1375,213.2241
oracle-Thales（不可实现，参考）,85,localized,27.0118,27.0118,13.5020,773.6446,-439.3243,-636.8046,-0.791284,-0.946354,234.3986,773.5268,1173.4065,154.7289
oracle-Thales（不可实现，参考）,86,localized,30.8001,30.8001,15.3726,880.8311,754.0547,-455.2637,-0.751499,0.326278,327.8783,880.6970,1410.2699,176.1662
oracle-Thales（不可实现，参考）,87,localized,31.4830,31.4830,16.9235,969.6968,-756.4854,-606.6644,0.140452,0.012117,217.7279,969.5491,1232.7145,193.9394
oracle-Thales（不可实现，参考）,88,localized,33.4083,33.4083,17.6865,1013.4140,-600.9595,-815.9997,0.111358,-0.548692,232.6295,1013.2596,1075.8270,202.6828
oracle-Thales（不可实现，参考）,89,localized,30.7832,30.7832,15.3560,879.8775,-616.7306,627.5570,-0.568466,0.991424,133.5015,879.7435,1158.2183,175.9755
oracle-Thales（不可实现，参考）,90,localized,12.7564,12.7564,6.3752,365.2883,268.3833,-247.8021,-0.870097,-0.849884,316.2833,365.2326,1165.8102,73.0577
oracle-Thales（不可实现，参考）,91,localized,39.6853,39.6853,19.8373,1136.6504,782.2670,-824.6409,-0.223671,-0.505232,312.4895,1136.4773,1352.4500,227.3301
oracle-Thales（不可实现，参考）,92,localized,23.5447,23.5447,11.7550,673.5433,88.6601,667.6826,-0.352454,0.688585,81.4361,673.4407,1356.5542,134.7087
oracle-Thales（不可实现，参考）,93,localized,32.8000,32.8000,16.3878,938.9993,-896.5114,-279.2613,-0.041684,0.369819,196.3017,938.8563,1238.2300,187.7999
oracle-Thales（不可实现，参考）,94,localized,19.6294,19.6294,9.8077,561.9665,-410.3213,-383.9828,-0.025118,0.357057,222.1008,561.8809,1045.8640,112.3933
oracle-Thales（不可实现，参考）,95,localized,13.7926,13.7926,10.1876,583.7388,-350.3275,466.9279,0.646684,0.348468,125.8802,583.6499,1111.2467,116.7478
oracle-Thales（不可实现，参考）,96,localized,28.2825,28.2825,17.9606,1029.1165,-459.7319,920.7211,0.425771,-0.003519,115.5337,1028.9597,1087.6039,205.8233
oracle-Thales（不可实现，参考）,97,localized,39.0739,39.0739,22.2285,1273.6626,-2.8263,1273.6595,0.242293,-0.831968,89.1271,1273.4686,1451.6237,254.7325
oracle-Thales（不可实现，参考）,98,localized,16.6428,16.6428,10.5196,602.7609,433.5175,418.7879,0.418278,-0.978278,43.0099,602.6691,1452.8593,120.5522
oracle-Thales（不可实现，参考）,99,localized,35.6368,35.6368,17.7725,1018.3401,-473.4311,901.5983,-0.994516,0.481214,116.7041,1018.1850,1276.5310,203.6680
oracle-Thales（不可实现，参考）,100,localized,18.8473,18.8473,11.2883,646.8042,141.6845,631.0952,0.331610,0.670584,76.3466,646.7057,1106.9787,129.3608
oracle-Thales（不可实现，参考）,101,localized,10.8705,10.8705,6.0551,346.9494,94.2935,-333.8901,0.206636,0.983771,284.7701,346.8965,1387.1133,69.3899
oracle-Thales（不可实现，参考）,102,localized,24.8010,24.8010,13.9408,798.7906,480.4139,638.1762,0.221565,-0.081148,52.0279,798.6689,1001.3763,159.7581
oracle-Thales（不可实现，参考）,103,localized,44.5310,44.5310,22.2404,1274.3456,744.5709,1034.2006,-0.606774,0.017187,53.2481,1274.1515,1307.0870,254.8691
oracle-Thales（不可实现，参考）,104,localized,17.9446,17.9446,16.2923,933.5301,-779.5352,-513.6179,0.898891,0.272623,212.3800,933.3880,1017.6875,186.7060
oracle-Thales（不可实现，参考）,105,localized,11.5415,11.5415,7.1385,409.0263,-318.9690,-256.0494,0.384613,0.891269,217.7554,408.9640,1168.3785,81.8053
oracle-Thales（不可实现，参考）,106,localized,26.8692,26.8692,13.4038,768.0189,384.2167,665.0042,-0.843129,0.537804,58.9821,767.9019,1182.9939,153.6038
oracle-Thales（不可实现，参考）,107,localized,28.6207,28.6207,14.2683,817.5539,633.1195,517.2563,-0.920577,0.813914,38.2487,817.4294,1133.1740,163.5108
oracle-Thales（不可实现，参考）,108,localized,26.5237,26.5237,13.8354,792.7495,-495.2141,-619.0434,0.082987,-0.834956,230.3414,792.6288,1424.4947,158.5499
oracle-Thales（不可实现，参考）,109,localized,31.9991,31.9991,20.7864,1191.0345,-734.9306,937.2514,0.461277,0.317616,127.1012,1190.8531,1335.0386,238.2069
oracle-Thales（不可实现，参考）,110,localized,36.8515,36.8515,18.4008,1054.3412,-490.1988,-933.4562,-0.571948,0.257594,241.2941,1054.1806,1292.4468,210.8682
oracle-Thales（不可实现，参考）,111,localized,15.0133,15.0133,14.4839,829.9093,-771.2411,-306.4909,0.963713,0.265286,200.6729,829.7829,1024.8809,165.9819
oracle-Thales（不可实现，参考）,112,localized,31.5378,31.5378,23.8151,1364.5737,-1225.5368,600.1008,0.676421,0.601523,152.9107,1364.3659,1408.7248,272.9147
oracle-Thales（不可实现，参考）,113,localized,24.7132,24.7132,12.3504,707.6634,236.8403,-666.8539,-0.012911,0.056628,288.5530,707.5556,1328.9897,141.5327
oracle-Thales（不可实现，参考）,114,localized,36.6615,36.6615,18.2910,1048.0524,-600.7988,-858.7518,-0.670236,0.721467,234.0226,1047.8928,1058.6504,209.6105
oracle-Thales（不可实现，参考）,115,localized,41.2337,41.2337,20.6009,1180.4058,881.0033,785.6150,-0.629695,-0.325529,40.7243,1180.2260,1249.5452,236.0812
oracle-Thales（不可实现，参考）,116,localized,22.3835,22.3835,20.9010,1197.5982,-1062.8592,-551.8801,0.929443,0.462928,206.4402,1197.4158,1282.3104,239.5196
oracle-Thales（不可实现，参考）,117,localized,23.6069,23.6069,11.7908,675.5984,505.0077,448.7766,-0.122724,0.643686,40.6260,675.4955,1207.7545,135.1197
oracle-Thales（不可实现，参考）,118,localized,20.9569,20.9569,10.4770,600.3160,514.2788,-309.6718,-0.158647,-0.699661,327.9459,600.2246,1029.2018,120.0632
oracle-Thales（不可实现，参考）,119,localized,20.8401,20.8401,17.2490,988.3460,-672.1596,-724.5890,0.792021,-0.061260,226.1497,988.1954,1449.5765,197.6692
oracle-Thales（不可实现，参考）,120,localized,23.4456,23.4456,11.7141,671.2017,428.7604,-516.4071,-0.335037,-0.005050,308.7020,671.0995,1350.5946,134.2403
oracle-Thales（不可实现，参考）,121,direct,0.0000,0.0000,4.1496,237.7662,-220.4792,-89.0037,-0.743200,,200.9831,237.7300,1254.1499,47.5532
oracle-Thales（不可实现，参考）,122,localized,21.1693,21.1693,10.5548,604.7744,-443.1133,411.5856,-0.974740,0.659395,136.1125,604.6823,1002.5622,120.9549
oracle-Thales（不可实现，参考）,123,localized,15.1192,15.1192,10.4670,599.7459,404.5812,442.7293,0.556249,0.451003,46.5779,599.6546,1444.9643,119.9492
oracle-Thales（不可实现，参考）,124,localized,38.8163,38.8163,19.3755,1110.1891,901.2805,-648.2385,-0.670035,0.374121,323.2747,1110.0200,1165.1411,222.0378
oracle-Thales（不可实现，参考）,125,localized,36.5861,36.5861,18.2808,1047.4687,535.5219,900.2261,-0.014019,0.302469,58.2526,1047.3092,1282.7359,209.4937
oracle-Thales（不可实现，参考）,126,localized,10.8975,10.8975,10.7033,613.2854,-295.8747,-537.1937,0.982038,0.079018,240.1550,613.1920,1132.8908,122.6571
oracle-Thales（不可实现，参考）,127,localized,7.9892,7.9892,6.5020,372.5546,-371.6555,25.8679,0.771633,0.230498,175.0185,372.4979,1260.5491,74.5109
oracle-Thales（不可实现，参考）,128,localized,40.2678,40.2678,20.1325,1153.5656,1101.0021,-344.2499,-0.468515,-0.995495,341.6371,1153.3899,1365.1810,230.7131
oracle-Thales（不可实现，参考）,129,localized,18.2253,18.2253,15.4272,883.9587,-443.8001,-764.4766,0.818939,-0.541958,238.8636,883.8241,1319.9999,176.7917
oracle-Thales（不可实现，参考）,130,localized,40.0921,40.0921,20.0101,1146.5550,-900.4560,709.7656,-0.547615,0.640370,140.7538,1146.3803,1267.6127,229.3110
oracle-Thales（不可实现，参考）,131,localized,26.9494,26.9494,18.7189,1072.5710,206.9623,1052.4139,0.560464,-0.456999,77.8745,1072.4076,1144.4434,214.5142
oracle-Thales（不可实现，参考）,132,localized,33.6704,33.6704,16.8344,964.5864,-702.6217,-660.8705,-0.107477,-0.882564,222.2461,964.4395,1329.8721,192.9173
oracle-Thales（不可实现，参考）,133,direct,0.0000,0.0000,4.7411,271.6567,-14.9626,271.2443,-0.959448,,92.1574,271.6153,1446.9806,54.3313
oracle-Thales（不可实现，参考）,134,direct,0.0000,0.0000,1.5107,86.5608,68.1004,-53.4331,-0.705288,,320.8815,86.5476,1023.1840,17.3122
oracle-Thales（不可实现，参考）,135,localized,18.5785,18.5785,9.2877,532.1729,-412.3360,-336.4329,-0.527619,-0.875512,218.2117,532.0919,1313.4993,106.4346
oracle-Thales（不可实现，参考）,136,localized,15.0789,15.0789,8.1011,464.1800,303.2631,-351.4180,0.140233,0.669646,309.7932,464.1093,1450.5948,92.8360
oracle-Thales（不可实现，参考）,137,localized,43.2134,43.2134,21.5552,1235.0845,-533.0756,1114.1203,-0.937446,0.449142,114.5698,1234.8964,1466.2418,247.0169
oracle-Thales（不可实现，参考）,138,localized,24.5934,24.5934,12.2863,703.9897,632.4228,309.2619,-0.364170,0.070109,25.0592,703.8825,1469.3996,140.7979
oracle-Thales（不可实现，参考）,139,direct,0.0000,0.0000,3.9656,227.2242,220.5053,54.8472,-0.117282,,12.9680,227.1896,1074.9381,45.4448
oracle-Thales（不可实现，参考）,140,localized,25.0303,25.0303,16.4831,944.4604,-299.8718,-895.5905,0.482541,0.742716,250.4878,944.3165,1215.0917,188.8921
oracle-Thales（不可实现，参考）,141,localized,28.0994,28.0994,14.0346,804.1668,412.7915,-690.1357,-0.172824,0.571268,299.8849,804.0443,1284.5682,160.8334
oracle-Thales（不可实现，参考）,142,localized,27.9649,27.9649,19.6441,1125.5833,1074.3371,-335.7643,0.576843,-0.929152,341.6443,1125.4119,1268.5104,225.1167
oracle-Thales（不可实现，参考）,143,localized,32.8152,32.8152,16.3547,937.1009,-876.5466,331.3971,-0.995749,0.856240,158.2898,936.9581,1000.8228,187.4202
oracle-Thales（不可实现，参考）,144,localized,5.6494,5.6494,5.5331,317.0412,-316.8596,10.7306,0.979275,0.342260,177.0604,316.9929,1252.8301,63.4082
oracle-Thales（不可实现，参考）,145,localized,9.3011,9.3011,8.3926,480.8844,-444.4780,-183.5459,0.892271,0.664178,201.4380,480.8112,1143.7037,96.1769
oracle-Thales（不可实现，参考）,146,localized,33.6760,33.6760,16.8371,964.7422,-615.3044,-743.0532,-0.259430,-0.927356,229.3727,964.5953,1145.1125,192.9484
oracle-Thales（不可实现，参考）,147,localized,13.9146,13.9146,9.9318,569.0816,-527.0306,214.6920,0.599238,-0.615160,156.8359,568.9950,1429.2292,113.8163
oracle-Thales（不可实现，参考）,148,localized,41.1611,41.1611,20.5627,1178.2185,985.2717,646.0947,-0.696650,-0.322063,32.2550,1178.0390,1370.8475,235.6437
oracle-Thales（不可实现，参考）,149,localized,16.1132,16.1132,15.6518,896.8305,-884.4858,148.2894,0.970911,0.552856,169.4825,896.6939,1250.0602,179.3661
oracle-Thales（不可实现，参考）,150,localized,27.9760,27.9760,13.9749,800.7430,-535.1508,-595.6534,-0.281753,0.274954,227.0626,800.6211,1419.5848,160.1486
oracle-Thales（不可实现，参考）,151,localized,35.2195,35.2195,17.5851,1007.6016,961.1791,302.3174,-0.802956,-0.025660,16.4598,1007.4482,1475.3352,201.5203
oracle-Thales（不可实现，参考）,152,direct,0.0000,0.0000,1.7246,98.8169,12.4819,98.0254,0.319292,,81.7434,98.8018,1390.6967,19.7634
oracle-Thales（不可实现，参考）,153,localized,16.4788,16.4788,9.7030,555.9695,-36.1475,-554.7932,0.302620,0.366073,265.2722,555.8848,1020.8419,111.1939
oracle-Thales（不可实现，参考）,154,localized,20.7284,20.7284,10.3543,593.2885,495.0452,326.9886,-0.044981,0.626456,32.4457,593.1982,1153.2474,118.6577
oracle-Thales（不可实现，参考）,155,localized,19.2143,19.2143,12.2810,703.6879,-650.9347,267.3214,0.436714,0.843377,156.6734,703.5808,1230.0864,140.7376
oracle-Thales（不可实现，参考）,156,localized,41.9587,41.9587,20.9706,1201.5885,1147.1882,-357.4553,-0.295310,-0.346955,341.6934,1201.4055,1273.3841,240.3177
oracle-Thales（不可实现，参考）,157,localized,23.3122,23.3122,18.4438,1056.8047,-435.5220,-962.8898,0.736196,-0.259042,244.6624,1056.6437,1198.8299,211.3609
oracle-Thales（不可实现，参考）,158,localized,36.2982,36.2982,18.1406,1039.4302,606.0067,-844.4946,-0.996514,-0.985365,304.6631,1039.2719,1234.0425,207.8860
oracle-Thales（不可实现，参考）,159,localized,29.6436,29.6436,20.7374,1188.2266,985.4487,663.9077,0.570891,-0.853981,32.9686,1188.0456,1207.2744,237.6453
oracle-Thales（不可实现，参考）,160,localized,27.4912,27.4912,23.3188,1336.1390,-353.5440,-1288.5162,0.821248,-0.127398,253.6567,1335.9355,1432.4015,267.2278
oracle-Thales（不可实现，参考）,161,localized,8.2963,8.2963,7.6374,437.6108,434.5465,-51.6965,0.913932,-0.235589,352.2156,437.5441,1197.3179,87.5222
oracle-Thales（不可实现，参考）,162,localized,13.0334,13.0334,7.4333,425.9170,410.7453,-112.6661,0.246732,-0.699733,343.6612,425.8522,1337.5755,85.1834
oracle-Thales（不可实现，参考）,163,localized,23.6701,23.6701,15.9380,913.2246,-65.9342,-910.8413,0.515276,0.012560,264.8597,913.0856,1211.3510,182.6449
oracle-Thales（不可实现，参考）,164,localized,52.0502,52.0502,25.9861,1488.9672,-1445.7054,356.3135,-0.278990,0.822662,165.1546,1488.7404,1497.8765,297.7934
oracle-Thales（不可实现，参考）,165,localized,40.4168,40.4168,20.1833,1156.4794,-618.2134,-977.3724,-0.663783,0.036356,236.6856,1156.3033,1464.6664,231.2959
oracle-Thales（不可实现，参考）,166,localized,18.1522,18.1522,9.0712,519.7691,322.5760,-407.5594,-0.013246,0.111508,307.3610,519.6900,1196.1629,103.9538
oracle-Thales（不可实现，参考）,167,localized,24.6701,24.6701,13.1273,752.1782,-314.4509,683.2955,0.121361,-0.107759,113.7118,752.0637,1269.0582,150.4356
oracle-Thales（不可实现，参考）,168,localized,21.5423,21.5423,16.3642,937.6470,718.6398,602.2779,0.684556,0.952690,38.9657,937.5042,1076.7488,187.5294
oracle-Thales（不可实现，参考）,169,localized,36.1718,36.1718,18.0549,1034.5198,408.7510,950.3441,-0.495023,0.664040,65.7271,1034.3622,1356.5509,206.9040
oracle-Thales（不可实现，参考）,170,localized,24.2786,24.2786,22.3715,1281.8555,64.5274,-1280.2303,0.914975,-0.267759,271.8854,1281.6602,1472.8231,256.3711
oracle-Thales（不可实现，参考）,171,localized,34.5498,34.5498,17.2596,988.9532,53.4389,987.5084,-0.217023,0.303115,85.9025,988.8026,1445.3485,197.7906
oracle-Thales（不可实现，参考）,172,direct,0.0000,0.0000,2.6151,149.8391,28.7018,147.0645,0.825550,,77.9567,149.8163,1312.3678,29.9678
oracle-Thales（不可实现，参考）,173,localized,10.7120,10.7120,9.3052,533.1731,385.9254,367.8791,0.848993,-0.085346,42.6286,533.0919,1366.5967,106.6346
oracle-Thales（不可实现，参考）,174,localized,10.3813,10.3813,5.1843,297.0563,-293.9509,-42.8401,-0.898167,-0.289867,187.2918,297.0110,1264.1494,59.4113
oracle-Thales（不可实现，参考）,175,localized,30.4990,30.4990,15.2052,871.2384,787.3591,-372.9908,-0.818627,0.959051,333.6520,871.1058,1394.1882,174.2477
oracle-Thales（不可实现，参考）,176,localized,36.5011,36.5011,18.2004,1042.8571,565.9459,875.9316,-0.975671,0.612766,56.1332,1042.6983,1246.3821,208.5714
oracle-Thales（不可实现，参考）,177,localized,30.2881,30.2881,15.6556,897.0449,-87.9251,-892.7254,0.066999,0.619770,263.3750,896.9082,1051.7981,179.4090
oracle-Thales（不可实现，参考）,178,localized,22.6892,22.6892,18.1540,1040.2011,1040.0690,-16.5784,0.750630,-0.838537,358.0868,1040.0427,1323.1529,208.0402
oracle-Thales（不可实现，参考）,179,localized,24.1364,24.1364,12.0563,690.8118,400.8023,-562.6531,-0.506493,0.022892,304.4639,690.7066,1297.8511,138.1624
oracle-Thales（不可实现，参考）,180,localized,8.6950,8.6950,6.0001,343.7979,-150.8417,-308.9398,0.551379,0.196408,242.9758,343.7456,1145.4553,68.7596
oracle-Thales（不可实现，参考）,181,localized,17.1445,17.1445,8.5694,491.0173,489.4397,39.3292,-0.121083,-0.327103,3.5942,490.9425,1387.9749,98.2035
oracle-Thales（不可实现，参考）,182,localized,35.9126,35.9126,17.9294,1027.3310,38.5334,1026.6081,-0.791581,0.062456,86.8504,1027.1745,1355.8306,205.4662
oracle-Thales（不可实现，参考）,183,localized,12.3200,12.3200,11.6520,667.6432,-565.5534,354.8194,0.943161,0.701354,146.8965,667.5416,1407.2118,133.5286
oracle-Thales（不可实现，参考）,184,localized,16.9075,16.9075,8.4431,483.7767,158.3275,457.1349,-0.785842,-0.108603,69.8966,483.7030,1417.1530,96.7553
oracle-Thales（不可实现，参考）,185,localized,17.0739,17.0739,8.5306,488.7905,-82.8535,481.7172,-0.430752,-0.113882,98.7592,488.7161,1065.6343,97.7581
oracle-Thales（不可实现，参考）,186,localized,37.6834,37.6834,18.8405,1079.5385,-513.9816,949.3294,-0.187068,-0.886170,117.4318,1079.3741,1469.6136,215.9077
oracle-Thales（不可实现，参考）,187,localized,23.2996,23.2996,11.6395,666.9276,-657.1599,113.7244,-0.267385,0.236258,169.1820,666.8260,1052.5288,133.3855
oracle-Thales（不可实现，参考）,188,localized,40.9823,40.9823,21.6999,1243.3733,-1214.9567,264.3054,0.113534,0.989127,166.7269,1243.1839,1444.5614,248.6747
oracle-Thales（不可实现，参考）,189,localized,35.6489,35.6489,23.3477,1337.7937,602.5734,-1194.4025,0.473361,-0.331420,295.7708,1337.5899,1425.5749,267.5587
oracle-Thales（不可实现，参考）,190,localized,9.3140,9.3140,8.8443,506.7662,396.0086,-316.2107,0.947301,0.549487,320.3928,506.6891,1336.9849,101.3532
oracle-Thales（不可实现，参考）,191,localized,30.7224,30.7224,15.9994,916.7438,915.4450,48.7807,0.080111,-0.493798,2.0502,916.6041,1057.5761,183.3488
oracle-Thales（不可实现，参考）,192,localized,21.6193,21.6193,20.1700,1155.7165,-119.9557,1149.4744,0.928721,0.817279,94.9577,1155.5405,1490.4839,231.1433
oracle-Thales（不可实现，参考）,193,localized,22.2687,22.2687,11.1318,637.8363,-177.1455,-612.7435,-0.379553,-0.682737,252.8753,637.7391,1353.3196,127.5673
oracle-Thales（不可实现，参考）,194,localized,22.3987,22.3987,14.4402,827.4035,814.4444,145.8659,0.449993,0.743584,9.1539,827.2775,1107.0876,165.4807
oracle-Thales（不可实现，参考）,195,localized,30.4165,30.4165,15.1813,869.8713,858.9507,-137.4041,-0.573894,0.582389,349.9115,869.7388,1179.7576,173.9743
oracle-Thales（不可实现，参考）,196,localized,14.2253,14.2253,9.8009,561.5764,-245.1449,-505.2446,0.549334,0.511302,243.1173,561.4909,1119.4532,112.3153
oracle-Thales（不可实现，参考）,197,localized,26.6346,26.6346,22.9365,1314.2332,-1006.4166,845.1831,0.839382,0.730610,138.9766,1314.0330,1499.2049,262.8466
oracle-Thales（不可实现，参考）,198,localized,35.6986,35.6986,17.8416,1022.2987,849.7474,568.3519,-0.039836,-0.079268,32.7765,1022.1430,1175.6290,204.4597
oracle-Thales（不可实现，参考）,199,localized,37.8048,37.8048,21.2666,1218.5496,-29.4142,1218.1946,0.222424,-0.766471,90.3832,1218.3640,1398.5884,243.7099
oracle-Thales（不可实现，参考）,200,localized,13.7801,13.7801,8.0785,462.8882,-381.1230,262.6988,0.294497,-0.409156,144.4224,462.8177,1270.0022,92.5776
oracle-Thales（不可实现，参考）,201,localized,29.9864,29.9864,18.8427,1079.6610,-1068.0830,157.6914,0.409234,0.188107,170.6015,1079.4965,1298.7189,215.9322
oracle-Thales（不可实现，参考）,202,localized,27.5735,27.5735,13.7460,787.6280,145.3001,774.1097,-0.941234,0.789929,78.3693,787.5081,1170.2434,157.5256
oracle-Thales（不可实现，参考）,203,localized,29.3581,29.3581,15.2475,873.6598,-614.2364,-621.2851,0.074611,-0.964533,224.3269,873.5268,1172.0821,174.7320
oracle-Thales（不可实现，参考）,204,localized,15.0418,15.0418,7.5040,429.9717,-348.7441,251.5019,-0.975326,0.301718,143.2022,429.9062,1332.8232,85.9943
oracle-Thales（不可实现，参考）,205,localized,24.8963,24.8963,12.4463,713.1569,472.6002,-534.0803,-0.586819,-0.936493,310.5052,713.0483,1268.8385,142.6314
oracle-Thales（不可实现，参考）,206,localized,31.2255,31.2255,18.3466,1051.2341,-1027.9121,-220.2041,0.298157,-0.783848,191.0914,1051.0740,1089.5261,210.2468
oracle-Thales（不可实现，参考）,207,direct,0.0000,0.0000,2.8640,164.1014,90.1289,-137.1352,0.966010,,302.3140,164.0764,1137.7695,32.8203
oracle-Thales（不可实现，参考）,208,localized,36.9042,36.9042,19.1891,1099.5082,403.6494,1022.7344,0.077292,-0.330780,67.4620,1099.3408,1487.0539,219.9016
oracle-Thales（不可实现，参考）,209,localized,19.2528,19.2528,11.1944,641.4239,564.3979,-304.7616,0.280755,0.011241,330.6320,641.3262,1304.5178,128.2848
oracle-Thales（不可实现，参考）,210,localized,29.2403,29.2403,20.3872,1168.1583,44.1723,1167.3228,0.566034,-0.716059,86.8329,1167.9803,1171.0498,233.6317
oracle-Thales（不可实现，参考）,211,localized,35.4312,35.4312,21.6270,1239.2009,259.7729,1211.6670,0.362147,-0.130200,76.8994,1239.0121,1460.9159,247.8402
oracle-Thales（不可实现，参考）,212,localized,39.4350,39.4350,19.7055,1129.0996,152.9495,-1118.6923,-0.500979,-0.339711,276.7853,1128.9277,1493.7380,225.8199
oracle-Thales（不可实现，参考）,213,localized,35.1764,35.1764,17.5638,1006.3824,1005.9342,-30.0311,-0.117714,0.980561,357.2900,1006.2291,1392.8732,201.2765
oracle-Thales（不可实现，参考）,214,localized,13.5592,13.5592,6.7769,388.3093,-303.2795,-242.4989,-0.140365,-0.237375,217.6454,388.2502,1145.3194,77.6619
oracle-Thales（不可实现，参考）,215,localized,25.9583,25.9583,17.0116,974.7404,-959.9873,-168.9473,0.474661,0.188440,188.9812,974.5920,1023.7034,194.9481
oracle-Thales（不可实现，参考）,216,localized,42.6379,42.6379,21.3156,1221.3585,-894.0648,832.0846,-0.303254,-0.760133,136.0564,1221.1725,1225.3224,244.2717
oracle-Thales（不可实现，参考）,217,localized,36.6210,36.6210,19.4899,1116.7441,181.9981,1101.8140,0.121545,-0.248763,79.6206,1116.5740,1451.7774,223.3488
oracle-Thales（不可实现，参考）,218,localized,26.9399,26.9399,13.4672,771.6501,-769.5194,-57.3044,-0.415322,-0.739620,183.2588,771.5326,1023.5185,154.3300
oracle-Thales（不可实现，参考）,219,localized,37.8272,37.8272,18.8699,1081.2186,466.9706,-975.1780,-0.877660,0.494814,294.5877,1081.0540,1349.7099,216.2437
oracle-Thales（不可实现，参考）,220,localized,30.3182,30.3182,15.1582,868.5470,786.1454,-369.2552,-0.015681,-0.827954,333.8404,868.4148,1281.4934,173.7094
oracle-Thales（不可实现，参考）,221,localized,23.2680,23.2680,22.0512,1263.5034,-792.8137,-983.8126,0.945303,-0.805597,230.1361,1263.3109,1327.1946,252.7007
oracle-Thales（不可实现，参考）,222,localized,16.9531,16.9531,10.3780,594.6468,588.3247,86.4807,0.366693,-0.379264,7.3623,594.5563,1070.7270,118.9294
oracle-Thales（不可实现，参考）,223,localized,33.3607,33.3607,18.0130,1032.1194,559.0614,-867.5948,0.148347,-0.378600,301.7970,1031.9622,1074.4141,206.4239
oracle-Thales（不可实现，参考）,224,localized,24.6097,24.6097,16.7850,961.7594,-920.6418,-278.2084,0.534820,0.729354,195.8143,961.6129,1162.6546,192.3519
oracle-Thales（不可实现，参考）,225,localized,31.6859,31.6859,15.8407,907.6510,597.3141,-683.4077,-0.015642,-0.614772,310.1542,907.5127,1051.3022,181.5302
oracle-Thales（不可实现，参考）,226,localized,46.0243,46.0243,22.9850,1317.0095,1304.1179,183.8222,-0.498061,0.210583,7.0233,1316.8089,1395.0647,263.4019
oracle-Thales（不可实现，参考）,227,localized,35.6584,35.6584,19.7705,1132.8241,-986.7904,-556.3589,0.196519,-0.685613,208.4146,1132.6516,1191.7100,226.5648
oracle-Thales（不可实现，参考）,228,direct,0.0000,0.0000,4.0391,231.4343,116.6310,-199.8975,0.302702,,299.2616,231.3990,1228.6234,46.2869
oracle-Thales（不可实现，参考）,229,localized,41.2965,41.2965,20.6202,1181.5102,807.5284,-862.4757,-0.153049,0.892623,312.1155,1181.3303,1185.2393,236.3020
oracle-Thales（不可实现，参考）,230,localized,30.5900,30.5900,17.1518,982.7753,-310.7484,932.3533,0.217717,0.489380,107.4330,982.6256,1477.3510,196.5551
oracle-Thales（不可实现，参考）,231,localized,33.0824,33.0824,17.9377,1027.8062,-845.0505,-585.0430,0.155800,-0.911612,213.6955,1027.6497,1214.4969,205.5612
oracle-Thales（不可实现，参考）,232,localized,21.7044,21.7044,10.8376,620.9793,556.1745,276.1977,-0.321236,0.617843,25.4091,620.8847,1081.9174,124.1959
oracle-Thales（不可实现，参考）,233,localized,28.7003,28.7003,16.5177,946.4401,467.3832,-822.9835,0.262658,-0.950401,298.5928,946.2960,1496.2534,189.2880
oracle-Thales（不可实现，参考）,234,localized,35.4117,35.4117,17.7021,1014.3053,263.2534,979.5472,-0.104185,-0.522363,73.9572,1014.1508,1223.5573,202.8611
oracle-Thales（不可实现，参考）,235,localized,32.5882,32.5882,16.2707,932.2889,-826.2766,431.7749,-0.934206,-0.174978,151.4105,932.1469,1219.5702,186.4578
oracle-Thales（不可实现，参考）,236,localized,30.3786,30.3786,15.1510,868.1311,-381.8101,-779.6619,-0.941424,0.530543,242.9084,867.9988,1085.5722,173.6262
oracle-Thales（不可实现，参考）,237,localized,26.4438,26.4438,15.1012,865.2776,-768.5559,397.5262,0.249115,-0.517404,151.6503,865.1458,1201.7690,173.0555
oracle-Thales（不可实现，参考）,238,localized,16.6006,16.6006,8.4425,483.7448,450.0846,-177.2932,0.035666,0.783641,337.5000,483.6711,1079.9277,96.7490
oracle-Thales（不可实现，参考）,239,localized,19.8525,19.8525,11.1779,640.4808,-595.9088,234.7519,0.224842,0.222752,157.4986,640.3833,1087.9305,128.0962
oracle-Thales（不可实现，参考）,240,localized,36.1968,36.1968,18.0914,1036.6115,-646.6876,-810.1596,-0.323673,-0.409853,230.4023,1036.4536,1202.4209,207.3223
oracle-Thales（不可实现，参考）,241,localized,28.7701,28.7701,14.3554,822.5471,-378.7868,730.1400,-0.551640,0.834288,116.4197,822.4219,1015.8283,164.5094
oracle-Thales（不可实现，参考）,242,localized,21.3826,21.3826,12.9992,744.8376,-244.0298,-703.7276,0.355672,0.060801,249.8751,744.7241,1367.5991,148.9675
oracle-Thales（不可实现，参考）,243,localized,30.7343,30.7343,15.3496,879.5110,-792.6093,-381.1956,-0.487976,0.190821,204.6846,879.3771,1154.7666,175.9022
oracle-Thales（不可实现，参考）,244,localized,7.9091,7.9091,6.1629,353.1258,92.6681,-340.7498,0.717515,0.859610,284.2139,353.0720,1093.4904,70.6252
oracle-Thales（不可实现，参考）,245,localized,20.2426,20.2426,10.1090,579.2296,315.5829,485.7102,-0.173928,0.721987,55.9868,579.1414,1428.5166,115.8459
oracle-Thales（不可实现，参考）,246,localized,35.4979,35.4979,17.7419,1016.5864,834.9526,579.9155,-0.078226,-0.173403,33.7819,1016.4315,1280.6574,203.3173
oracle-Thales（不可实现，参考）,247,localized,35.7299,35.7299,19.9594,1143.6467,1041.5053,472.4347,0.210978,0.399335,23.3994,1143.4725,1224.1283,228.7293
oracle-Thales（不可实现，参考）,248,localized,21.8252,21.8252,16.9276,969.9277,-795.1580,555.4129,0.710969,0.032636,144.0659,969.7799,1448.9645,193.9855
oracle-Thales（不可实现，参考）,249,direct,0.0000,0.0000,3.4046,195.0807,-144.9848,130.5217,0.300293,,137.0051,195.0510,1086.9611,39.0161
oracle-Thales（不可实现，参考）,250,localized,21.1837,21.1837,10.5901,606.8005,-594.8692,119.7389,-0.582905,-0.912868,167.6192,606.7081,1261.4959,121.3601
oracle-Thales（不可实现，参考）,251,localized,13.7409,13.7409,6.8649,393.3494,383.3722,88.0313,-0.264549,0.157550,11.9323,393.2895,1415.1105,78.6699
oracle-Thales（不可实现，参考）,252,localized,29.9932,29.9932,14.9654,857.4963,-705.6963,487.1269,-0.585115,0.798030,144.3835,857.3657,1243.6467,171.4993
oracle-Thales（不可实现，参考）,253,localized,19.2801,19.2801,9.6399,552.3533,473.3616,-284.6454,-0.222807,-0.997856,327.9803,552.2692,1345.9416,110.4707
oracle-Thales（不可实现，参考）,254,localized,41.2043,41.2043,20.5956,1180.1020,-1180.0685,-8.8931,-0.338519,-0.516613,179.4318,1179.9223,1277.8628,236.0204
oracle-Thales（不可实现，参考）,255,localized,11.5677,11.5677,10.9096,625.1046,375.8301,-499.5073,0.940096,0.559461,305.9579,625.0094,1094.3302,125.0209
oracle-Thales（不可实现，参考）,256,localized,31.6230,31.6230,18.9857,1087.8547,104.3076,-1082.8424,0.334834,-0.115125,274.5022,1087.6890,1349.0321,217.5709
oracle-Thales（不可实现，参考）,257,localized,19.2789,19.2789,12.2233,700.3808,-695.6768,81.0370,0.423693,0.495973,172.3558,700.2741,1115.8088,140.0762
oracle-Thales（不可实现，参考）,258,localized,8.1039,8.1039,7.7500,444.0650,437.6814,-75.0248,0.954714,-0.587109,349.2732,443.9973,1164.8304,88.8130
oracle-Thales（不可实现，参考）,259,localized,37.3391,37.3391,18.6557,1068.9490,-740.2185,771.1865,-0.674589,-0.406480,132.8262,1068.7862,1121.3144,213.7898
oracle-Thales（不可实现，参考）,260,localized,19.0995,19.0995,15.2350,872.9461,866.8820,-102.7151,0.746550,-0.114970,352.2426,872.8131,1443.7037,174.5892
oracle-Thales（不可实现，参考）,261,localized,22.6930,22.6930,20.9017,1197.6407,-1069.3846,539.2213,0.914624,0.332825,152.2412,1197.4582,1288.1629,239.5281
oracle-Thales（不可实现，参考）,262,localized,31.3427,31.3427,15.6431,896.3278,-144.4213,-884.6164,-0.453079,0.800554,259.7278,896.1913,1165.5505,179.2656
oracle-Thales（不可实现，参考）,263,localized,9.4575,9.4575,5.7034,326.7969,70.6802,319.0619,0.343081,0.734000,76.5093,326.7471,1455.2998,65.3594
oracle-Thales（不可实现，参考）,264,localized,39.1225,39.1225,19.5417,1119.7160,827.2572,-754.5923,-0.587947,-0.070014,316.6301,1119.5455,1240.4447,223.9432
oracle-Thales（不可实现，参考）,265,localized,41.1894,41.1894,20.5930,1179.9501,906.2859,-755.5978,-0.176518,-0.830039,319.1810,1179.7704,1362.5582,235.9900
oracle-Thales（不可实现，参考）,266,localized,38.8135,38.8135,19.4049,1111.8771,-990.7683,-504.6275,-0.197429,-0.817403,205.9911,1111.7078,1209.0219,222.3754
oracle-Thales（不可实现，参考）,267,localized,30.7774,30.7774,16.6671,955.0006,-252.4761,-921.0222,0.153588,-0.632722,253.6703,954.8551,1161.8204,191.0001
oracle-Thales（不可实现，参考）,268,localized,12.8677,12.8677,9.2172,528.1355,-486.9166,204.5466,0.604426,-0.992659,156.2134,528.0551,1192.7246,105.6271
oracle-Thales（不可实现，参考）,269,localized,30.3069,30.3069,15.1312,866.9965,-694.7525,-518.6539,-0.660315,0.225251,215.7425,866.8645,1021.7047,173.3993
oracle-Thales（不可实现，参考）,270,localized,27.9697,27.9697,13.9662,800.2437,-530.0214,-599.5560,-0.158604,0.861391,227.5226,800.1219,1033.6796,160.0487
oracle-Thales（不可实现，参考）,271,localized,32.7173,32.7173,23.0225,1319.1593,-1190.3871,-568.4715,0.579933,0.842003,204.5269,1318.9584,1359.8488,263.8319
oracle-Thales（不可实现，参考）,272,localized,41.0244,41.0244,20.9750,1201.8415,-1150.5520,-347.3515,0.044999,0.007602,195.7991,1201.6584,1405.7202,240.3683
oracle-Thales（不可实现，参考）,273,localized,25.7208,25.7208,17.6378,1010.6210,29.2151,1010.1986,0.542757,0.786490,87.3435,1010.4671,1193.7543,202.1242
oracle-Thales（不可实现，参考）,274,localized,28.6152,28.6152,16.3396,936.2371,-376.9302,-857.0085,0.249108,-0.284472,245.2591,936.0945,1488.3024,187.2474
oracle-Thales（不可实现，参考）,275,localized,26.3971,26.3971,17.2262,987.0365,-481.7021,-861.5127,0.468418,0.437039,239.7889,986.8862,1355.0765,197.4073
oracle-Thales（不可实现，参考）,276,localized,36.6978,36.6978,18.3138,1049.3572,1037.3290,158.4265,-0.640252,0.588718,7.6834,1049.1974,1443.2486,209.8714
oracle-Thales（不可实现，参考）,277,localized,28.7689,28.7689,25.1162,1439.1251,923.0888,-1104.0780,0.854978,0.422934,308.8981,1438.9059,1442.3702,287.8250
oracle-Thales（不可实现，参考）,278,localized,9.4194,9.4194,6.7605,387.3675,197.1221,-333.4613,0.607272,0.351533,299.5890,387.3085,1023.4705,77.4735
oracle-Thales（不可实现，参考）,279,localized,25.4206,25.4206,13.8528,793.7464,-266.3847,-747.7115,0.165042,-0.772366,249.3907,793.6255,1456.2697,158.7493
oracle-Thales（不可实现，参考）,280,localized,21.2491,21.2491,17.9506,1028.5438,201.1085,-1008.6911,0.816498,0.057953,280.2755,1028.3871,1034.7628,205.7088
oracle-Thales（不可实现，参考）,281,localized,47.4971,47.4971,23.7300,1359.7007,-865.6657,-1048.5270,-0.787740,-0.503796,229.4569,1359.4936,1442.9277,271.9401
oracle-Thales（不可实现，参考）,282,localized,17.2995,17.2995,9.6131,550.8192,-467.5930,-291.1332,0.200864,-0.269486,210.9073,550.7353,1178.2157,110.1638
oracle-Thales（不可实现，参考）,283,localized,41.6330,41.6330,21.1798,1213.5748,-1083.1559,547.2997,0.034699,-0.461451,152.1933,1213.3900,1468.2816,242.7150
oracle-Thales（不可实现，参考）,284,localized,41.3776,41.3776,20.6570,1183.6182,82.7510,-1180.7220,-0.237119,0.925222,273.0090,1183.4379,1434.9892,236.7236
oracle-Thales（不可实现，参考）,285,localized,11.8035,11.8035,5.8977,337.9287,-199.4778,272.7717,-0.215894,0.086213,125.1780,337.8772,1043.5702,67.5857
oracle-Thales（不可实现，参考）,286,localized,27.0922,27.0922,13.5155,774.4189,422.0729,-649.2913,-0.850639,0.502755,302.0260,774.3010,1402.5592,154.8838
oracle-Thales（不可实现，参考）,287,localized,7.2256,7.2256,5.4146,310.2492,98.8698,294.0737,0.666013,0.275743,70.4170,310.2019,1045.8939,62.0498
oracle-Thales（不可实现，参考）,288,direct,0.0000,0.0000,0.2252,12.9047,6.4045,11.2033,0.201561,,59.2450,12.9027,1034.4570,2.5809
oracle-Thales（不可实现，参考）,289,localized,30.2841,30.2841,16.0747,921.0574,-632.6242,669.4276,0.117611,0.635175,132.3809,920.9171,1230.9509,184.2115
oracle-Thales（不可实现，参考）,290,localized,32.7592,32.7592,16.3733,938.1678,924.2791,160.8322,-0.176379,-0.279214,8.8711,938.0249,1074.0932,187.6336
oracle-Thales（不可实现，参考）,291,localized,26.8048,26.8048,17.6697,1012.4529,-924.2774,413.2460,0.483177,-0.447979,154.9105,1012.2987,1342.2390,202.4906
oracle-Thales（不可实现，参考）,292,localized,38.5960,38.5960,22.9587,1315.5050,931.0457,929.3586,0.319018,-0.638074,43.9480,1315.3047,1367.9787,263.1010
oracle-Thales（不可实现，参考）,293,localized,14.2763,14.2763,7.1299,408.5367,-25.5490,407.7370,-0.315343,0.440514,92.5855,408.4744,1134.4164,81.7073
oracle-Thales（不可实现，参考）,294,localized,29.4289,29.4289,14.6953,842.0237,672.7362,-506.3892,-0.835971,-0.148069,322.0301,841.8955,1046.2082,168.4047
oracle-Thales（不可实现，参考）,295,localized,24.7332,24.7332,13.2694,760.3188,-738.3769,-181.3401,0.137231,0.353679,192.7983,760.2030,1139.9812,152.0638
oracle-Thales（不可实现，参考）,296,localized,20.5418,20.5418,20.3142,1163.9766,-1142.4471,222.8370,0.989331,-0.878328,167.9629,1163.7994,1434.7820,232.7953
oracle-Thales（不可实现，参考）,297,direct,0.0000,0.0000,3.5315,202.3494,132.4962,-152.9380,-0.063191,,309.9037,202.3186,1010.9216,40.4699
oracle-Thales（不可实现，参考）,298,localized,30.0000,30.0000,18.1553,1040.2774,1040.2187,11.0450,0.348071,-0.081822,359.6083,1040.1189,1042.1356,208.0555
oracle-Thales（不可实现，参考）,299,localized,28.7269,28.7269,14.3520,822.3511,799.5221,192.4209,-0.705958,-0.393239,12.5320,822.2259,1468.2022,164.4702
oracle-Thales（不可实现，参考）,300,localized,27.1055,27.1055,18.1255,1038.5702,1021.9777,184.9043,0.504832,-0.239640,9.2555,1038.4120,1045.2087,207.7140
oracle-Thales（不可实现，参考）,301,localized,21.3279,21.3279,10.6429,609.8221,-112.3365,-599.3859,-0.708953,0.528358,258.3848,609.7292,1277.9532,121.9644
oracle-Thales（不可实现，参考）,302,localized,41.7176,41.7176,20.8435,1194.3058,-1100.6494,463.6131,-0.047909,0.348501,156.1583,1194.1239,1362.4830,238.8612
oracle-Thales（不可实现，参考）,303,localized,17.3080,17.3080,8.6539,495.8556,-414.9668,271.4320,-0.146833,-0.986402,145.8111,495.7800,1240.8032,99.1711
oracle-Thales（不可实现，参考）,304,localized,36.5384,36.5384,18.2593,1046.2352,-812.0703,-659.6590,-0.233537,-0.124614,218.0876,1046.0758,1281.9972,209.2470
oracle-Thales（不可实现，参考）,305,localized,36.4001,36.4001,18.1826,1041.8367,40.3591,-1041.0546,-0.259167,0.328898,271.2201,1041.6780,1175.9953,208.3673
oracle-Thales（不可实现，参考）,306,localized,18.5024,18.5024,9.2280,528.7516,87.3785,-521.4818,-0.835365,0.687333,278.5120,528.6711,1459.3261,105.7503
oracle-Thales（不可实现，参考）,307,localized,22.8579,22.8579,11.4223,654.4809,-238.9259,609.3107,-0.659144,-0.535015,110.4114,654.3812,1097.7627,130.8962
oracle-Thales（不可实现，参考）,308,localized,23.2099,23.2099,11.5936,664.2981,-540.5465,-386.1364,-0.661738,-0.179498,214.5399,664.1969,1082.1700,132.8596
oracle-Thales（不可实现，参考）,309,localized,43.7882,43.7882,22.7109,1301.3060,-667.7189,1116.9372,0.072847,0.078304,119.8715,1301.1078,1407.5041,260.2612
oracle-Thales（不可实现，参考）,310,localized,29.4209,29.4209,14.6882,841.6132,692.4706,478.3276,-0.239307,0.899896,33.6350,841.4850,1196.1575,168.3226
oracle-Thales（不可实现，参考）,311,localized,50.8277,50.8277,25.3839,1454.4653,677.6280,1286.9692,-0.075110,0.833523,61.2318,1454.2438,1472.1637,290.8931
oracle-Thales（不可实现，参考）,312,localized,35.6635,35.6635,21.3538,1223.5434,994.8164,712.3194,0.330034,-0.563270,34.6038,1223.3571,1320.9584,244.7087
oracle-Thales（不可实现，参考）,313,localized,15.4553,15.4553,7.7226,442.4951,-135.8589,421.1227,-0.671078,-0.482257,106.8803,442.4278,1088.7239,88.4990
oracle-Thales（不可实现，参考）,314,localized,13.2948,13.2948,6.6459,380.8014,364.7954,109.2430,-0.320343,-0.653686,15.6711,380.7434,1155.9324,76.1603
oracle-Thales（不可实现，参考）,315,localized,29.7518,29.7518,17.1151,980.6714,-283.2741,-938.8675,0.263400,0.954479,252.2104,980.5220,1076.1405,196.1343
oracle-Thales（不可实现，参考）,316,localized,14.7005,14.7005,7.3369,420.3974,-333.0534,256.5334,-0.382879,0.918069,141.3948,420.3334,1158.1128,84.0795
oracle-Thales（不可实现，参考）,317,localized,7.6955,7.6955,6.5897,377.5809,-110.5548,-361.0332,0.832455,-0.419494,251.9745,377.5234,1128.6945,75.5162
oracle-Thales（不可实现，参考）,318,localized,22.8524,22.8524,11.4259,654.6901,-548.2586,357.8151,-0.023100,-0.929607,145.8700,654.5904,1265.9828,130.9380
oracle-Thales（不可实现，参考）,319,localized,21.9266,21.9266,10.9519,627.5274,-619.4675,100.2531,-0.700161,-0.174256,169.8071,627.4318,1006.0391,125.5055
oracle-Thales（不可实现，参考）,320,localized,43.1160,43.1160,21.5339,1233.8640,262.0231,-1205.7215,-0.173692,0.616585,281.2607,1233.6761,1244.8827,246.7728
oracle-Thales（不可实现，参考）,321,localized,29.5403,29.5403,14.7309,844.0617,127.8338,834.3252,-0.844575,0.766117,80.2890,843.9331,1215.3813,168.8123
oracle-Thales（不可实现，参考）,322,localized,27.0727,27.0727,20.6737,1184.5752,-941.1363,-719.3614,0.690717,-0.103905,216.3926,1184.3948,1331.0983,236.9150
oracle-Thales（不可实现，参考）,323,localized,19.3815,19.3815,9.6737,554.2888,133.6433,537.9364,-0.483707,0.719597,75.0481,554.2044,1070.5089,110.8578
oracle-Thales（不可实现，参考）,324,localized,14.2598,14.2598,11.5569,662.1955,-338.6967,569.0232,0.766303,-0.306588,119.7622,662.0946,1056.8312,132.4391
oracle-Thales（不可实现，参考）,325,localized,42.0888,42.0888,20.9985,1203.1892,1032.0102,-618.5622,-0.993410,0.236880,328.0625,1203.0060,1240.4390,240.6378
oracle-Thales（不可实现，参考）,326,localized,22.3769,22.3769,13.2988,762.0017,362.1925,670.4201,0.318773,0.784647,60.6200,761.8856,1384.9907,152.4003
oracle-Thales（不可实现，参考）,327,localized,38.7229,38.7229,19.3476,1108.5946,-1106.2010,72.8100,-0.827900,-0.605441,175.2342,1108.4257,1248.6030,221.7189
oracle-Thales（不可实现，参考）,328,localized,40.2683,40.2683,20.1137,1152.4901,-702.3401,913.7570,-0.982029,-0.544820,126.5469,1152.3146,1378.9059,230.4980
oracle-Thales（不可实现，参考）,329,localized,20.9986,20.9986,10.4972,601.4745,-509.8498,-319.0999,-0.100305,-0.542343,211.0412,601.3829,1331.4834,120.2949
oracle-Thales（不可实现，参考）,330,localized,28.6788,28.6788,14.3334,821.2854,67.3415,-818.5199,-0.192159,-0.247116,273.7033,821.1603,1216.8985,164.2571
oracle-Thales（不可实现，参考）,331,direct,0.0000,0.0000,3.4173,195.8066,101.9351,167.1809,0.669131,,57.6281,195.7768,1122.7533,39.1613
oracle-Thales（不可实现，参考）,332,localized,12.1549,12.1549,11.2655,645.4998,596.4578,246.7957,0.921213,-0.101783,21.4782,645.4015,1442.9767,129.1000
oracle-Thales（不可实现，参考）,333,localized,34.8184,34.8184,17.3683,995.1797,891.3749,442.5308,-0.815690,0.617149,25.4025,995.0282,1097.7633,199.0359
oracle-Thales（不可实现，参考）,334,direct,0.0000,0.0000,1.7592,100.8023,-98.8547,-19.7192,0.866823,,190.2811,100.7869,1223.1268,20.1605
oracle-Thales（不可实现，参考）,335,localized,41.0165,41.0165,20.4781,1173.3685,1049.5416,524.6486,-0.506759,0.446195,25.5597,1173.1898,1436.4824,234.6737
oracle-Thales（不可实现，参考）,336,localized,43.6732,43.6732,21.8091,1249.6354,1191.1476,-377.8309,-0.380352,0.448153,341.4010,1249.4451,1492.6312,249.9271
oracle-Thales（不可实现，参考）,337,localized,20.8328,20.8328,20.4805,1173.5077,-1165.2282,-139.1531,0.983211,0.619297,185.8101,1173.3289,1480.1179,234.7015
oracle-Thales（不可实现，参考）,338,localized,24.5214,24.5214,13.6456,781.8734,603.6190,496.9609,0.204333,0.589491,38.4647,781.7543,1328.6534,156.3747
oracle-Thales（不可实现，参考）,339,localized,30.9538,30.9538,15.4601,885.8462,714.2939,-523.9349,-0.229227,0.498796,322.7399,885.7113,1228.0446,177.1692
oracle-Thales（不可实现，参考）,340,localized,7.6576,7.6576,7.4248,425.4294,-399.4254,-146.4565,0.968978,-0.510814,199.1364,425.3646,1114.9673,85.0859
oracle-Thales（不可实现，参考）,341,direct,0.0000,0.0000,4.6502,266.4515,6.5581,-266.3708,-0.418914,,270.4103,266.4109,1362.1303,53.2903
oracle-Thales（不可实现，参考）,342,localized,15.3002,15.3002,8.3663,479.3792,307.3256,-367.9068,0.171415,-0.605236,308.8732,479.3062,1235.5120,95.8758
oracle-Thales（不可实现，参考）,343,localized,26.9177,26.9177,16.6516,954.1147,379.3933,-875.4402,0.383758,-0.322962,292.4307,953.9694,1141.8077,190.8229
oracle-Thales（不可实现，参考）,344,localized,12.7536,12.7536,12.3812,709.4260,677.9002,209.1329,0.970170,-0.302762,16.1450,709.3180,1361.0767,141.8852
oracle-Thales（不可实现，参考）,345,localized,20.7200,20.7200,13.1151,751.4770,693.3948,-289.6918,0.420472,-0.950750,336.3254,751.3626,1168.8124,150.2954
oracle-Thales（不可实现，参考）,346,localized,21.2842,21.2842,16.5157,946.3295,-542.5064,-775.3879,0.711919,0.578730,234.0211,946.1854,1419.4409,189.2659
oracle-Thales（不可实现，参考）,347,localized,34.8039,34.8039,17.3911,996.4900,915.3477,-393.8665,-0.326147,-0.131710,335.7182,996.3382,1112.6052,199.2980
oracle-Thales（不可实现，参考）,348,localized,24.8942,24.8942,12.4298,712.2135,712.1348,10.5868,-0.664934,0.153350,359.8517,712.1050,1007.4009,142.4427
oracle-Thales（不可实现，参考）,349,localized,18.2955,18.2955,13.2158,757.2477,750.0736,-103.9889,0.615983,-0.778798,351.1069,757.1324,1352.1921,151.4495
oracle-Thales（不可实现，参考）,350,localized,18.2009,18.2009,9.0908,520.8881,513.7425,85.9829,-0.963466,-0.482052,8.5013,520.8088,1163.7686,104.1776
oracle-Thales（不可实现，参考）,351,localized,6.6776,6.6776,6.1740,353.7616,-352.7696,-26.4744,0.918608,-0.026386,183.2919,353.7077,1031.2814,70.7523
oracle-Thales（不可实现，参考）,352,localized,32.9063,32.9063,16.4415,942.0754,898.8319,-282.1475,-0.087804,0.264490,341.5727,941.9319,1207.7700,188.4151
oracle-Thales（不可实现，参考）,353,localized,12.5823,12.5823,11.1111,636.6523,587.2218,-245.9609,0.868132,0.665137,336.2734,636.5554,1353.0612,127.3305
oracle-Thales（不可实现，参考）,354,localized,29.9892,29.9892,16.8317,964.4322,957.6838,-113.8912,0.219563,0.550960,352.2180,964.2853,1197.3097,192.8864
oracle-Thales（不可实现，参考）,355,localized,20.5936,20.5936,15.1750,869.5058,-440.6140,749.5996,0.643806,0.779100,119.4470,869.3733,1290.9858,173.9012
oracle-Thales（不可实现，参考）,356,localized,33.9333,33.9333,16.9623,971.9178,-690.4315,684.0531,-0.812081,-0.997909,134.2659,971.7698,1412.7069,194.3836
oracle-Thales（不可实现，参考）,357,localized,17.4850,17.4850,16.2679,932.1274,370.9418,-855.1396,0.925628,-0.740511,292.4502,931.9854,1126.8285,186.4255
oracle-Thales（不可实现，参考）,358,localized,21.3497,21.3497,20.0437,1148.4771,-537.1967,1015.0957,0.935045,0.074793,116.8881,1148.3022,1393.1054,229.6954
oracle-Thales（不可实现，参考）,359,localized,11.8028,11.8028,5.8846,337.1803,-334.7395,40.4971,-0.996314,0.639063,172.1018,337.1289,1430.2349,67.4361
oracle-Thales（不可实现，参考）,360,localized,20.9099,20.9099,10.4435,598.4007,409.0420,436.7701,-0.605060,-0.009380,45.8776,598.3096,1282.0176,119.6801
oracle-Thales（不可实现，参考）,361,localized,21.9264,21.9264,10.9450,627.1318,-477.0823,407.0464,-0.927094,-0.008856,138.5292,627.0363,1227.4418,125.4264
oracle-Thales（不可实现，参考）,362,localized,21.4715,21.4715,14.9324,855.6075,-428.1221,740.7940,0.562263,-0.362016,119.0246,855.4772,1250.2610,171.1215
oracle-Thales（不可实现，参考）,363,localized,31.5321,31.5321,15.7499,902.4500,-750.2365,501.5587,-0.364902,0.246958,145.2359,902.3125,1146.0246,180.4900
oracle-Thales（不可实现，参考）,364,localized,30.9816,30.9816,21.6773,1242.0807,252.1010,-1216.2276,0.570936,-0.457813,280.7105,1241.8915,1283.8569,248.4161
oracle-Thales（不可实现，参考）,365,localized,43.5739,43.5739,22.8889,1311.5017,1269.7486,-328.2914,0.097148,0.059409,344.5037,1311.3019,1368.5340,262.3003
oracle-Thales（不可实现，参考）,366,localized,27.5895,27.5895,13.7623,788.5601,-753.5778,-232.2663,-0.775864,0.681708,196.1302,788.4400,1427.2050,157.7120
oracle-Thales（不可实现，参考）,367,localized,14.3574,14.3574,10.9194,625.6661,571.3784,254.9212,0.685440,-0.616361,23.0441,625.5708,1004.9471,125.1332
oracle-Thales（不可实现，参考）,368,localized,13.8944,13.8944,6.9320,397.1960,-276.3723,-285.2770,-0.611494,0.830690,224.9083,397.1355,1194.2632,79.4392
oracle-Thales（不可实现，参考）,369,localized,15.9446,15.9446,12.4340,712.4533,-683.2878,201.7608,0.718013,-0.700531,162.5492,712.3448,1171.4046,142.4907
oracle-Thales（不可实现，参考）,370,localized,27.0790,27.0790,13.5294,775.2194,722.0698,282.0998,-0.219432,0.138104,20.3397,775.1013,1438.9984,155.0439
oracle-Thales（不可实现，参考）,371,localized,9.5687,9.5687,8.7519,501.4702,-275.8997,-418.7501,0.906944,0.218798,235.6205,501.3938,1197.0032,100.2940
oracle-Thales（不可实现，参考）,372,localized,37.0889,37.0889,18.4914,1059.5343,-235.2835,1033.0801,-0.788179,0.981806,101.8302,1059.3729,1192.8839,211.9069
oracle-Thales（不可实现，参考）,373,localized,8.5932,8.5932,7.1791,411.3552,99.5741,-399.1216,0.803763,0.843811,283.0084,411.2925,1142.9993,82.2710
oracle-Thales（不可实现，参考）,374,localized,18.2044,18.2044,12.8442,735.9565,-704.3237,213.4480,0.583031,-0.017305,162.1404,735.8444,1017.2632,147.1913
oracle-Thales（不可实现，参考）,375,localized,29.1731,29.1731,14.7766,846.6807,605.6727,-591.6322,0.025906,-0.721174,314.6719,846.5517,1035.8794,169.3361
oracle-Thales（不可实现，参考）,376,localized,24.9134,24.9134,12.4536,713.5767,-638.6444,318.3159,-0.321516,-0.613626,152.5072,713.4680,1156.0423,142.7153
oracle-Thales（不可实现，参考）,377,localized,24.0620,24.0620,23.3133,1335.8201,1069.3056,-800.6254,0.968090,-0.179093,322.1766,1335.6166,1374.6868,267.1640
oracle-Thales（不可实现，参考）,378,localized,39.3071,39.3071,19.6110,1123.6851,-376.7446,-1058.6462,-0.538822,0.932451,249.4107,1123.5140,1221.6919,224.7370
oracle-Thales（不可实现，参考）,379,localized,35.1494,35.1494,17.5658,1006.4948,-567.5385,831.2231,-0.034149,0.047883,123.3243,1006.3415,1047.7296,201.2990
oracle-Thales（不可实现，参考）,380,localized,42.6674,42.6674,21.3198,1221.5947,-1221.2234,-30.1179,-0.005346,0.294030,180.4127,1221.4087,1339.7509,244.3189
oracle-Thales（不可实现，参考）,381,localized,15.0092,15.0092,7.6112,436.1111,318.7076,-297.6883,0.029142,0.206292,315.9531,436.0446,1247.8313,87.2222
oracle-Thales（不可实现，参考）,382,localized,9.9220,9.9220,9.9161,568.1795,-286.0041,-490.9477,0.999956,0.896445,238.7768,568.0930,1310.8819,113.6359
oracle-Thales（不可实现，参考）,383,localized,10.5489,10.5489,7.4702,428.0341,325.1258,278.3996,0.588314,0.136619,39.5729,427.9689,1206.5368,85.6068
oracle-Thales（不可实现，参考）,384,localized,24.0810,24.0810,12.0263,689.0891,625.7645,288.5525,-0.922653,-0.345190,23.7554,688.9841,1444.7625,137.8178
oracle-Thales（不可实现，参考）,385,localized,29.4020,29.4020,14.6694,840.5356,-812.7182,214.4510,-0.932614,0.309020,164.2183,840.4076,1414.1074,168.1071
oracle-Thales（不可实现，参考）,386,localized,12.7383,12.7383,6.3657,364.7462,-272.0841,242.9199,0.000354,0.391423,137.2411,364.6907,1047.4844,72.9492
oracle-Thales（不可实现，参考）,387,localized,15.8742,15.8742,9.1295,523.1100,296.3256,-431.0860,0.262303,0.444750,303.5044,523.0303,1289.4094,104.6220
oracle-Thales（不可实现，参考）,388,localized,20.3605,20.3605,10.1679,582.6084,-581.4729,-36.3569,-0.332421,0.475534,182.5778,582.5197,1285.6345,116.5217
oracle-Thales（不可实现，参考）,389,localized,38.5577,38.5577,19.2602,1103.5854,976.6196,-513.9212,-0.548343,-0.048679,331.2456,1103.4173,1287.4949,220.7171
oracle-Thales（不可实现，参考）,390,localized,30.4474,30.4474,15.2104,871.5339,817.3903,302.3978,-0.241868,0.262003,19.3022,871.4012,1429.4537,174.3068
oracle-Thales（不可实现，参考）,391,localized,19.5982,19.5982,11.4861,658.1398,89.2790,-652.0561,0.294613,0.284805,276.7964,658.0395,1104.6938,131.6280
oracle-Thales（不可实现，参考）,392,localized,25.2938,25.2938,12.6412,724.3238,136.7269,-711.3021,-0.167012,-0.174806,279.8807,724.2135,1161.9707,144.8648
oracle-Thales（不可实现，参考）,393,localized,15.3332,15.3332,10.7072,613.5088,601.2017,122.2684,0.568188,-0.621371,10.4957,613.4154,1429.4907,122.7018
oracle-Thales（不可实现，参考）,394,localized,40.1951,40.1951,20.0711,1150.0492,861.5575,-761.7951,-0.395798,0.477528,317.5167,1149.8740,1279.3375,230.0098
oracle-Thales（不可实现，参考）,395,localized,20.7940,20.7940,15.1603,868.6626,-205.8372,-843.9228,0.628782,0.106820,255.2929,868.5303,1102.7234,173.7325
oracle-Thales（不可实现，参考）,396,localized,29.1254,29.1254,18.5939,1065.4066,404.9925,985.4300,0.433875,-0.291442,66.6583,1065.2443,1245.2505,213.0813
oracle-Thales（不可实现，参考）,397,localized,17.6665,17.6665,17.4241,998.3776,-981.5778,-182.3814,0.986304,-0.195556,189.5258,998.2256,1081.4860,199.6755
oracle-Thales（不可实现，参考）,398,direct,0.0000,0.0000,3.2968,188.9027,16.5991,-188.1720,0.193539,,274.0411,188.8740,1147.5268,37.7805
oracle-Thales（不可实现，参考）,399,localized,16.3406,16.3406,10.9136,625.3371,-604.4404,160.3068,0.503654,0.613586,164.1462,625.2418,1365.8758,125.0674
